"sampleID","x-coordinate","y-coordinate","Year","annuprec","annutemp","annusnowcount","annuNAO","Anthocharis cardamines","Aphantopus hyperantus","Aporia crataegi","Araschnia levana","Argynnis adippe","Argynnis aglaja","Argynnis niobe","Argynnis paphia","Boloria euphrosyne","Boloria selene","Brenthis ino","Callophrys rubi","Carterocephalus silvicola","Celastrina argiolus","Coenonympha glycerion","Coenonympha pamphilus","Colias palaeno","Erebia ligea","Euphydryas maturna","Gonepteryx rhamni","Issoria lathonia","Leptidea sinapis","Limenitis populi","Lycaena hippothoe","Lycaena phlaeas","Lycaena virgaureae","Melitaea athalia","Nymphalis antiopa","Nymphalis c-album","Nymphalis io","Nymphalis urticae","Ochlodes sylvanus","Papilio machaon","Pararge aegeria","Pararge maera","Pararge petropolitana","Parnassius mnemosyne","Pieris brassicae","Pieris daplidice","Pieris napi","Pieris rapae","Plebeius amandus","Plebeius argus","Plebeius artaxerxes","Plebeius eumedon","Plebeius icarus","Plebeius idas","Plebeius optilete","Plebeius semiargus","Pyrgus alveus","Pyrgus malvae","Satyrium pruni","Thecla betulae","Thymelicus lineola","Vanessa atalanta","Vanessa cardui"
"butterfly_dec_3_SB_SampleID_1",297912.000006538,6649707.00000839,1999,712.597732543945,6.18333329757055,116,0.390833333333333,0,1,0,0,1,1,1,0,1,1,1,1,0,0,0,0,0,1,0,1,0,1,0,0,1,1,0,1,1,1,0,0,0,1,1,0,0,1,0,1,1,0,1,0,0,0,0,0,0,0,0,0,0,1,1,0
"butterfly_dec_3_SB_SampleID_2",297912.000009653,6649707.00000752,2000,848.665480613709,7.04166673372189,69,0.206666666666667,0,1,0,0,1,1,0,0,1,0,1,1,0,1,0,0,0,0,0,1,0,1,0,1,1,1,1,1,1,1,1,1,0,1,1,0,0,1,0,1,0,0,1,0,0,0,0,0,0,0,0,0,0,1,1,0
"butterfly_dec_3_SB_SampleID_3",297912.000000079,6649707.00000261,2001,829.551565170288,5.83333335320154,131,-0.1825,0,1,0,0,1,1,1,0,1,1,1,1,0,1,0,0,0,1,0,1,0,0,0,0,0,1,0,1,1,1,1,1,0,1,1,0,0,0,0,1,1,0,1,0,0,0,0,0,0,0,0,0,0,1,0,0
"butterfly_dec_3_SB_SampleID_4",297912.000006897,6649707.00000521,2002,596.755928039551,5.9166667237878,140,0.0391666666666667,1,1,0,0,1,1,1,0,0,1,1,1,0,0,0,0,0,0,0,1,0,0,1,0,0,1,1,1,1,1,1,1,0,0,1,0,0,1,0,1,1,0,1,0,0,0,0,0,0,0,1,0,0,1,1,0
"butterfly_dec_3_SB_SampleID_5",297912.000002004,6649707.00000278,2003,586.089377403259,5.41666665486991,120,0.0975,0,1,0,0,1,1,0,0,1,1,1,1,0,1,0,0,0,0,0,1,0,0,0,0,0,1,0,1,1,1,1,0,0,0,0,0,0,0,0,1,1,0,1,0,0,0,0,0,0,0,1,0,0,1,1,1
"butterfly_dec_3_SB_SampleID_6",297912.000009089,6649707.00000738,2004,976.050576210022,5.90000008543333,137,0.2425,0,1,0,0,1,1,0,1,1,1,1,1,0,0,0,0,0,0,0,1,0,0,0,0,1,1,1,1,1,1,1,0,0,1,1,0,0,0,0,1,0,0,1,0,0,0,0,0,0,0,1,0,0,1,1,0
"butterfly_dec_3_SB_SampleID_7",297912.000006378,6649707.00000688,2005,803.191679000854,6.20833359534543,129,-0.2675,1,1,0,0,1,1,0,1,0,1,1,1,0,0,0,0,0,0,0,1,0,0,0,0,1,0,1,0,1,1,1,1,0,1,1,0,0,0,0,1,0,0,1,0,0,0,0,0,0,0,1,0,0,1,1,0
"butterfly_dec_3_SB_SampleID_8",297912.00000049,6649707.00000576,2006,636.53301858902,6.4916665951411,124,-0.2075,1,1,0,0,1,1,0,0,1,1,1,1,0,0,0,0,0,0,0,1,0,1,0,0,1,1,0,1,1,1,1,1,1,0,1,0,0,1,0,1,0,0,1,0,0,0,0,0,0,0,0,0,0,1,1,0
"butterfly_dec_3_SB_SampleID_9",297912.00000522,6649707.00000955,2007,889.308499336243,6.68333329757055,80,0.173333333333333,1,1,0,1,1,1,1,1,1,1,1,1,0,1,0,0,0,0,0,1,0,0,0,0,1,1,0,1,1,1,1,0,0,0,1,0,0,1,0,1,0,0,1,0,0,0,0,0,0,0,1,0,0,1,1,1
"butterfly_dec_3_SB_SampleID_10",249431.000000527,6666699.00000768,2006,760.363027572632,6.75833336512248,115,-0.2075,1,1,1,0,1,1,0,0,0,1,1,1,0,1,1,0,0,0,0,1,1,1,0,1,0,1,1,1,1,1,1,1,0,0,1,0,0,1,0,1,1,1,1,0,0,0,0,1,1,0,1,0,0,1,1,1
"butterfly_dec_3_SB_SampleID_11",249431.000000503,6666699.00000364,2007,1038.62407779694,6.96666663885117,80,0.173333333333333,1,1,0,0,1,1,0,0,1,1,0,1,0,0,1,1,0,1,0,1,1,1,0,1,0,1,1,1,1,1,1,1,0,0,1,0,0,1,0,1,0,1,1,0,0,0,1,1,1,0,0,0,0,1,1,1
"butterfly_dec_3_SB_SampleID_12",370882.000006261,6674697.00000927,1999,709.599688529968,5.98333329955738,138,0.390833333333333,1,1,0,0,0,0,0,0,0,0,1,0,0,0,1,1,0,1,0,1,0,0,0,0,1,1,0,0,0,1,1,1,0,0,0,0,0,0,0,1,1,1,0,0,0,0,0,0,1,0,1,0,0,1,1,0
"butterfly_dec_3_SB_SampleID_13",370882.000006957,6674697.00000614,2000,902.455298423767,6.8666667242845,99,0.206666666666667,1,1,0,0,0,1,0,0,0,0,1,1,0,0,1,0,0,0,0,1,0,0,0,1,0,1,0,1,1,1,1,1,0,0,0,0,0,1,1,1,1,1,0,0,0,1,0,0,1,0,0,0,0,1,1,1
"butterfly_dec_3_SB_SampleID_14",370882.000006088,6674697.00000454,2001,844.69406414032,5.57499993095795,140,-0.1825,0,1,1,0,0,0,0,0,0,0,1,0,0,0,1,0,0,1,0,1,0,0,0,0,1,1,0,0,0,1,1,1,0,0,0,0,0,1,0,1,1,1,0,0,0,0,0,1,1,0,0,0,0,1,0,0
"butterfly_dec_3_SB_SampleID_15",370882.000004649,6674697.00000393,2002,553.566168785095,5.69166669249535,172,0.0391666666666667,0,1,0,0,1,0,0,0,0,0,1,0,0,0,1,0,0,0,0,1,0,0,0,0,1,1,0,0,1,1,1,1,0,0,0,0,0,0,0,1,1,1,0,1,0,1,0,0,1,0,0,0,0,1,1,1
"butterfly_dec_3_SB_SampleID_16",370882.00000747,6674697.00000763,2003,633.073271751404,5.28333334128061,127,0.0975,0,1,0,0,1,0,0,0,0,1,1,0,0,1,1,0,1,1,0,1,0,1,0,0,1,1,0,1,1,1,1,1,0,0,0,0,0,0,0,1,1,1,0,0,0,1,1,0,1,0,0,0,0,1,1,1
"butterfly_dec_3_SB_SampleID_17",370882.000003499,6674697.00000825,2004,1126.71874332428,5.69166666517656,140,0.2425,0,1,0,0,1,0,0,0,0,0,1,1,0,0,1,0,0,0,0,1,0,0,0,0,1,1,0,1,1,1,1,1,0,0,0,0,0,1,0,1,1,1,0,1,0,1,0,0,1,0,0,0,0,1,0,0
"butterfly_dec_3_SB_SampleID_18",370882.000006608,6674697.00000319,2005,849.569642066955,6.05833342671395,138,-0.2675,1,1,0,1,1,0,0,0,0,0,1,0,0,0,1,0,0,1,0,1,0,0,0,0,1,1,0,0,1,1,1,1,0,0,0,0,0,1,0,1,1,1,0,1,0,0,0,0,0,0,0,0,0,1,0,1
"butterfly_dec_3_SB_SampleID_19",370882.000004437,6674697.00000524,2006,601.763356208801,6.26666667064031,130,-0.2075,0,1,0,0,0,1,0,0,0,1,1,0,0,0,1,0,0,0,0,1,0,0,0,1,1,1,0,0,0,1,1,1,0,0,0,0,0,1,0,1,1,1,0,1,0,0,1,0,1,0,0,0,0,1,1,1
"butterfly_dec_3_SB_SampleID_20",370882.000005299,6674697.00000891,2007,943.070094108581,6.4750000834465,79,0.173333333333333,1,1,0,0,0,1,0,0,0,0,1,0,0,0,1,0,0,1,0,1,0,0,0,1,1,0,0,0,1,1,1,1,0,0,0,0,0,1,0,1,1,1,0,0,0,1,1,0,1,0,0,0,0,1,1,1
"butterfly_dec_3_SB_SampleID_21",396372.000009811,6680395.00000647,1999,689.939453125,5.78333330154419,126,0.390833333333333,1,1,0,0,1,1,0,0,0,1,1,1,0,1,1,0,0,1,0,1,0,0,0,1,1,1,0,1,1,1,1,1,0,1,0,0,0,1,0,1,1,1,1,0,0,0,0,0,0,0,0,0,0,1,1,1
"butterfly_dec_3_SB_SampleID_22",396372.000009612,6680395.0000046,2000,853.290457725525,6.67500004669031,82,0.206666666666667,1,1,1,1,1,1,0,0,1,1,1,1,1,1,1,0,1,0,1,1,0,0,0,1,1,1,0,1,1,1,1,1,0,0,1,0,0,1,1,1,1,1,1,1,0,1,0,1,1,0,0,1,0,1,1,1
"butterfly_dec_3_SB_SampleID_23",396372.000007926,6680395.00000478,2001,877.579782485962,5.44166661798953,143,-0.1825,0,1,0,0,1,1,0,0,1,1,1,1,0,0,1,0,0,1,1,1,0,0,0,1,1,1,0,1,1,1,1,1,0,0,1,0,0,1,0,1,1,1,1,0,0,1,1,1,1,0,0,1,0,1,1,1
"butterfly_dec_3_SB_SampleID_24",396372.000006899,6680395.00000474,2002,567.546883583069,5.56666663909952,159,0.0391666666666667,1,1,1,0,1,1,0,0,0,1,1,1,0,1,1,0,1,0,1,1,0,0,0,1,1,1,1,1,1,1,1,1,0,0,0,0,0,1,0,1,1,1,0,0,0,1,1,0,1,0,0,1,0,1,1,1
"butterfly_dec_3_SB_SampleID_25",396372.000006285,6680395.00000835,2003,618.885020256042,5.10833329955737,125,0.0975,0,1,0,0,1,1,0,0,1,1,1,1,0,1,1,0,0,1,0,1,0,0,0,1,1,1,1,0,1,1,1,1,0,0,0,0,0,0,0,1,0,1,0,0,0,0,0,0,1,0,0,1,1,1,1,1
"butterfly_dec_3_SB_SampleID_26",396372.000002708,6680395.00000183,2004,1091.81685352326,5.46666650411983,137,0.2425,1,1,0,0,1,1,0,0,1,0,1,1,0,1,1,0,0,0,0,1,0,0,0,1,1,1,0,1,0,1,1,1,0,0,0,0,0,1,0,1,1,1,0,0,0,1,0,0,0,0,0,0,0,1,1,0
"butterfly_dec_3_SB_SampleID_27",396372.000003554,6680395.00000297,2005,835.483191490173,6.00833334028721,121,-0.2675,1,1,0,0,0,1,0,0,0,0,1,0,0,0,1,0,0,0,0,1,0,0,0,0,1,1,0,0,0,1,1,1,0,0,0,0,0,1,0,1,1,1,0,0,0,0,0,0,0,0,0,0,0,1,1,1
"butterfly_dec_3_SB_SampleID_28",396372.000007012,6680395.00000736,2006,578.304328918457,6.19166676203411,122,-0.2075,1,1,0,1,1,1,0,0,0,0,1,1,0,0,1,0,0,0,0,1,0,0,0,1,1,1,1,0,1,1,1,1,0,0,0,0,0,1,0,1,1,1,0,1,0,0,0,0,0,0,0,0,0,1,1,1
"butterfly_dec_3_SB_SampleID_29",396372.000005507,6680395.00000222,2007,850.172519683838,6.49166652560234,76,0.173333333333333,1,1,0,0,0,1,0,0,1,0,1,1,0,0,1,0,0,1,0,1,0,0,0,0,1,0,0,0,1,1,1,1,0,0,0,0,0,1,0,1,1,1,0,0,0,0,0,0,1,0,0,0,1,1,1,1
"butterfly_dec_3_SB_SampleID_30",266724.000004715,6684193.0000052,2006,742.373368263245,6.50833336512247,127,-0.2075,1,1,1,1,1,1,0,1,1,1,1,1,0,0,1,1,0,0,0,1,0,1,0,0,0,1,0,1,1,1,1,1,0,1,1,1,0,1,0,1,1,1,0,0,0,1,0,0,1,1,1,0,0,1,1,1
"butterfly_dec_3_SB_SampleID_31",266724.000006637,6684193.00000946,2007,1038.00663089752,6.58333330353101,79,0.173333333333333,1,1,1,0,0,1,0,0,1,1,1,1,0,1,1,1,0,0,0,1,0,1,0,0,1,1,0,0,1,1,1,1,0,1,1,1,0,1,0,1,0,1,0,0,0,1,0,0,1,0,1,0,0,1,1,1
"butterfly_dec_3_SB_SampleID_32",396872.000005492,6684193.00000811,2000,853.290457725525,6.67500004669031,82,0.206666666666667,1,1,1,0,1,1,0,0,1,1,1,1,1,1,1,0,0,0,1,1,0,1,0,1,1,1,1,1,1,1,1,1,0,0,1,0,0,1,1,1,1,1,0,1,0,1,0,0,1,0,1,0,0,1,1,1
"butterfly_dec_3_SB_SampleID_33",361886.000002746,6690191.00000721,1999,752.127870559692,5.65833327174187,140,0.390833333333333,1,1,0,0,1,1,0,0,1,1,1,1,1,1,1,0,0,1,1,1,0,1,0,1,1,1,1,1,1,1,1,1,1,1,1,1,0,0,0,1,1,1,1,1,0,1,0,1,1,0,1,0,0,1,1,0
"butterfly_dec_3_SB_SampleID_34",361886.000004966,6690191.0000093,2000,974.004597663879,6.41666674613952,111,0.206666666666667,1,1,1,0,1,1,0,0,1,1,1,1,1,0,1,0,1,1,1,1,0,1,0,1,1,1,1,1,1,1,1,1,0,1,1,1,0,1,0,1,0,1,1,1,0,1,0,1,1,0,1,0,0,1,1,1
"butterfly_dec_3_SB_SampleID_35",361886.000003012,6690191.0000081,2002,680.103155136108,5.35833334922791,176,0.0391666666666667,1,1,0,0,1,1,0,0,1,1,1,1,1,0,1,0,1,1,1,1,0,1,0,1,1,1,1,1,1,1,1,1,1,1,1,1,0,0,0,1,1,1,1,1,1,1,1,1,1,0,0,0,0,1,1,1
"butterfly_dec_3_SB_SampleID_36",361886.000006356,6690191.00000844,2003,595.817928314209,4.95833337306976,121,0.0975,1,1,0,1,1,1,0,0,1,1,1,0,1,1,1,0,1,1,0,1,0,1,0,1,0,1,1,1,1,1,1,1,1,1,1,1,0,0,0,1,0,1,1,1,1,0,1,1,1,0,0,1,0,1,1,1
"butterfly_dec_3_SB_SampleID_37",361886.000005183,6690191.00000285,2004,1145.9510717392,5.19999989618858,140,0.2425,1,1,0,0,1,1,0,0,1,1,1,1,1,1,1,0,1,1,1,1,0,1,0,1,0,1,1,1,1,1,1,1,0,0,1,1,0,0,0,1,0,1,0,1,0,0,1,1,1,0,0,0,0,1,0,0
"butterfly_dec_3_SB_SampleID_38",361886.000006745,6690191.00000871,2005,860.447901725769,5.54166661699612,141,-0.2675,0,1,1,0,1,1,0,0,0,1,1,1,0,1,1,0,0,1,1,1,0,1,0,1,1,1,1,1,1,1,1,1,0,0,1,0,0,0,0,1,0,1,1,1,0,1,1,0,1,0,1,0,0,1,0,0
"butterfly_dec_3_SB_SampleID_39",361886.00000422,6690191.00000252,2006,632.695762634277,5.92500003178916,138,-0.2075,1,1,1,0,1,1,0,0,1,1,1,1,1,0,1,0,1,1,1,1,0,1,0,1,1,1,1,1,1,1,1,1,0,1,1,1,0,0,0,1,0,1,1,1,1,1,1,0,1,0,1,1,0,1,1,1
"butterfly_dec_3_SB_SampleID_40",361886.000007149,6690191.00000262,2007,927.037872314453,6.04999993617336,85,0.173333333333333,1,1,0,1,1,1,0,1,1,1,1,1,1,1,1,0,0,1,0,1,0,1,1,1,1,1,1,1,1,1,1,1,0,0,1,1,0,1,0,1,1,1,1,1,0,1,1,1,1,0,1,1,0,1,1,0
"butterfly_dec_3_SB_SampleID_41",402370.000005274,6690691.00000829,1999,715.345003128052,5.60833332935969,134,0.390833333333333,1,1,1,0,0,0,0,0,1,0,1,1,0,1,1,0,0,1,0,1,0,1,0,1,1,1,0,1,1,1,1,1,0,1,1,0,0,1,0,1,1,1,0,1,1,1,1,0,1,0,0,0,0,1,1,0
"butterfly_dec_3_SB_SampleID_42",402370.000009324,6690691.00000293,2000,861.316582679749,6.47499998410542,85,0.206666666666667,1,1,0,1,0,0,0,0,0,0,1,1,1,0,1,0,0,0,0,1,0,1,0,0,0,1,0,1,1,1,1,1,0,0,1,0,0,1,0,1,1,1,0,1,0,0,0,0,1,0,0,0,0,1,1,0
"butterfly_dec_3_SB_SampleID_43",402370.000000495,6690691.00000316,2001,895.35139465332,5.20000013460715,144,-0.1825,1,1,0,0,0,0,0,0,1,1,1,1,1,0,1,0,0,0,0,0,0,1,0,0,0,0,0,0,1,1,1,1,0,1,1,0,0,0,0,1,1,1,1,0,0,1,0,0,1,0,0,1,0,1,1,0
"butterfly_dec_3_SB_SampleID_44",402370.000008157,6690691.00000661,2002,634.729585647583,5.34166653764744,168,0.0391666666666667,1,1,0,0,0,0,0,0,0,1,1,0,1,0,1,0,0,1,0,1,0,1,0,0,0,1,1,1,1,1,1,1,0,0,1,0,0,1,0,1,1,1,0,1,0,1,0,0,1,0,0,1,1,1,0,1
"butterfly_dec_3_SB_SampleID_45",402370.000003034,6690691.0000001,2003,616.557512283325,4.9916665951411,128,0.0975,1,1,0,1,0,0,0,0,0,0,1,0,0,1,1,0,0,1,0,1,0,0,0,0,0,1,1,1,1,1,1,1,0,0,0,0,0,0,0,1,0,1,0,0,1,1,0,0,1,0,0,0,1,1,1,1
"butterfly_dec_3_SB_SampleID_46",402370.000001347,6690691.00000412,2004,1158.06836271286,5.22500000397363,138,0.2425,1,1,0,0,0,0,0,0,1,0,1,0,0,0,1,0,0,0,0,1,0,0,0,0,0,0,1,0,1,1,1,1,1,0,1,0,0,0,0,1,0,1,0,1,1,0,0,0,1,0,0,0,0,1,0,0
"butterfly_dec_3_SB_SampleID_47",402370.000002279,6690691.00000795,2005,881.529085159301,5.69999998807908,123,-0.2675,0,1,0,0,0,0,0,0,0,0,1,0,0,0,1,0,0,0,0,1,0,0,0,0,0,0,0,1,0,1,1,1,0,0,0,0,0,0,0,1,0,1,0,1,0,1,0,0,0,0,0,0,0,1,0,0
"butterfly_dec_3_SB_SampleID_48",402370.000007699,6690691.00000393,2006,596.302448272705,5.99999997019768,130,-0.2075,1,1,0,0,1,0,0,0,0,1,1,1,1,0,1,0,0,0,0,1,0,0,0,0,1,1,0,0,0,1,1,1,0,0,1,0,0,1,0,1,1,1,0,1,1,0,0,0,1,0,0,1,1,1,0,0
"butterfly_dec_3_SB_SampleID_49",402370.000009727,6690691.00000065,2007,852.914855957031,6.24999999379118,83,0.173333333333333,1,1,0,0,0,0,0,1,0,1,1,1,0,0,1,0,0,1,0,1,0,0,0,0,0,0,0,0,1,1,1,1,0,0,0,0,0,1,0,1,0,1,0,1,1,1,0,0,1,0,0,0,0,1,1,1
"butterfly_dec_3_SB_SampleID_50",429417.000000984,6691940.00000399,2003,716.308046340942,4.9083333214124,132,0.0975,0,1,0,1,0,1,0,0,1,1,1,1,1,1,1,0,0,1,0,1,0,1,0,0,0,1,1,1,1,1,1,1,0,1,1,0,1,0,0,1,1,1,0,1,0,0,1,0,1,0,1,1,1,1,1,1
"butterfly_dec_3_SB_SampleID_51",429417.000005311,6691940.0000032,2004,1163.96753883362,5.19166665275891,145,0.2425,0,1,0,1,1,1,0,0,1,1,1,1,1,1,1,1,0,0,0,1,0,1,0,0,0,1,1,1,1,1,1,1,1,1,1,0,1,0,0,1,0,1,0,0,0,0,1,1,1,0,1,1,1,1,1,0
"butterfly_dec_3_SB_SampleID_52",429417.000008851,6691940.00000317,2005,887.761399269105,5.7583332657814,136,-0.2675,1,1,0,1,1,0,0,0,1,1,1,1,1,1,1,0,1,1,0,1,0,1,0,0,1,1,1,1,1,1,1,1,1,1,1,0,1,1,0,1,0,1,1,1,0,0,1,1,1,0,0,1,1,1,1,1
"butterfly_dec_3_SB_SampleID_53",429417.000004596,6691940.00000318,2006,654.642074584961,5.85833336909612,131,-0.2075,0,1,0,1,1,1,0,0,1,1,1,1,1,1,1,0,0,0,0,1,0,1,0,0,1,1,1,1,1,1,1,1,1,0,1,0,1,1,0,1,1,1,1,1,0,1,1,1,1,0,1,1,0,1,1,1
"butterfly_dec_3_SB_SampleID_54",429417.000002321,6691940.00000726,2007,915.875564575196,6.24999982739488,85,0.173333333333333,0,1,0,1,1,1,0,0,1,1,1,1,1,1,1,0,0,1,0,1,0,1,0,0,1,1,1,1,1,1,1,1,1,0,1,0,1,1,0,1,1,1,1,0,0,1,1,1,1,0,1,1,1,1,1,1
"butterfly_dec_3_SB_SampleID_55",425446.000000446,6693450.00000749,2003,716.308046340942,4.9083333214124,132,0.0975,0,1,0,0,0,1,0,0,0,0,1,1,0,1,0,0,0,0,0,1,0,1,0,1,1,1,0,1,0,1,1,0,0,0,0,0,0,0,0,1,1,1,0,0,0,1,0,0,1,0,0,0,0,1,1,1
"butterfly_dec_3_SB_SampleID_56",425446.000008211,6693450.00000821,2004,1163.96753883362,5.19166665275891,145,0.2425,0,1,0,1,0,0,0,0,0,0,1,1,0,1,1,0,0,0,0,1,0,0,0,0,1,1,0,0,0,1,1,1,0,0,0,0,0,0,0,1,0,0,0,0,0,0,0,0,0,0,0,0,0,1,0,0
"butterfly_dec_3_SB_SampleID_57",403569.000003953,6693689.00000787,2007,852.914855957031,6.24999999379118,83,0.173333333333333,0,1,0,0,0,0,0,0,0,0,1,1,0,0,1,0,0,0,0,0,0,0,0,0,0,0,0,0,1,1,1,1,0,0,0,0,0,0,0,1,0,1,0,0,0,1,0,0,1,0,0,0,0,1,1,1
"butterfly_dec_3_SB_SampleID_58",321402.000001657,6694189.00000949,1999,797.242732524872,5.59166669845581,141,0.390833333333333,0,1,0,0,1,1,0,0,1,0,1,0,1,0,1,1,0,1,0,1,0,1,0,0,1,1,0,1,0,1,1,1,0,1,1,1,0,0,0,1,0,1,1,1,0,1,0,0,0,0,0,0,0,1,1,0
"butterfly_dec_3_SB_SampleID_59",321402.000000935,6694189.00000866,2000,1066.18386268616,6.39999997615814,114,0.206666666666667,1,1,0,0,1,1,0,0,1,1,1,1,1,1,1,1,0,1,0,1,0,1,0,0,1,1,0,1,1,1,1,1,1,1,1,1,0,1,0,1,0,1,1,1,0,1,0,1,1,0,0,1,0,1,1,1
"butterfly_dec_3_SB_SampleID_60",321402.000006206,6694189.00000487,2001,875.1944065094,5.1750000435859,154,-0.1825,1,1,0,0,1,1,0,0,1,1,1,1,1,1,1,1,0,1,0,1,0,1,0,0,0,1,0,1,1,1,1,1,0,1,1,1,0,0,0,1,1,1,0,0,0,1,0,1,1,0,0,0,0,1,1,0
"butterfly_dec_3_SB_SampleID_61",321402.000006432,6694189.00000152,2002,756.528388500213,5.30833336897195,177,0.0391666666666667,1,1,1,0,1,1,0,1,1,1,1,1,1,1,1,1,0,1,0,1,0,1,0,0,0,1,0,1,1,1,1,1,1,1,1,1,0,0,0,1,1,1,0,1,0,1,1,1,1,0,1,0,0,1,1,1
"butterfly_dec_3_SB_SampleID_62",321402.000003194,6694189.00000075,2003,599.158555269241,4.89166663090388,135,0.0975,1,1,0,0,1,1,0,0,1,1,1,1,1,1,1,0,0,1,0,1,0,1,0,0,1,1,0,1,1,1,1,1,0,1,1,1,0,0,0,1,0,0,0,1,0,1,0,0,1,0,1,0,0,1,1,1
"butterfly_dec_3_SB_SampleID_63",321402.000003279,6694189.0000039,2004,1080.27138614655,5.16666662444671,147,0.2425,1,1,0,0,1,1,0,0,1,1,1,1,1,1,1,0,1,1,0,1,0,1,0,0,0,1,0,1,1,1,1,1,0,0,1,1,0,0,0,1,0,1,0,0,0,1,1,1,1,0,1,0,0,1,1,0
"butterfly_dec_3_SB_SampleID_64",321402.000000414,6694189.0000018,2005,915.202097415925,5.45833345254263,135,-0.2675,1,1,0,0,1,1,0,0,0,1,1,1,0,1,1,0,0,1,0,1,0,1,0,0,1,1,0,1,1,1,1,1,0,1,1,1,0,0,0,1,0,1,1,0,0,1,0,1,1,0,0,0,0,1,1,1
"butterfly_dec_3_SB_SampleID_65",321402.000000363,6694189.00000353,2006,620.624791145325,5.94166658322017,131,-0.2075,1,1,0,1,1,1,0,1,1,1,1,1,1,1,1,1,0,1,0,1,0,1,0,0,1,1,1,1,1,1,1,1,0,0,1,1,0,1,0,1,0,1,1,1,0,0,1,1,1,0,0,1,0,1,1,1
"butterfly_dec_3_SB_SampleID_66",321402.000004262,6694189.00000798,2007,1016.66465187073,6.02500001775721,89,0.173333333333333,1,1,0,1,1,1,0,0,1,1,1,1,1,1,1,0,0,1,0,1,0,1,0,0,1,1,1,1,1,1,1,1,0,0,1,1,0,1,0,1,1,1,1,0,0,0,1,0,1,0,1,0,0,1,1,1
"butterfly_dec_3_SB_SampleID_67",232938.000004211,6697687.00000548,2006,762.913105010986,6.75000009934107,120,-0.2075,1,1,0,0,1,1,1,0,1,1,1,1,0,1,1,1,0,0,0,1,1,1,0,1,1,1,1,1,1,1,1,1,0,0,1,0,0,1,0,1,1,1,1,0,0,1,0,1,1,1,1,0,1,1,1,1
"butterfly_dec_3_SB_SampleID_68",232938.000006444,6697687.00000921,2007,910.977381706238,6.98333326975504,61,0.173333333333333,1,1,0,0,0,1,1,0,1,1,1,1,0,1,1,1,0,0,0,1,1,1,0,1,1,1,1,1,0,1,1,1,0,0,1,0,0,1,0,1,0,1,1,0,0,1,0,1,1,0,1,0,0,1,1,1
"butterfly_dec_3_SB_SampleID_69",289015.000009485,6700186.0000029,2000,862.139488220215,6.5416667163372,94,0.206666666666667,1,1,0,0,0,1,0,0,1,1,1,1,1,1,1,1,0,1,0,1,0,1,0,1,1,1,0,1,1,1,1,1,0,1,1,0,0,1,0,1,1,1,0,0,0,1,1,0,1,0,0,0,0,1,1,1
"butterfly_dec_3_SB_SampleID_70",289015.000003999,6700186.00000716,2001,787.680944442749,5.42500002371768,139,-0.1825,1,1,0,0,0,1,0,0,1,1,1,1,0,1,1,1,0,1,0,1,0,1,0,0,1,1,0,1,1,1,1,1,0,1,1,0,0,1,1,1,1,1,0,0,0,0,0,0,1,0,0,1,0,1,0,0
"butterfly_dec_3_SB_SampleID_71",289015.00000261,6700186.00000224,2002,604.648917794227,5.55833344099422,130,0.0391666666666667,1,1,0,0,0,1,0,0,1,1,1,1,0,1,1,1,0,1,0,1,0,1,0,1,1,1,1,1,1,1,1,1,0,1,1,0,0,1,0,1,0,1,1,0,1,1,1,1,1,0,0,1,0,1,1,1
"butterfly_dec_3_SB_SampleID_72",289015.000006694,6700186.00000713,2004,912.856756210328,5.39999994138877,129,0.2425,0,1,0,0,0,1,0,0,1,1,1,1,1,1,1,0,1,1,0,1,0,0,0,0,1,1,0,1,1,1,1,1,0,0,1,0,0,1,0,1,0,1,0,1,0,1,0,1,1,0,0,1,0,1,1,0
"butterfly_dec_3_SB_SampleID_73",289015.000003984,6700186.00000303,2005,734.135967254638,5.69166664282481,120,-0.2675,1,1,0,0,0,1,0,0,1,0,1,1,0,1,1,0,0,1,0,1,0,1,0,0,1,1,0,1,1,1,1,1,0,1,0,0,0,1,0,1,1,1,0,1,0,1,0,0,1,0,0,1,0,1,1,0
"butterfly_dec_3_SB_SampleID_74",289015.000001256,6700186.00000648,2006,638.509945869446,6.16666660706202,125,-0.2075,1,1,0,0,1,1,0,0,1,1,1,1,1,0,1,0,0,1,0,1,0,1,0,0,1,1,0,1,1,1,1,1,0,0,1,0,0,1,0,1,1,1,1,1,0,0,0,1,1,0,0,0,0,1,1,1
"butterfly_dec_3_SB_SampleID_75",289015.000004314,6700186.00000809,2007,949.062520980834,6.20000010356307,81,0.173333333333333,0,1,0,0,1,1,0,0,1,1,1,1,0,1,1,0,0,1,0,1,0,0,0,1,1,1,0,0,1,1,1,1,0,0,1,0,0,1,0,1,1,1,0,1,1,1,1,0,1,0,0,0,1,1,1,1
"butterfly_dec_3_SB_SampleID_76",369083.000007373,6702586.00000495,1999,703.43576335907,5.5499999721845,149,0.390833333333333,0,1,0,0,1,1,0,0,0,0,1,0,1,0,0,1,0,1,0,1,0,1,0,0,1,1,1,0,1,1,1,1,0,0,1,0,0,1,1,1,1,1,0,0,1,1,0,0,0,0,0,0,0,1,1,1
"butterfly_dec_3_SB_SampleID_77",288415.000004249,6703185.00000146,2006,638.509945869446,6.16666660706202,125,-0.2075,0,1,0,0,0,0,0,0,0,1,0,0,0,0,0,1,0,0,0,1,0,0,0,0,0,0,0,0,0,1,1,1,0,0,0,0,0,1,0,1,1,1,0,0,0,0,0,0,0,0,0,0,0,1,1,1
"butterfly_dec_3_SB_SampleID_78",288415.000007156,6703185.00000046,2007,949.062520980834,6.20000010356307,81,0.173333333333333,0,1,0,0,0,0,0,0,0,0,0,0,0,0,0,1,0,0,0,1,0,0,0,0,1,0,0,0,0,1,1,1,0,0,0,0,0,1,0,1,0,0,0,0,0,0,0,0,0,0,0,0,1,1,1,1
"butterfly_dec_3_SB_SampleID_79",371382.000007882,6703685.00000909,1999,703.43576335907,5.5499999721845,149,0.390833333333333,0,1,0,0,1,0,0,0,0,0,1,1,1,0,1,0,0,1,0,1,0,1,0,0,0,1,0,1,1,1,0,1,0,1,1,0,0,0,0,1,1,1,0,0,0,0,0,0,1,0,0,0,0,1,0,0
"butterfly_dec_3_SB_SampleID_80",371382.000001108,6703685.00000053,2000,894.849882125854,6.32499999304611,122,0.206666666666667,1,1,0,0,0,0,0,0,0,1,1,1,1,1,1,0,0,1,0,1,0,1,0,0,0,1,0,0,1,1,1,1,0,0,1,0,0,0,0,1,1,1,0,1,0,0,0,0,1,0,0,0,0,1,1,0
"butterfly_dec_3_SB_SampleID_81",371382.000003222,6703685.00000059,2001,892.329734802246,5.01666675011318,165,-0.1825,0,1,0,0,0,0,0,0,0,0,1,0,1,1,1,0,0,0,0,1,0,0,0,0,0,0,1,0,0,1,1,1,0,0,1,0,0,1,0,1,0,1,0,1,0,0,0,0,1,0,0,0,0,1,1,1
"butterfly_dec_3_SB_SampleID_82",359387.000009871,6711682.00000854,2007,882.304675102233,5.70833334326744,89,0.173333333333333,0,1,0,0,1,1,0,0,0,1,1,1,1,1,0,0,0,1,0,1,0,1,0,0,1,1,1,1,1,1,1,1,0,1,0,0,0,0,0,1,0,1,1,1,0,0,1,0,1,0,0,0,0,1,1,0
"butterfly_dec_3_SB_SampleID_83",243713.000009767,6712021.0000087,2001,864.544548034668,5.68333334724108,137,-0.1825,0,1,0,0,0,0,0,0,0,0,1,0,0,0,1,0,0,1,0,0,0,0,0,1,0,0,0,1,0,1,1,1,0,0,0,0,0,1,0,1,1,1,0,0,0,1,0,0,1,0,0,0,0,1,1,0
"butterfly_dec_3_SB_SampleID_84",243713.00000998,6712021.00000438,2002,709.316174983979,5.84166647990545,143,0.0391666666666667,1,1,0,0,1,1,1,0,1,0,1,1,0,0,1,0,0,0,0,1,1,0,0,1,1,1,0,1,1,1,1,1,0,0,0,0,0,1,0,1,1,1,0,0,0,1,0,0,1,0,0,0,1,1,1,1
"butterfly_dec_3_SB_SampleID_85",243713.000000351,6712021.00000741,2003,650.619812488556,5.39166673024496,120,0.0975,1,1,0,0,0,0,0,0,1,0,1,1,0,0,1,0,0,1,0,1,0,1,0,1,0,1,0,1,0,1,1,1,0,0,0,0,0,1,0,1,0,1,0,1,0,1,0,1,1,0,0,0,0,1,1,1
"butterfly_dec_3_SB_SampleID_86",243713.000003688,6712021.00000409,2004,1019.70034122467,5.70000009176632,126,0.2425,1,1,0,0,0,0,1,0,0,1,1,0,0,0,1,0,0,0,0,1,1,1,0,1,0,0,0,0,1,1,1,1,0,0,0,0,0,1,0,1,1,1,0,1,0,1,0,0,1,0,0,0,0,1,0,0
"butterfly_dec_3_SB_SampleID_87",243713.000007013,6712021.00000075,2005,910.188643932344,5.89999994635582,124,-0.2675,0,1,0,0,0,0,0,0,1,0,1,1,0,0,1,1,0,1,0,1,0,0,0,1,1,0,0,1,0,1,1,1,0,0,0,0,0,1,0,1,0,1,0,0,0,1,0,0,1,0,0,0,0,1,0,0
"butterfly_dec_3_SB_SampleID_88",243713.000005575,6712021.00000472,2006,819.427986145019,6.35833326975505,128,-0.2075,1,1,0,0,0,0,0,0,1,1,1,1,0,0,1,0,0,0,0,1,1,0,0,1,0,1,0,1,1,1,1,1,0,0,0,0,0,1,0,1,1,1,0,1,0,1,1,0,1,0,0,0,0,1,1,1
"butterfly_dec_3_SB_SampleID_89",243713.000008815,6712021.0000099,2007,910.614015579224,6.42500005662442,73,0.173333333333333,0,1,0,0,0,0,0,0,0,0,1,0,0,0,1,0,0,1,0,1,0,0,0,0,1,1,0,0,1,1,1,1,0,0,0,0,0,1,0,1,0,1,0,0,0,1,1,0,1,0,0,0,0,1,1,1
"butterfly_dec_3_SB_SampleID_90",400370.000002678,6713681.00000683,1999,689.41171169281,5.31666662295659,151,0.390833333333333,1,1,0,0,1,1,0,0,1,1,1,1,1,0,1,0,0,1,0,1,0,1,0,1,1,1,1,1,1,1,0,1,0,1,1,1,0,0,0,1,1,1,1,1,1,1,1,0,1,1,1,0,0,1,1,0
"butterfly_dec_3_SB_SampleID_91",400370.000007357,6713681.00000245,2000,813.847778320313,6.18333326280117,121,0.206666666666667,1,1,0,0,1,1,1,0,1,1,1,1,1,0,1,0,0,1,1,1,0,1,0,1,1,1,1,1,1,1,1,1,0,1,1,0,0,1,1,1,1,1,1,1,1,1,1,1,1,1,1,0,0,1,1,1
"butterfly_dec_3_SB_SampleID_92",400370.000003901,6713681.00000727,2001,872.934398651123,4.90000000099341,162,-0.1825,1,1,1,0,1,1,1,0,1,1,1,1,1,1,1,0,0,1,1,1,0,1,0,1,1,1,1,1,1,1,1,1,0,1,1,1,0,0,0,1,0,1,0,1,1,1,1,1,1,1,1,0,0,1,1,0
"butterfly_dec_3_SB_SampleID_93",400370.000002125,6713681.0000089,2002,700.544249057769,5.02500009536743,184,0.0391666666666667,1,1,0,0,1,1,0,0,1,1,1,1,1,0,1,0,0,1,1,1,0,1,0,1,1,1,1,0,1,1,1,1,0,1,1,0,0,0,0,1,1,1,0,1,1,1,1,1,1,1,1,0,0,1,1,1
"butterfly_dec_3_SB_SampleID_94",400370.000008444,6713681.00000297,2003,594.124909877777,4.75833330551783,136,0.0975,1,1,1,0,1,1,0,0,1,1,1,1,1,1,1,0,0,1,1,1,0,1,0,1,1,1,1,1,1,1,1,1,0,0,1,0,0,0,0,1,0,1,0,1,1,1,1,0,1,1,1,0,0,1,1,1
"butterfly_dec_3_SB_SampleID_95",400370.000007189,6713681.00000745,2004,1201.83480167389,4.90000011523565,151,0.2425,1,1,0,0,1,1,0,0,1,1,1,1,1,1,1,0,0,1,0,1,0,1,0,1,0,1,1,1,1,1,1,1,0,0,1,0,0,0,0,1,1,1,0,1,1,1,0,1,1,0,1,0,0,1,1,1
"butterfly_dec_3_SB_SampleID_96",400370.000006444,6713681.00000775,2005,834.699977874756,5.36666662494341,138,-0.2675,1,1,1,0,1,1,0,0,1,1,1,1,1,1,1,0,0,1,1,1,0,1,0,1,1,1,1,1,1,1,1,1,0,0,1,0,0,1,0,1,1,1,0,1,1,1,1,0,1,0,1,0,0,1,1,1
"butterfly_dec_3_SB_SampleID_97",400370.000003652,6713681.00000706,2006,575.806791305542,5.62499989072483,138,-0.2075,1,1,1,0,1,1,0,0,1,1,1,1,1,1,1,0,0,1,0,1,0,1,1,1,1,1,1,1,0,1,1,1,0,0,1,0,0,0,0,1,0,1,1,1,1,1,1,1,1,1,1,0,0,1,1,1
"butterfly_dec_3_SB_SampleID_98",400370.000002747,6713681.00000539,2007,769.10071849823,5.86666657527287,89,0.173333333333333,1,1,1,0,1,1,0,1,1,1,1,1,1,1,1,0,0,1,0,1,0,1,1,1,1,1,1,1,1,1,1,1,0,1,1,0,0,0,0,1,0,1,0,1,1,1,1,0,1,1,1,1,0,1,1,1
"butterfly_dec_3_SB_SampleID_99",263425.000007248,6715380.00000102,1999,734.247285842895,5.87500004967053,133,0.390833333333333,0,1,0,0,1,1,0,0,1,1,1,0,1,0,1,1,0,0,0,1,0,1,0,0,1,1,0,1,0,1,1,1,0,0,1,0,0,1,0,1,0,1,1,1,0,1,1,0,1,0,0,0,0,1,1,0
"butterfly_dec_3_SB_SampleID_100",263425.00000392,6715380.00000739,2000,959.229511260986,6.67499994238218,93,0.206666666666667,1,1,0,0,0,0,0,0,0,1,1,0,1,0,1,0,0,1,0,1,1,1,0,1,0,1,1,0,0,1,1,1,0,0,1,0,0,1,0,1,0,1,0,1,0,1,0,0,1,0,0,0,0,1,1,1
"butterfly_dec_3_SB_SampleID_101",263425.000006798,6715380.0000035,2001,833.949493408204,5.50000006581346,141,-0.1825,1,1,0,0,1,0,0,0,0,1,1,0,0,0,1,0,0,0,0,1,0,1,0,0,1,1,0,1,1,1,1,1,0,0,1,0,0,1,0,1,1,1,0,1,0,1,0,1,1,0,0,0,0,1,0,0
"butterfly_dec_3_SB_SampleID_102",263425.000002749,6715380.00000087,2002,663.351975440978,5.63333336388072,138,0.0391666666666667,1,1,0,0,0,1,0,0,0,1,1,1,1,0,1,0,0,0,0,1,1,1,0,1,0,1,0,1,1,1,1,1,0,0,1,0,0,1,0,1,1,1,0,1,0,1,0,0,1,0,0,1,1,1,0,1
"butterfly_dec_3_SB_SampleID_103",263425.000002323,6715380.00000858,2003,620.798061609268,5.2250000288089,116,0.0975,1,1,0,0,0,0,0,0,0,1,1,0,0,0,1,0,0,0,0,1,0,0,0,1,0,1,1,0,1,1,1,1,0,0,1,0,0,1,0,1,0,1,0,1,0,1,1,0,1,0,0,0,0,1,1,1
"butterfly_dec_3_SB_SampleID_104",263425.000001786,6715380.00000635,2004,966.27525806427,5.52500003948807,125,0.2425,1,1,0,0,0,1,0,0,0,1,1,0,0,0,1,0,0,0,0,1,1,0,0,1,0,0,0,0,1,1,1,1,0,0,1,0,0,0,0,1,0,1,0,1,0,1,0,1,1,0,0,0,0,1,1,0
"butterfly_dec_3_SB_SampleID_105",263425.000008608,6715380.00000639,2005,877.919371128082,5.78333339095117,125,-0.2675,1,1,0,0,0,0,0,0,0,0,1,1,0,0,1,0,0,1,0,1,1,1,0,1,0,1,0,1,1,1,1,1,0,0,1,0,0,1,0,1,0,1,0,1,0,1,0,0,1,0,0,0,0,1,1,1
"butterfly_dec_3_SB_SampleID_106",263425.000002868,6715380.00000866,2006,782.610786437988,6.21666653951009,128,-0.2075,1,1,0,0,0,0,0,0,0,1,1,1,1,0,1,0,0,0,0,1,1,0,0,1,1,1,0,0,1,1,1,1,0,0,1,0,0,1,0,1,1,1,0,1,0,1,1,0,1,0,0,0,0,1,1,1
"butterfly_dec_3_SB_SampleID_107",490334.000001733,6715681.00000124,2006,647.338018417359,5.55833346148332,142,-0.2075,1,1,1,0,1,1,0,1,1,1,1,1,1,1,1,0,0,0,1,1,0,1,0,1,1,1,1,1,1,1,1,1,1,1,1,1,0,1,0,1,1,1,1,1,1,1,1,1,1,1,0,0,0,1,1,1
"butterfly_dec_3_SB_SampleID_108",490334.000004683,6715681.00000393,2007,1000.69309997559,5.88333322107792,92,0.173333333333333,1,1,1,0,1,1,0,1,1,1,1,1,1,0,1,0,0,1,1,1,0,1,0,1,1,1,1,1,1,1,1,1,1,1,1,1,0,0,0,1,1,1,1,1,1,1,1,1,1,0,0,0,0,1,1,1
"butterfly_dec_3_SB_SampleID_109",451850.000008793,6721179.00000802,1999,686.93122959137,5.1333333949248,152,0.390833333333333,0,1,0,0,1,1,0,1,1,1,1,1,1,0,1,0,0,1,1,1,0,1,0,0,1,1,1,1,0,1,0,1,0,1,1,1,0,0,1,1,1,1,1,1,1,1,1,0,1,1,0,0,0,1,0,0
"butterfly_dec_3_SB_SampleID_110",451850.000004567,6721179.00000219,2000,835.560293197632,6.05833339318634,110,0.206666666666667,0,1,1,0,1,1,0,1,1,1,1,1,1,1,1,0,0,0,1,1,0,1,1,1,0,1,1,0,0,1,1,1,0,1,1,1,0,0,0,1,1,1,1,1,0,1,0,1,1,1,1,0,0,1,0,0
"butterfly_dec_3_SB_SampleID_111",451850.000002289,6721179.00000784,2001,844.143842697144,4.76666666070621,146,-0.1825,1,1,1,0,1,1,0,1,1,1,1,1,1,1,1,1,0,1,1,1,0,1,0,1,0,1,1,1,1,1,1,1,0,1,1,0,0,0,0,1,1,1,1,0,0,1,0,0,1,0,1,0,0,1,0,0
"butterfly_dec_3_SB_SampleID_112",451850.000008369,6721179.00000651,2002,692.83411693573,4.7666666706403,174,0.0391666666666667,1,1,1,0,1,1,0,1,1,1,1,1,1,1,1,0,0,0,1,1,0,1,1,1,0,1,1,0,1,1,1,1,0,1,1,0,0,0,0,1,1,1,1,1,1,1,0,1,1,0,1,0,0,1,0,1
"butterfly_dec_3_SB_SampleID_113",451850.000004281,6721179.00000426,2003,759.188325881958,4.58333320418994,132,0.0975,1,1,0,0,1,1,0,1,0,1,1,0,1,1,1,0,0,1,1,1,0,1,1,0,0,1,1,1,1,1,1,1,0,0,1,0,0,1,0,1,0,1,1,0,1,1,0,1,1,0,1,0,0,1,1,1
"butterfly_dec_3_SB_SampleID_114",451850.000005082,6721179.00000408,2004,1097.46592664719,4.70833341280619,146,0.2425,0,1,1,0,1,0,0,1,1,1,1,1,1,1,1,0,0,0,1,1,0,1,1,1,0,1,1,1,1,1,1,1,0,0,1,1,0,0,0,1,1,1,1,1,1,0,0,0,1,0,1,0,0,1,0,0
"butterfly_dec_3_SB_SampleID_115",451850.000005347,6721179.00000112,2005,813.845103263855,5.22499991456668,137,-0.2675,0,1,1,0,1,1,0,1,1,1,1,1,1,0,1,0,0,1,1,1,0,1,0,1,1,1,1,0,1,1,1,1,0,1,1,0,0,1,0,1,1,1,1,1,1,0,0,1,1,0,0,0,0,1,0,1
"butterfly_dec_3_SB_SampleID_116",451850.00000854,6721179.00000695,2006,664.087899208069,5.41666678587595,136,-0.2075,1,1,0,0,1,1,0,1,1,1,1,1,1,1,1,0,0,0,0,1,0,1,1,0,1,1,1,1,1,1,1,1,0,1,1,1,0,0,0,1,0,1,1,1,1,1,1,1,1,0,0,0,0,1,0,1
"butterfly_dec_3_SB_SampleID_117",451850.000009347,6721179.00000598,2007,971.900716781615,5.70833330849807,83,0.173333333333333,0,1,1,0,1,1,0,1,1,1,1,1,1,0,1,0,0,1,1,1,0,1,0,1,0,1,1,0,1,1,1,1,1,0,1,0,0,0,0,1,0,1,1,1,1,1,0,0,1,0,0,0,0,1,1,1
"butterfly_dec_3_SB_SampleID_118",301410.000008775,6721678.00000767,1999,718.181502342224,5.40833329161008,134,0.390833333333333,0,1,0,0,0,1,0,0,0,1,1,1,0,0,1,0,0,1,0,0,0,1,0,0,0,1,1,1,0,0,1,1,0,0,1,0,1,0,0,1,1,1,0,1,1,1,0,0,1,0,0,0,0,1,1,0
"butterfly_dec_3_SB_SampleID_119",301410.00000401,6721678.00000136,2000,970.357067108155,6.1916666328907,98,0.206666666666667,1,1,0,0,1,1,0,0,0,1,1,1,1,0,1,0,0,1,0,1,0,1,0,1,1,1,1,1,1,1,1,1,0,0,1,0,1,0,1,1,0,1,0,1,1,1,0,0,1,0,0,1,0,1,1,1
"butterfly_dec_3_SB_SampleID_120",301410.00000602,6721678.0000004,2001,751.539180755615,5.0083333030343,146,-0.1825,1,1,0,0,1,1,0,0,0,1,1,1,1,0,1,0,0,1,0,1,0,1,0,1,0,1,0,1,1,1,1,1,0,0,1,0,1,1,0,1,1,1,0,1,1,1,1,0,1,0,0,1,0,1,1,0
"butterfly_dec_3_SB_SampleID_121",301410.000001842,6721678.00000682,2002,596.228622198105,5.19999994710088,158,0.0391666666666667,1,1,0,0,1,1,0,0,0,1,1,1,1,0,1,0,0,1,0,1,0,1,0,1,0,1,1,1,1,1,1,1,0,0,1,0,1,1,0,1,1,1,0,1,1,1,1,0,1,0,0,1,1,1,1,1
"butterfly_dec_3_SB_SampleID_122",301410.000003022,6721678.00000587,2003,563.581768751145,4.79166671633721,124,0.0975,1,1,0,0,1,1,0,0,0,1,1,0,1,1,1,0,0,0,0,1,0,1,0,1,0,1,1,1,1,1,1,1,0,0,1,0,1,1,0,1,1,1,0,1,0,1,1,1,1,0,0,1,0,1,1,1
"butterfly_dec_3_SB_SampleID_123",301410.000008617,6721678.0000022,2004,987.006786346434,5.0416667262713,139,0.2425,1,1,0,0,1,1,0,0,0,1,1,1,0,0,1,0,0,1,0,1,0,1,0,1,0,1,1,1,1,1,1,1,0,0,0,0,1,1,0,1,0,1,0,1,1,1,0,0,1,0,0,0,0,1,1,1
"butterfly_dec_3_SB_SampleID_124",301410.000004098,6721678.00000525,2005,746.200514793396,5.36666674415271,133,-0.2675,1,1,0,0,1,1,0,0,0,1,1,0,1,0,1,0,0,1,0,1,0,1,0,1,1,1,1,0,1,1,1,1,0,0,1,0,1,1,0,1,0,1,0,1,0,1,0,0,1,0,0,1,0,1,1,1
"butterfly_dec_3_SB_SampleID_125",301410.000000003,6721678.00000694,2006,657.239709854125,5.80833329757054,131,-0.2075,1,1,0,0,1,1,0,0,0,1,1,1,1,0,1,0,0,1,0,1,0,1,0,1,1,1,1,0,1,1,1,1,0,0,1,0,1,1,0,1,0,1,0,1,1,1,1,0,1,0,0,0,0,1,0,1
"butterfly_dec_3_SB_SampleID_126",549310.000005292,6721679.00000936,2006,601.519714355469,5.10833332439265,144,-0.2075,1,1,1,0,1,1,1,1,1,1,1,1,1,1,1,1,0,0,1,1,0,1,0,0,1,1,0,0,1,1,1,1,1,0,1,1,0,1,0,1,0,1,1,1,0,0,1,0,0,1,1,0,0,1,0,1
"butterfly_dec_3_SB_SampleID_127",549310.000009989,6721679.00000653,2007,770.15983581543,5.48333325982092,105,0.173333333333333,0,1,1,0,1,1,0,1,1,0,1,0,0,0,1,0,0,1,0,1,0,0,0,0,0,1,0,0,1,0,1,1,0,0,0,0,0,1,0,1,0,1,1,0,0,1,1,0,1,0,1,0,0,1,1,1
"butterfly_dec_3_SB_SampleID_128",500330.000001494,6726777.00000596,2005,771.228346824646,5.39166675011318,139,-0.2675,1,1,1,0,1,1,0,1,1,1,1,1,1,1,1,0,0,1,1,1,0,1,1,1,1,1,1,1,1,1,1,1,1,1,1,0,0,1,0,1,1,1,1,1,1,1,1,1,1,1,1,0,0,1,0,1
"butterfly_dec_3_SB_SampleID_129",500330.00000042,6726777.00000489,2006,553.237591743469,5.40000010778507,143,-0.2075,1,1,1,0,1,1,0,1,1,1,1,1,1,1,1,0,0,0,1,1,0,1,1,1,1,1,1,1,1,1,1,1,1,1,1,1,0,1,0,1,1,1,1,1,1,1,1,0,1,0,1,0,0,1,0,1
"butterfly_dec_3_SB_SampleID_130",500330.000006975,6726777.00000398,2007,940.273580551149,5.65000006059806,93,0.173333333333333,1,1,1,0,1,1,0,1,1,1,1,1,1,1,1,0,0,1,1,1,0,1,1,1,1,1,1,1,1,1,1,1,1,1,1,0,0,1,0,1,1,1,1,1,1,1,1,0,1,0,1,0,0,1,0,1
"butterfly_dec_3_SB_SampleID_131",330398.000006401,6728175.00000103,1999,704.355048179626,5.20000002781549,148,0.390833333333333,0,1,0,0,1,0,0,0,1,1,0,1,1,0,0,0,0,1,0,1,0,1,0,0,1,1,1,1,1,0,1,1,0,0,0,0,0,0,0,1,0,0,1,0,0,0,1,0,1,0,0,0,0,1,1,0
"butterfly_dec_3_SB_SampleID_132",330398.000000964,6728175.00000147,2000,890.64376449585,6.03333333631356,125,0.206666666666667,0,0,0,0,0,1,0,0,1,1,0,1,0,1,0,0,0,1,0,1,0,1,0,0,1,1,1,1,0,0,0,1,0,0,1,0,0,0,0,1,0,0,0,0,0,0,0,0,0,0,0,0,0,0,0,0
"butterfly_dec_3_SB_SampleID_133",330398.000003095,6728175.00000812,2001,852.253465652466,4.79166659216085,156,-0.1825,0,1,0,0,1,0,0,0,0,1,0,0,1,0,0,0,0,1,0,1,0,1,0,0,0,1,0,0,0,0,1,0,1,0,0,0,0,0,0,1,0,0,0,0,0,0,1,0,0,0,0,0,0,0,0,0
"butterfly_dec_3_SB_SampleID_134",330398.000006189,6728175.00000784,2002,732.428400039672,5.00000002235175,190,0.0391666666666667,0,1,0,0,0,1,1,0,0,0,0,1,0,1,0,0,0,0,0,1,0,0,0,0,0,1,0,1,1,1,1,0,0,0,1,0,0,0,0,1,1,0,0,0,0,0,0,0,1,0,0,0,0,0,0,0
"butterfly_dec_3_SB_SampleID_135",330398.000004699,6728175.00000096,2003,665.969470977783,4.63333327571551,139,0.0975,0,1,0,0,0,1,0,0,1,1,0,0,1,0,0,0,0,1,0,1,0,0,0,0,0,1,0,0,0,0,1,0,0,0,0,0,0,0,0,1,0,1,1,0,0,1,1,0,0,0,0,0,0,0,0,1
"butterfly_dec_3_SB_SampleID_136",330398.000002899,6728175.00000308,2004,1166.42823314667,4.85000002384186,153,0.2425,0,1,0,0,0,0,0,0,0,1,0,1,0,0,0,0,0,0,0,1,0,0,0,0,0,1,0,0,0,1,0,0,0,0,0,0,0,0,0,0,0,0,1,0,0,0,0,0,0,0,0,0,0,1,0,0
"butterfly_dec_3_SB_SampleID_137",330398.000008378,6728175.00000197,2005,842.698719978332,5.23333340883256,151,-0.2675,0,1,0,0,0,1,0,0,0,1,1,0,0,0,0,0,1,0,0,1,0,1,0,0,1,0,0,0,1,1,1,0,0,0,0,0,0,0,0,1,0,0,1,0,0,0,0,0,1,0,0,0,0,0,1,0
"butterfly_dec_3_SB_SampleID_138",330398.000008025,6728175.00000702,2006,651.687906265259,5.64999994635581,148,-0.2075,0,1,0,0,0,1,0,0,0,1,1,1,0,0,0,0,0,0,0,1,0,0,0,0,0,0,0,0,0,0,0,1,0,0,1,0,0,0,0,1,0,1,1,0,0,0,1,1,0,0,0,0,0,1,0,0
"butterfly_dec_3_SB_SampleID_139",330398.000004497,6728175.00000692,2007,910.386039733887,5.674999880294,105,0.173333333333333,0,1,0,0,0,1,0,0,0,1,0,1,1,0,0,0,0,1,0,1,0,0,0,0,0,0,0,0,1,1,0,1,0,0,1,0,0,0,0,1,0,1,0,0,0,0,0,0,0,0,0,0,0,1,0,0
"butterfly_dec_3_SB_SampleID_140",214645.000008095,6736671.00000873,2006,761.65891456604,6.53333330154419,123,-0.2075,1,1,0,0,0,1,0,0,1,0,1,1,0,1,1,0,0,0,0,1,0,1,0,1,1,1,1,0,1,1,1,1,0,0,1,0,0,1,0,1,0,1,1,0,0,0,0,1,1,0,0,0,0,1,1,1
"butterfly_dec_3_SB_SampleID_141",214645.000006327,6736671.00000109,2007,852.7142868042,6.61666658520698,59,0.173333333333333,1,1,0,0,1,1,0,0,0,1,1,1,0,1,1,0,0,1,0,1,0,1,0,1,1,1,1,0,1,1,1,1,0,0,1,0,0,1,0,1,1,1,1,0,0,1,1,1,1,0,1,0,0,1,1,1
"butterfly_dec_3_SB_SampleID_142",318903.000002732,6745168.00000694,1999,680.384262084961,5.17500006159147,142,0.390833333333333,0,1,0,0,0,1,0,0,0,0,1,0,1,1,1,0,0,1,0,0,0,0,0,1,1,1,0,0,0,0,1,1,0,0,1,0,0,1,0,1,0,1,1,0,0,1,1,0,1,0,0,0,0,1,1,0
"butterfly_dec_3_SB_SampleID_143",318903.000005188,6745168.00000681,2000,879.360013961793,6.0500000466903,113,0.206666666666667,1,1,0,0,1,1,0,0,1,1,1,1,1,0,1,0,0,1,0,1,0,1,0,0,1,1,0,1,1,1,1,1,0,1,1,0,0,1,0,1,0,1,0,1,0,1,0,0,1,0,0,0,0,1,1,1
"butterfly_dec_3_SB_SampleID_144",318903.000002086,6745168.00000434,2001,793.570964813233,4.76666677494844,154,-0.1825,1,1,1,0,1,1,0,0,1,1,1,0,1,0,1,0,0,1,0,1,0,1,0,1,1,1,0,1,1,1,1,1,1,1,1,1,0,1,0,1,1,1,0,1,0,1,0,0,1,0,0,0,0,1,1,1
"butterfly_dec_3_SB_SampleID_145",405768.000005066,6745868.0000006,2005,717.537823200226,5.05833343664805,138,-0.2675,0,1,0,0,0,1,0,0,1,1,1,0,0,0,0,0,0,1,0,1,0,0,0,0,0,1,1,0,1,1,1,1,0,1,0,0,0,0,0,1,0,1,0,0,0,0,0,0,0,0,0,0,0,1,0,0
"butterfly_dec_3_SB_SampleID_146",405768.000008504,6745868.00000529,2006,612.938591957092,5.28333335369824,137,-0.2075,1,1,1,0,1,1,0,0,0,1,1,0,1,1,0,0,0,1,0,1,0,0,0,1,1,1,0,1,1,1,1,1,1,0,0,0,0,0,0,1,1,1,0,1,0,1,1,0,0,0,0,0,0,1,1,1
"butterfly_dec_3_SB_SampleID_147",405768.000000911,6745868.00000034,2007,800.822973251342,5.45833332339923,87,0.173333333333333,1,1,1,0,1,1,0,0,0,1,1,1,0,0,1,1,0,1,0,1,0,1,0,1,0,1,0,0,1,1,1,1,0,1,1,0,0,0,0,1,0,1,1,0,0,0,0,0,1,0,0,0,0,1,1,1
"butterfly_dec_3_SB_SampleID_148",206948.000001035,6760462.00000091,2005,782.281443595886,5.89999996622404,108,-0.2675,0,1,0,0,0,1,0,0,1,0,1,1,0,0,0,0,0,1,0,1,0,0,0,0,1,1,1,1,1,1,1,1,1,0,1,0,0,0,0,1,0,1,1,0,1,1,0,0,0,0,0,0,0,1,0,1
"butterfly_dec_3_SB_SampleID_149",206948.000009902,6760462.00000588,2006,716.176273345947,6.26666667064031,120,-0.2075,1,1,1,0,1,1,0,0,1,0,1,0,0,0,0,0,0,0,0,1,0,0,0,0,1,1,1,1,1,1,1,1,0,0,1,0,0,1,0,1,0,0,1,0,0,1,0,1,1,0,0,0,0,1,1,1
"butterfly_dec_3_SB_SampleID_150",206948.0000008,6760462.00000852,2007,882.66407775879,6.36666664481163,70,0.173333333333333,1,1,1,0,1,1,0,0,1,0,1,1,0,0,0,0,0,1,0,1,0,1,0,0,1,1,0,0,1,1,1,1,1,0,1,0,0,1,0,1,0,1,1,0,1,1,0,0,1,0,1,0,0,1,1,1
"butterfly_dec_3_SB_SampleID_151",365984.000001612,6761862.00000222,1999,668.458177566528,4.94166655341783,143,0.390833333333333,1,1,0,0,1,1,0,0,1,1,1,1,1,1,0,1,0,1,0,1,0,1,0,0,1,1,0,1,1,1,1,1,0,0,0,0,0,0,0,1,1,1,1,1,0,1,1,0,1,0,0,0,1,1,1,1
"butterfly_dec_3_SB_SampleID_152",365984.00000123,6761862.0000007,2000,871.610585212707,5.86666667709749,112,0.206666666666667,1,1,1,0,1,1,0,0,0,1,1,1,1,0,0,1,0,1,0,1,0,1,0,0,1,1,0,1,1,1,1,1,0,0,1,0,0,1,1,1,1,1,1,0,0,0,1,1,1,0,0,0,1,1,1,1
"butterfly_dec_3_SB_SampleID_153",365984.000008927,6761862.00000246,2001,903.34557914734,4.55833329757055,150,-0.1825,1,1,1,0,1,1,0,0,1,1,1,1,1,0,0,0,0,0,0,1,0,0,0,1,1,1,0,1,1,1,1,1,1,0,1,0,0,1,0,1,1,1,1,0,0,0,0,1,1,0,1,0,0,1,1,0
"butterfly_dec_3_SB_SampleID_154",365984.000006273,6761862.00000324,2002,698.705504655838,4.79166663686434,159,0.0391666666666667,1,1,1,0,1,1,0,0,1,1,1,1,1,0,0,1,0,0,0,1,0,1,0,0,0,0,0,1,1,1,1,1,0,0,1,0,0,1,0,1,1,1,1,0,0,1,0,1,1,0,0,1,1,1,1,1
"butterfly_dec_3_SB_SampleID_155",365984.000003939,6761862.00000752,2003,641.438457012176,4.5500000913938,129,0.0975,1,1,0,0,0,1,0,0,1,1,1,1,0,1,0,0,1,1,0,1,0,0,0,1,1,0,0,1,1,1,1,1,0,0,0,0,0,1,0,1,1,1,1,0,0,0,0,1,0,0,0,1,0,1,1,1
"butterfly_dec_3_SB_SampleID_156",365984.000007431,6761862.00000932,2004,1044.10036230087,4.71666672329107,137,0.2425,1,1,0,0,0,0,0,0,1,1,1,1,0,0,0,1,0,1,0,1,0,0,0,0,1,1,0,1,1,1,1,1,0,0,0,0,0,1,0,1,0,1,1,0,0,1,0,1,0,0,0,0,1,1,1,1
"butterfly_dec_3_SB_SampleID_157",365984.000007296,6761862.00000155,2005,686.490713119507,5.29999996225039,132,-0.2675,1,1,0,0,1,0,0,0,1,1,1,1,1,1,0,0,0,1,0,1,0,1,0,0,1,1,0,1,1,1,1,1,0,0,1,0,0,0,0,1,0,1,1,1,0,0,0,1,0,0,0,0,1,1,0,0
"butterfly_dec_3_SB_SampleID_158",365984.000001977,6761862.0000081,2006,633.661192893982,5.51666661600273,132,-0.2075,1,1,0,0,1,1,0,0,0,1,1,1,1,1,0,0,0,1,0,1,0,0,0,0,1,0,0,0,1,1,1,1,0,0,1,0,0,1,0,1,1,1,0,0,0,0,0,1,1,0,0,0,1,1,0,0
"butterfly_dec_3_SB_SampleID_159",365984.000002976,6761862.00000645,2007,863.858789443971,5.54166662693024,79,0.173333333333333,0,1,0,0,1,1,0,0,1,1,1,1,1,0,0,0,0,0,0,1,0,0,0,0,0,0,0,0,1,1,1,1,0,0,0,0,0,1,0,1,0,1,1,0,0,0,0,1,1,0,0,1,0,1,1,1
"butterfly_dec_3_SB_SampleID_160",400870.000003581,6764161.00000549,1999,606.744543075562,4.6833333671093,153,0.390833333333333,1,1,0,0,1,0,0,0,0,1,1,1,1,1,0,0,0,1,0,1,0,1,0,1,1,1,0,1,1,1,1,1,1,1,1,1,0,1,0,1,1,1,0,1,1,1,0,0,1,0,1,0,1,1,1,1
"butterfly_dec_3_SB_SampleID_161",400870.000004825,6764161.00000089,2000,834.115171432494,5.65000000409782,125,0.206666666666667,1,1,0,0,1,1,0,0,0,1,1,1,1,1,0,0,0,1,0,1,0,1,0,1,1,1,0,1,1,1,1,1,1,1,1,0,0,1,0,1,1,1,0,1,0,1,0,0,1,0,0,1,1,1,1,1
"butterfly_dec_3_SB_SampleID_162",400870.000002279,6764161.00000849,2001,855.874851226806,4.39166682958603,157,-0.1825,1,1,0,0,1,0,0,0,1,0,1,1,1,1,0,0,0,1,0,1,0,1,0,0,1,1,0,1,1,1,1,1,0,1,0,0,0,0,0,1,1,1,0,0,0,1,0,0,0,0,0,0,1,1,1,0
"butterfly_dec_3_SB_SampleID_163",400870.000009509,6764161.00000313,2002,690.18938779831,4.50000004967054,172,0.0391666666666667,1,1,1,0,1,1,0,0,1,1,1,1,1,1,0,1,0,1,0,1,0,1,0,0,1,1,0,1,1,1,1,1,0,1,1,0,0,1,0,1,1,1,0,0,0,1,0,1,1,0,0,0,1,1,1,1
"butterfly_dec_3_SB_SampleID_164",417363.000000262,6769159.00000365,2006,657.067049980164,5.17499993741513,130,-0.2075,1,1,0,0,0,0,0,0,0,1,1,1,1,1,0,0,0,1,0,1,0,0,1,1,1,1,0,0,1,1,1,1,0,0,0,0,0,0,0,1,0,1,0,0,0,1,0,0,1,0,0,0,0,1,1,1
"butterfly_dec_3_SB_SampleID_165",439354.000000715,6770659.00000227,1999,680.592185974121,4.69166670739652,154,0.390833333333333,1,1,0,0,1,1,0,0,1,1,1,1,1,0,0,1,0,1,1,1,0,1,0,1,1,1,1,1,1,1,1,1,0,0,1,1,0,0,0,1,1,1,1,0,1,0,0,0,1,0,0,0,0,1,1,0
"butterfly_dec_3_SB_SampleID_166",439354.000002669,6770659.00000286,2000,920.80525970459,5.67500008332233,124,0.206666666666667,1,1,0,0,1,1,0,0,1,1,1,1,1,0,0,1,1,1,1,1,0,1,0,1,1,1,1,1,1,1,1,1,1,1,1,0,0,0,0,1,1,1,1,1,1,1,1,1,1,0,0,0,0,1,1,1
"butterfly_dec_3_SB_SampleID_167",439354.000005216,6770659.00000357,2001,795.612352371216,4.4249999721845,155,-0.1825,1,1,1,0,1,1,0,0,1,1,1,0,1,0,0,0,0,1,0,1,0,0,0,1,0,1,0,1,1,1,1,1,0,0,1,0,0,1,0,1,1,1,1,1,0,1,1,1,1,0,0,0,0,1,1,0
"butterfly_dec_3_SB_SampleID_168",439354.000001446,6770659.0000058,2002,739.563971996307,4.55833337207635,173,0.0391666666666667,1,1,1,0,1,1,0,0,0,1,1,1,1,0,1,1,0,1,1,1,0,1,0,1,1,1,1,1,1,1,1,1,0,1,1,0,0,0,0,1,1,1,1,1,1,1,0,1,1,0,1,0,0,1,1,1
"butterfly_dec_3_SB_SampleID_169",439354.000002647,6770659.00000535,2003,740.905019760131,4.36666665474573,143,0.0975,1,1,1,0,1,1,0,1,1,1,1,0,1,0,0,1,0,1,0,1,0,1,0,1,0,1,1,0,1,1,1,1,0,0,1,1,0,0,0,1,0,1,1,1,1,1,1,1,1,0,0,1,1,1,1,1
"butterfly_dec_3_SB_SampleID_170",439354.000003618,6770659.00000163,2004,1095.12152409554,4.40833343068759,146,0.2425,1,1,0,0,1,1,0,1,1,1,1,1,1,1,0,1,0,1,0,1,0,1,0,1,0,1,0,0,1,1,1,1,0,0,1,0,0,0,0,1,0,1,0,1,1,1,1,1,1,0,0,0,1,1,1,0
"butterfly_dec_3_SB_SampleID_171",439354.000005903,6770659.00000768,2005,780.996634960175,4.97499996423722,142,-0.2675,1,1,0,0,1,1,0,0,1,1,1,1,1,1,0,1,0,1,0,1,0,1,1,1,1,1,0,0,1,1,1,1,0,0,1,0,0,0,0,1,1,1,1,1,1,0,1,1,1,0,0,0,1,1,0,1
"butterfly_dec_3_SB_SampleID_172",439354.000006045,6770659.00000823,2006,660.007923126221,5.1666666151335,144,-0.2075,1,1,1,0,1,1,0,0,1,1,1,0,0,0,1,0,0,1,0,1,0,0,1,1,1,1,0,1,1,1,1,1,1,1,1,0,0,1,0,1,1,1,1,1,1,1,1,1,1,0,0,1,0,1,1,1
"butterfly_dec_3_SB_SampleID_173",439354.000004809,6770659.00000368,2007,923.856266021729,5.29166663686435,99,0.173333333333333,1,1,1,0,1,1,0,0,1,1,1,1,1,1,1,0,0,1,0,1,0,1,1,1,1,1,1,0,1,1,1,1,1,0,1,1,0,0,0,1,1,1,1,1,0,1,1,1,1,0,1,1,0,1,1,1
"butterfly_dec_3_SB_SampleID_174",250330.000007536,6773057.00000663,2005,667.796057224273,5.77499998609225,120,-0.2675,0,1,0,0,0,0,0,0,1,1,0,1,0,1,0,0,0,0,0,1,0,1,0,0,0,0,0,0,1,1,1,1,0,0,0,0,0,0,0,1,0,0,0,0,0,0,0,0,0,0,0,0,0,1,0,0
"butterfly_dec_3_SB_SampleID_175",250330.000000074,6773057.0000036,2006,674.58116531372,6.14999999602635,127,-0.2075,0,1,0,0,1,1,0,0,0,1,1,0,0,0,0,0,0,1,0,1,0,0,0,0,1,1,0,0,1,1,1,0,0,0,0,0,0,1,0,1,0,1,0,0,0,1,0,0,0,0,0,0,0,1,0,0
"butterfly_dec_3_SB_SampleID_176",392873.000004587,6775157.00000553,1999,532.770824432373,4.658333192269,147,0.390833333333333,1,1,0,0,1,0,0,0,0,1,1,1,1,1,1,0,0,1,0,1,0,1,0,0,0,1,0,1,1,1,1,1,0,1,1,0,0,1,0,1,1,1,0,1,0,0,0,0,1,0,0,0,1,1,1,1
"butterfly_dec_3_SB_SampleID_177",392873.000006492,6775157.00000232,2000,716.383177757263,5.60833335729936,119,0.206666666666667,1,1,1,0,1,1,0,0,0,1,1,1,1,1,0,0,0,1,0,1,0,1,0,1,1,1,0,1,1,1,1,1,0,0,1,1,0,0,1,1,1,1,0,1,0,1,0,0,1,0,0,1,1,1,1,1
"butterfly_dec_3_SB_SampleID_178",392873.000002252,6775157.00000381,2001,799.014850616454,4.30000001192093,151,-0.1825,1,1,1,0,1,1,0,0,0,1,1,1,1,1,0,0,1,1,0,1,0,1,0,0,1,1,0,1,1,1,1,1,0,0,1,0,0,1,0,1,1,1,0,0,0,1,0,1,0,0,0,1,1,1,1,1
"butterfly_dec_3_SB_SampleID_179",392873.000009799,6775157.00000154,2002,641.097320914268,4.46666681766511,151,0.0391666666666667,1,1,1,0,1,1,0,0,1,1,1,0,1,1,1,1,1,1,0,1,0,1,0,0,0,1,0,1,1,1,1,1,0,0,1,0,0,1,0,1,1,1,0,0,0,1,0,0,1,0,0,0,1,1,1,1
"butterfly_dec_3_SB_SampleID_180",352889.000002772,6777655.0000067,2001,822.725521087647,4.78333329657715,150,-0.1825,1,1,1,0,1,1,0,0,1,1,1,1,1,1,0,1,1,1,0,1,0,1,0,1,1,1,0,1,1,1,1,1,0,0,1,0,0,0,0,1,1,1,0,0,0,1,0,0,1,0,0,0,0,1,1,1
"butterfly_dec_3_SB_SampleID_181",352889.000002037,6777655.00000881,2002,606.173518061638,5.08333331843217,164,0.0391666666666667,0,1,0,0,1,1,0,0,0,0,1,0,0,0,0,0,1,1,0,1,0,0,0,1,0,1,0,0,0,1,1,1,0,0,0,0,0,0,0,1,1,1,0,0,0,1,0,0,1,0,0,0,1,1,0,0
"butterfly_dec_3_SB_SampleID_182",352889.000003982,6777655.00000089,2003,611.402507781982,4.68333328763643,129,0.0975,1,1,1,0,0,1,0,0,0,1,1,1,1,0,0,1,0,1,0,1,0,0,0,0,0,0,0,1,1,1,1,1,0,0,0,1,0,0,0,1,0,1,1,0,0,1,0,0,1,0,0,0,0,1,1,1
"butterfly_dec_3_SB_SampleID_183",352889.000000426,6777655.00000981,2004,955.643384456633,4.98333349823953,140,0.2425,1,1,1,0,0,1,0,0,1,1,1,1,0,1,0,1,0,1,0,1,0,1,0,1,0,0,0,1,1,1,1,1,0,0,0,0,0,0,0,1,0,1,0,0,0,1,0,0,1,0,0,0,0,1,0,0
"butterfly_dec_3_SB_SampleID_184",302909.000003395,6778155.00000388,1999,735.863549232483,4.83333332339922,129,0.390833333333333,0,1,0,0,1,1,0,0,1,1,1,1,1,1,0,0,0,1,0,1,0,1,0,0,1,1,1,1,1,1,1,1,0,1,1,1,0,0,0,1,1,1,0,1,1,1,0,0,1,0,0,0,0,1,1,1
"butterfly_dec_3_SB_SampleID_185",302909.000002284,6778155.00000426,2000,840.953277587891,5.92500000198682,105,0.206666666666667,1,1,1,0,1,1,0,0,1,1,1,1,1,1,1,0,1,1,0,1,0,1,0,1,1,1,1,1,1,1,1,1,0,1,1,1,0,1,0,1,0,1,1,1,1,1,0,1,1,0,1,0,0,1,1,0
"butterfly_dec_3_SB_SampleID_186",302909.000002457,6778155.00000069,2001,729.523519515991,4.62499990562598,140,-0.1825,1,1,0,0,1,1,0,0,1,1,1,1,1,0,1,0,1,1,0,1,0,1,0,0,1,1,1,1,1,1,1,1,0,1,1,1,0,1,0,1,1,1,0,1,1,1,0,1,1,0,1,0,0,1,1,0
"butterfly_dec_3_SB_SampleID_187",302909.000002906,6778155.00000701,2002,664.782253682613,4.89166668554146,156,0.0391666666666667,1,1,0,0,1,1,0,0,1,1,1,1,1,0,1,0,1,1,0,1,0,1,0,1,1,1,1,1,1,1,1,1,0,1,1,0,0,1,0,1,1,1,1,1,1,1,0,1,1,0,0,0,0,1,1,0
"butterfly_dec_3_SB_SampleID_188",302909.00000826,6778155.00000752,2003,641.543448925018,4.54166668653487,123,0.0975,1,1,1,0,1,1,0,0,1,1,1,1,1,0,1,0,1,1,0,1,0,1,0,1,0,1,1,1,1,1,1,1,0,1,1,1,0,0,0,1,0,1,0,1,0,1,0,1,1,0,0,0,0,1,1,1
"butterfly_dec_3_SB_SampleID_189",302909.000009896,6778155.00000157,2004,899.706183433532,4.86666659017404,127,0.2425,1,1,0,0,0,1,0,0,1,1,1,1,1,0,1,0,1,1,0,1,0,1,0,0,0,1,1,1,1,1,1,1,0,1,1,0,0,0,0,1,0,1,1,1,1,1,0,1,1,0,0,0,0,1,1,0
"butterfly_dec_3_SB_SampleID_190",302909.000002117,6778155.00000963,2005,714.924859046936,5.28333341081938,124,-0.2675,1,1,0,0,1,1,0,0,0,1,1,1,1,1,1,0,1,1,0,1,0,1,0,0,1,1,1,0,1,1,1,1,0,1,1,1,0,1,0,1,1,1,0,1,1,1,0,1,1,0,1,0,0,1,1,1
"butterfly_dec_3_SB_SampleID_191",302909.000007775,6778155.00000472,2006,648.836811065673,5.5750000278155,130,-0.2075,1,1,0,0,1,1,0,0,1,1,1,1,1,0,0,0,1,1,0,1,0,1,0,0,1,1,1,1,1,1,1,1,0,1,1,0,0,0,0,1,0,1,1,1,0,1,0,1,1,0,1,0,0,1,1,1
"butterfly_dec_3_SB_SampleID_192",302909.000005347,6778155.00000951,2007,779.860520839692,5.56666666020949,88,0.173333333333333,1,1,0,0,1,1,0,0,1,1,1,1,1,0,1,0,0,1,0,1,0,1,0,1,0,1,1,1,1,1,1,1,0,1,1,1,0,0,0,1,0,1,1,1,0,1,0,1,1,0,0,0,0,1,1,1
"butterfly_dec_3_SB_SampleID_193",317403.000001778,6778155.00000674,2005,720.468820095063,5.28333329161008,122,-0.2675,1,1,0,0,1,1,0,0,1,1,1,1,1,1,1,1,0,1,0,1,0,0,0,0,0,1,1,0,1,1,1,1,0,1,1,1,0,0,0,1,1,1,0,0,1,0,0,1,1,0,0,0,0,1,0,0
"butterfly_dec_3_SB_SampleID_194",317403.000000277,6778155.00000652,2006,619.501596450805,5.53333323200544,128,-0.2075,1,1,0,0,1,1,1,0,1,1,1,1,1,1,1,1,0,1,0,1,0,0,0,1,0,1,0,0,1,1,1,1,0,1,1,1,0,1,0,1,1,1,1,1,0,1,0,1,1,0,0,0,0,1,0,0
"butterfly_dec_3_SB_SampleID_195",317403.000007535,6778155.00000626,2007,753.947833061218,5.51666665077209,76,0.173333333333333,1,1,0,0,0,1,0,0,1,1,1,1,1,1,1,1,0,1,0,1,0,1,0,0,1,1,1,1,1,1,1,1,0,1,1,0,0,1,0,1,0,1,0,1,0,1,0,1,1,0,0,0,0,1,0,1
"butterfly_dec_3_SB_SampleID_196",590793.000002382,6782155.0000052,1999,643.060893058777,4.3250001569589,150,0.390833333333333,1,1,1,0,1,1,0,1,1,1,1,1,1,1,1,1,0,1,1,1,0,1,1,1,1,1,1,1,1,1,1,1,1,0,1,1,0,1,0,1,1,1,1,1,1,1,1,0,1,0,0,0,1,1,1,0
"butterfly_dec_3_SB_SampleID_197",590793.00000788,6782155.00000188,2000,909.957374572754,5.19166657328606,140,0.206666666666667,0,1,1,0,1,1,0,1,1,1,1,1,1,1,1,1,1,1,1,1,0,1,1,1,1,1,1,1,1,1,1,1,0,0,1,1,0,1,1,1,1,1,1,1,1,1,0,0,1,0,1,1,0,1,1,1
"butterfly_dec_3_SB_SampleID_198",590793.000006229,6782155.00000925,2001,740.396158218384,3.82499998807907,150,-0.1825,1,1,1,0,1,1,0,1,1,1,1,1,1,0,1,1,0,1,0,1,1,1,1,0,1,1,1,1,1,1,1,1,0,0,1,0,0,1,0,1,1,1,0,1,0,1,0,1,1,0,0,0,0,1,1,1
"butterfly_dec_3_SB_SampleID_199",590793.000002832,6782155.00000526,2002,776.653786659242,4.19166671236356,176,0.0391666666666667,1,1,1,0,1,1,0,1,1,1,1,1,1,0,1,1,0,0,1,1,0,1,0,1,1,1,1,1,1,1,1,1,0,1,1,1,0,1,0,1,1,1,1,1,1,1,0,1,1,0,0,0,1,1,1,1
"butterfly_dec_3_SB_SampleID_200",590793.000002399,6782155.00000417,2003,784.266832351685,3.94166660308837,151,0.0975,1,1,1,0,1,1,0,1,1,1,1,1,1,1,1,1,0,1,1,1,0,1,1,1,0,1,1,1,1,1,1,1,0,0,1,0,0,0,0,1,0,1,1,1,1,1,1,0,1,1,0,0,1,1,1,1
"butterfly_dec_3_SB_SampleID_201",590793.000006285,6782155.00000627,2004,949.646059036255,4.17500003178914,156,0.2425,1,1,1,0,1,1,0,1,1,1,1,1,1,1,1,1,0,1,0,1,0,1,1,1,1,1,1,1,1,1,1,1,0,0,1,1,0,0,0,1,1,1,1,1,1,1,1,1,1,0,1,0,0,1,0,1
"butterfly_dec_3_SB_SampleID_202",590793.000001124,6782155.00000303,2005,927.424446105957,4.8916665315628,150,-0.2675,0,1,1,0,1,1,0,1,1,1,1,1,1,0,1,0,0,1,1,1,0,1,0,1,1,1,0,0,1,1,1,1,0,0,1,0,0,1,0,1,1,1,1,1,1,1,1,0,1,0,0,0,0,1,0,1
"butterfly_dec_3_SB_SampleID_203",590793.000008902,6782155.0000024,2006,605.861513137818,4.45833338300386,150,-0.2075,0,1,1,0,1,1,0,1,1,1,1,1,1,1,1,0,0,1,0,1,0,1,0,0,1,1,1,1,1,1,1,1,0,0,1,0,0,1,0,1,1,1,1,1,1,1,1,0,1,0,0,1,0,1,1,1
"butterfly_dec_3_SB_SampleID_204",590793.000008033,6782155.00000011,2007,904.601737976074,4.88333318630854,130,0.173333333333333,1,1,1,0,1,1,0,1,1,1,1,1,1,1,1,1,0,1,1,1,0,1,1,0,1,1,1,1,1,1,1,1,0,0,1,0,0,1,0,1,1,1,1,1,1,1,1,1,1,0,1,0,1,1,1,1
"butterfly_dec_3_SB_SampleID_205",599790.000005057,6784154.00000528,2000,928.288528442384,5.15833334128062,139,0.206666666666667,0,1,0,0,0,0,0,1,0,1,1,0,1,0,1,0,0,1,0,1,0,1,0,0,0,1,1,0,1,1,1,1,0,0,0,0,0,1,1,1,0,1,0,1,1,1,0,0,1,0,0,0,0,1,1,0
"butterfly_dec_3_SB_SampleID_206",599790.000001324,6784154.00000077,2001,734.56453704834,3.78333320220312,148,-0.1825,0,1,1,0,0,0,0,1,0,1,1,1,1,0,1,0,0,1,0,1,0,1,0,0,1,0,1,0,1,1,1,1,0,1,0,1,0,0,0,1,1,1,0,1,0,0,1,0,1,0,0,0,0,1,1,1
"butterfly_dec_3_SB_SampleID_207",599790.000002787,6784154.00000808,2002,776.800704956055,4.10833332315087,177,0.0391666666666667,1,1,1,0,1,0,0,1,0,1,1,0,1,1,1,0,1,0,1,1,0,1,1,1,0,1,1,1,1,1,1,1,0,0,1,1,0,0,0,1,0,1,0,1,1,1,0,1,1,0,0,1,0,1,1,1
"butterfly_dec_3_SB_SampleID_208",599790.000007635,6784154.000009,2006,611.121829986572,4.44999992847442,149,-0.2075,0,1,0,0,0,1,1,1,0,1,1,1,1,1,0,0,0,1,0,1,0,1,1,0,1,1,0,0,1,1,1,1,0,1,0,0,0,0,0,1,0,1,0,1,1,1,1,0,1,0,0,0,0,1,0,0
"butterfly_dec_3_SB_SampleID_209",599790.000007365,6784154.00000825,2007,919.680192947388,4.79166666666666,125,0.173333333333333,0,1,1,0,0,0,0,0,0,1,1,1,1,0,1,0,0,1,0,1,0,1,0,0,0,1,1,0,1,0,1,1,1,0,1,0,0,0,0,1,0,1,0,1,1,1,1,0,1,0,0,0,0,1,1,1
"butterfly_dec_3_SB_SampleID_210",267423.000006043,6788301.00000694,1999,759.430252075196,5.05000007152557,131,0.390833333333333,0,1,0,0,0,1,0,0,0,0,0,0,1,0,1,0,0,1,0,1,0,0,0,0,0,1,0,0,0,0,1,1,0,0,0,0,0,0,0,1,0,1,0,0,0,1,1,0,1,0,0,0,0,1,1,0
"butterfly_dec_3_SB_SampleID_211",267423.000008833,6788301.00000537,2000,877.989770889282,6.12499995529651,106,0.206666666666667,1,1,1,0,0,1,0,0,0,1,1,1,0,0,1,0,0,1,0,1,0,1,0,1,0,1,0,1,1,0,1,1,0,0,1,0,0,0,1,1,0,1,0,1,0,1,1,0,1,0,0,0,0,1,1,0
"butterfly_dec_3_SB_SampleID_212",274521.000003625,6788351.00000046,1999,785.573728561401,4.92500013113023,126,0.390833333333333,0,1,0,0,1,1,0,0,1,0,1,0,0,0,0,0,0,1,0,1,0,0,0,0,0,1,1,0,0,0,0,1,0,0,1,0,0,0,0,1,0,1,0,0,0,1,0,0,0,0,0,0,0,1,0,0
"butterfly_dec_3_SB_SampleID_213",274521.000009543,6788351.00000048,2000,895.552676200865,6.00833341479302,107,0.206666666666667,0,1,1,0,1,1,0,0,0,1,0,1,1,0,1,1,0,1,0,0,0,1,0,0,1,1,0,0,0,0,1,1,0,0,1,1,0,0,0,1,0,1,0,0,0,1,1,1,1,0,0,0,0,1,0,0
"butterfly_dec_3_SB_SampleID_214",267673.000006964,6791150.00000266,1999,759.430252075196,5.05000007152557,131,0.390833333333333,0,1,0,0,0,0,0,0,0,1,1,0,0,0,1,0,0,0,0,1,0,0,0,0,0,0,0,0,0,0,1,1,0,0,0,0,0,0,0,1,0,1,0,0,0,0,0,0,0,0,0,0,0,1,1,0
"butterfly_dec_3_SB_SampleID_215",267673.000003653,6791150.00000254,2000,877.989770889282,6.12499995529651,106,0.206666666666667,0,1,0,0,0,1,0,0,0,1,1,0,1,0,1,0,0,1,0,1,0,0,0,0,0,1,0,0,1,0,1,1,0,0,1,0,0,1,1,1,1,1,1,0,0,1,1,0,1,0,0,0,0,1,1,1
"butterfly_dec_3_SB_SampleID_216",583796.000003087,6798648.00000586,2006,599.372770309448,4.62499995032945,149,-0.2075,1,1,1,0,1,1,0,1,1,1,1,1,1,1,1,1,0,1,1,1,0,1,1,1,1,1,1,1,1,1,1,1,0,0,1,1,0,1,0,1,1,1,1,1,1,1,1,1,1,1,1,1,0,1,1,0
"butterfly_dec_3_SB_SampleID_217",583796.000003309,6798648.00000995,2007,911.195663452149,4.89999998609226,122,0.173333333333333,1,1,1,0,1,1,0,1,1,1,1,1,1,1,1,1,0,1,1,1,0,1,1,1,1,1,1,1,1,1,1,1,1,0,1,1,0,0,0,1,1,1,1,1,1,0,1,0,1,0,1,0,0,1,0,1
"butterfly_dec_3_SB_SampleID_218",356388.000007594,6811942.0000032,1999,675.229152679443,4.74166681369146,151,0.390833333333333,0,1,1,0,0,1,0,0,0,1,1,0,1,1,0,1,0,1,0,1,0,1,0,0,1,0,0,0,1,1,1,1,0,0,1,0,0,0,0,1,0,1,0,1,1,0,0,0,0,0,0,0,1,0,1,0
"butterfly_dec_3_SB_SampleID_219",356388.000004902,6811942.00000314,2000,817.8625164032,5.7749999842296,128,0.206666666666667,1,1,1,0,1,0,0,0,0,1,1,1,1,0,0,1,0,1,0,1,0,1,0,0,0,1,0,1,1,1,1,1,0,0,0,0,0,0,0,1,0,1,0,0,0,0,0,1,1,0,0,1,1,1,1,0
"butterfly_dec_3_SB_SampleID_220",356388.000004904,6811942.00000627,2001,862.864477157592,4.35833338896434,150,-0.1825,1,1,1,0,1,0,0,0,1,0,1,0,1,0,0,1,1,1,0,1,0,0,0,1,1,0,0,1,1,1,1,1,0,1,0,1,0,0,1,1,1,1,0,0,0,0,0,0,1,0,0,1,0,1,0,0
"butterfly_dec_3_SB_SampleID_221",356388.000008986,6811942.00000072,2002,617.94130718708,4.56666662047306,166,0.0391666666666667,1,1,1,0,0,1,0,0,0,1,1,1,1,0,0,1,0,1,0,1,0,0,0,0,1,0,0,1,0,1,1,1,0,0,1,0,0,0,0,1,0,0,0,0,1,0,0,0,1,0,0,1,1,1,0,0
"butterfly_dec_3_SB_SampleID_222",356388.000001511,6811942.00000694,2003,653.22452878952,4.35833336909612,138,0.0975,1,1,0,0,1,1,0,0,0,1,1,0,0,0,0,1,0,1,0,1,0,1,0,0,0,0,1,0,1,1,1,1,0,0,1,0,0,0,0,1,0,1,0,1,0,0,0,0,1,0,0,0,0,1,0,1
"butterfly_dec_3_SB_SampleID_223",356388.000000009,6811942.00000814,2004,900.613829612733,4.67499998708566,142,0.2425,1,1,0,0,0,1,0,0,0,1,1,0,1,0,0,1,0,0,0,1,0,0,0,0,0,0,0,0,1,1,1,0,0,0,0,0,0,0,0,1,0,0,0,0,0,0,0,0,1,0,0,0,0,1,0,0
"butterfly_dec_3_SB_SampleID_224",356388.000006793,6811942.00000443,2005,722.96434211731,5.22500004371008,132,-0.2675,1,1,0,0,1,0,0,0,0,1,1,0,1,0,0,1,0,1,0,1,0,0,0,0,1,0,0,0,1,1,1,1,1,0,0,0,0,0,0,1,0,0,0,0,0,0,0,0,1,0,0,0,0,1,0,0
"butterfly_dec_3_SB_SampleID_225",356388.000002706,6811942.0000049,2006,691.500371932984,5.32499997317791,139,-0.2075,1,1,1,0,0,0,0,0,1,1,1,0,1,0,0,1,0,1,0,1,0,0,0,0,1,0,0,0,1,1,1,1,0,1,1,0,0,0,0,1,0,1,0,1,0,1,0,0,0,0,0,1,0,1,0,0
"butterfly_dec_3_SB_SampleID_226",356388.000000245,6811942.00000503,2007,787.056606292724,5.23333318531512,87,0.173333333333333,1,1,1,0,0,0,0,0,0,1,1,1,1,0,0,1,0,1,0,1,0,0,0,0,0,0,0,0,1,1,1,1,0,0,0,0,0,0,0,1,0,0,0,0,0,0,0,0,1,0,0,0,0,1,0,0
"butterfly_dec_3_SB_SampleID_227",335396.000006678,6828135.00000473,1999,748.722394943238,4.4833333392938,144,0.390833333333333,1,1,0,0,1,1,0,0,0,1,1,1,1,1,0,1,0,1,0,1,0,1,0,0,1,1,1,1,1,1,1,1,1,1,1,0,0,0,0,1,0,1,1,1,0,1,0,0,1,0,0,0,0,1,1,0
"butterfly_dec_3_SB_SampleID_228",335396.000006683,6828135.00000984,2000,850.088209152222,5.68333325410883,132,0.206666666666667,1,1,1,0,1,1,0,0,0,1,1,1,1,0,0,1,0,1,0,1,0,1,0,1,1,1,1,1,1,1,1,1,0,1,1,1,0,0,1,1,1,1,0,1,1,1,0,0,1,0,1,1,0,1,1,0
"butterfly_dec_3_SB_SampleID_229",335396.000004364,6828135.00000412,2001,902.079275131226,4.3000000367562,156,-0.1825,1,1,1,0,1,1,0,0,0,1,1,1,1,1,0,1,0,1,0,1,0,1,0,1,1,1,1,1,1,1,1,1,0,1,1,0,0,0,0,1,0,1,0,1,0,1,1,1,1,0,1,1,0,1,1,0
"butterfly_dec_3_SB_SampleID_230",335396.000008179,6828135.00000022,2002,723.858242630959,4.59166674812634,167,0.0391666666666667,1,1,0,0,1,1,0,0,0,1,1,1,1,0,1,1,0,1,0,1,0,1,0,0,1,1,1,1,1,1,1,1,0,1,1,1,0,0,0,1,0,1,0,1,1,1,0,0,1,0,1,0,0,1,0,0
"butterfly_dec_3_SB_SampleID_231",335396.000005693,6828135.00000529,2003,718.374621391296,4.34166670838991,134,0.0975,1,1,0,0,1,1,0,0,0,1,1,1,1,0,0,1,0,1,0,1,0,0,0,1,0,1,1,1,1,1,1,1,0,1,1,0,0,0,0,1,0,1,0,1,1,1,1,1,0,0,1,0,0,1,1,0
"butterfly_dec_3_SB_SampleID_232",368383.000009138,6828635.00000824,1999,655.89670753479,4.59166672825813,140,0.390833333333333,1,1,0,0,1,1,0,0,1,1,1,1,0,1,0,1,0,1,0,1,0,1,0,1,1,1,1,1,1,1,1,1,1,1,1,1,0,0,0,1,1,1,1,1,1,1,0,0,1,0,0,0,0,1,1,0
"butterfly_dec_3_SB_SampleID_233",368383.000005828,6828635.00000873,2000,764.181877136231,5.68333340870838,109,0.206666666666667,1,1,1,0,1,1,1,0,1,1,1,1,1,1,0,1,1,1,0,1,0,1,0,1,1,1,1,1,1,1,1,1,0,1,1,1,0,0,1,1,1,1,1,1,0,1,1,1,1,0,1,1,0,1,1,1
"butterfly_dec_3_SB_SampleID_234",368383.000008469,6828635.00000816,2001,787.536628723145,4.19166674216588,154,-0.1825,1,1,1,0,1,1,1,0,1,1,1,1,1,1,0,1,0,1,0,1,0,1,0,1,1,1,1,1,1,1,1,1,1,1,1,1,0,0,0,1,1,1,1,1,0,1,0,1,1,0,1,0,0,1,1,1
"butterfly_dec_3_SB_SampleID_235",368383.000001022,6828635.00000821,2002,641.963884115219,4.44166671981414,162,0.0391666666666667,1,1,1,0,1,1,1,0,1,1,1,1,1,1,0,1,0,1,0,1,0,1,0,1,1,1,1,1,1,1,1,1,1,0,1,0,0,0,0,1,1,1,0,1,0,0,0,1,1,0,1,0,0,1,0,1
"butterfly_dec_3_SB_SampleID_236",368383.000008485,6828635.00000032,2003,650.895827293396,4.22499999403953,136,0.0975,1,1,1,0,1,1,0,0,1,1,1,1,1,1,1,1,0,1,0,1,0,1,0,1,0,1,1,1,1,1,1,1,0,1,1,0,0,1,0,1,1,1,1,1,0,1,0,1,1,0,1,0,1,1,1,1
"butterfly_dec_3_SB_SampleID_237",368383.000009812,6828635.00000025,2004,867.958032131195,4.4916666050752,143,0.2425,1,1,0,0,1,1,0,0,1,1,1,1,1,1,0,1,0,1,0,1,0,0,1,1,0,1,1,1,1,1,1,1,0,0,1,0,0,0,0,1,1,1,0,0,0,0,0,1,1,0,1,0,0,1,1,0
"butterfly_dec_3_SB_SampleID_238",368383.000006996,6828635.0000087,2005,737.129737377167,5.08333331346513,138,-0.2675,1,1,1,0,1,1,0,0,1,1,1,1,1,1,0,1,0,1,0,1,0,0,1,1,0,1,0,0,1,1,1,1,0,1,1,0,0,0,0,1,0,1,0,0,0,1,0,1,1,0,0,0,0,1,1,1
"butterfly_dec_3_SB_SampleID_239",368383.000009532,6828635.00000196,2006,669.955606460572,5.14166654149691,144,-0.2075,1,1,1,0,1,1,1,0,1,1,1,1,1,1,0,1,0,1,0,1,0,1,0,1,1,1,1,1,1,1,1,1,0,1,1,1,0,0,0,1,1,1,1,1,1,1,1,1,1,0,1,0,0,1,0,0
"butterfly_dec_3_SB_SampleID_240",368383.000005665,6828635.00000727,2007,822.501468658447,5.1333332012097,93,0.173333333333333,1,1,0,0,0,1,1,0,1,1,1,1,1,1,0,1,0,1,0,1,0,0,0,1,1,1,1,0,1,1,1,1,0,0,0,0,0,0,0,1,0,1,1,1,0,1,1,1,1,0,1,0,0,1,1,1
"butterfly_dec_3_SB_SampleID_241",352089.000000038,6833333.00000104,2001,886.941770553589,4.20833325386048,162,-0.1825,1,1,1,0,1,1,0,0,1,1,1,1,1,1,0,0,0,1,0,1,0,1,0,1,1,1,1,1,1,1,1,1,0,1,1,0,0,0,0,1,1,1,0,1,1,1,0,1,1,0,1,1,0,1,1,0
"butterfly_dec_3_SB_SampleID_242",352089.000007029,6833333.00000514,2002,697.04159963131,4.45833332339923,176,0.0391666666666667,1,1,1,0,1,1,0,0,1,1,1,1,1,1,0,0,1,1,0,1,0,1,0,0,1,1,1,1,1,1,1,1,1,1,1,0,0,0,0,1,0,1,0,1,1,1,0,1,1,0,1,0,0,1,1,1
"butterfly_dec_3_SB_SampleID_243",352089.000004788,6833333.0000047,2003,705.3293466568,4.23333339889845,139,0.0975,1,1,1,0,1,1,0,0,1,1,1,1,1,1,0,1,0,1,0,1,0,1,0,1,0,1,1,1,1,1,1,1,1,1,1,0,0,0,0,1,0,1,0,1,1,0,0,1,1,0,1,1,0,1,1,1
"butterfly_dec_3_SB_SampleID_244",352089.000001996,6833333.00000058,2004,943.288625717165,4.50833324591319,148,0.2425,1,1,1,0,1,1,0,0,1,1,1,1,1,1,0,1,0,1,0,1,0,0,1,1,1,1,1,1,1,1,1,1,1,0,1,0,0,0,0,1,0,1,0,1,1,0,1,0,1,0,0,1,0,1,1,0
"butterfly_dec_3_SB_SampleID_245",352089.000005439,6833333.00000349,2005,783.907315731049,5.00833328564961,140,-0.2675,1,1,0,0,1,1,0,0,1,1,1,1,1,0,0,0,0,1,0,1,0,1,1,1,1,1,0,1,1,1,1,1,0,0,1,0,0,0,0,1,0,1,1,1,1,0,1,0,1,0,0,0,0,1,1,1
"butterfly_dec_3_SB_SampleID_246",352089.000006297,6833333.00000341,2006,697.498840332031,5.19166661798953,150,-0.2075,1,1,0,0,1,1,0,0,0,1,1,1,1,1,1,1,0,1,0,1,0,1,0,1,1,1,1,0,1,1,1,1,0,1,1,0,0,0,0,1,1,1,0,1,1,1,0,1,1,0,0,0,0,1,1,1
"butterfly_dec_3_SB_SampleID_247",352089.000002118,6833333.00000443,2007,872.976448059081,5.00000000496705,94,0.173333333333333,1,1,0,0,1,1,0,0,0,1,1,1,1,1,0,0,1,1,0,1,0,1,1,1,1,1,1,1,1,1,1,1,1,0,1,0,0,0,0,1,0,1,1,1,1,1,1,1,1,0,1,0,0,1,1,1
"butterfly_dec_3_SB_SampleID_248",301909.000003799,6833633.00000441,1999,754.54418373108,4.59166669845582,138,0.390833333333333,0,1,0,0,1,1,0,0,0,1,1,1,1,0,0,1,0,1,0,1,0,0,0,1,0,1,0,1,0,0,1,1,0,1,0,1,0,0,0,1,0,0,1,1,1,0,0,0,1,0,0,0,0,1,1,1
"butterfly_dec_3_SB_SampleID_249",301909.000006124,6833633.0000077,2000,923.885451316833,5.79166673123836,120,0.206666666666667,1,1,0,0,1,1,0,0,0,1,1,1,1,0,0,1,0,1,0,1,0,1,0,1,0,1,0,0,1,1,1,1,0,1,0,1,0,0,1,1,0,1,0,0,0,1,1,0,1,0,1,0,0,1,1,0
"butterfly_dec_3_SB_SampleID_250",301909.000008466,6833633.00000102,2001,816.126482009887,4.39999999105931,151,-0.1825,0,1,1,0,1,1,0,0,1,1,1,1,1,0,0,1,1,1,0,0,0,0,0,1,0,1,1,0,0,0,1,1,0,1,1,0,0,0,0,1,0,1,0,0,0,0,1,0,1,0,1,0,0,1,0,0
"butterfly_dec_3_SB_SampleID_251",301909.000001598,6833633.00000581,2002,744.52549612522,4.67500009511909,167,0.0391666666666667,1,1,0,0,1,1,0,0,0,1,1,1,1,0,1,1,1,1,0,1,0,1,0,1,0,1,1,1,0,1,1,1,0,0,1,0,0,0,0,1,0,1,0,1,1,0,0,1,0,0,0,0,0,1,0,1
"butterfly_dec_3_SB_SampleID_252",301909.00000896,6833633.00000822,2003,716.081930160522,4.42500004172324,134,0.0975,1,1,0,0,1,1,0,0,0,1,1,1,1,0,0,1,1,1,0,1,0,1,0,1,0,1,1,0,1,1,1,1,0,0,1,1,0,0,0,1,0,1,0,1,0,1,1,0,1,0,0,0,0,1,0,1
"butterfly_dec_3_SB_SampleID_253",217243.000009698,6846627.00000443,1999,714.224979400635,5.24166670441628,120,0.390833333333333,0,1,0,0,0,1,0,0,1,0,1,0,1,0,0,1,0,1,0,1,0,0,0,0,1,1,0,1,0,0,1,0,0,0,1,0,0,1,0,1,1,0,0,0,0,0,0,0,0,0,0,0,0,1,1,0
"butterfly_dec_3_SB_SampleID_254",217243.000005751,6846627.00000586,2000,864.688655853271,6.29166676600774,95,0.206666666666667,1,1,0,0,0,1,0,0,1,1,1,1,1,0,0,0,0,0,0,1,0,1,0,0,1,1,1,0,1,0,1,1,0,0,1,1,0,1,0,1,0,1,0,0,0,0,0,0,1,0,0,0,0,1,1,1
"butterfly_dec_3_SB_SampleID_255",217243.000006877,6846627.00000985,2001,704.513530731201,4.89999991469085,113,-0.1825,1,1,1,0,1,1,0,0,1,1,1,1,1,0,0,0,0,1,0,1,0,1,0,0,1,1,0,1,1,0,1,1,1,0,1,0,0,1,0,1,0,1,0,0,0,0,0,0,0,0,0,0,0,1,1,0
"butterfly_dec_3_SB_SampleID_256",217243.000004137,6846627.00000358,2002,790.889169096946,5.14166653156281,139,0.0391666666666667,1,1,0,0,1,1,0,0,1,1,1,1,1,0,0,1,0,0,0,1,0,0,0,0,0,1,0,1,1,0,1,1,0,0,1,0,0,1,0,1,0,1,0,0,0,0,0,0,0,0,0,0,0,1,0,1
"butterfly_dec_3_SB_SampleID_257",217243.000001775,6846627.00000293,2003,631.919990539551,4.64166668057442,128,0.0975,1,1,0,0,1,0,0,0,1,1,1,0,0,0,1,0,0,1,0,1,0,1,0,0,0,1,0,1,1,1,1,1,0,0,0,0,0,0,0,1,0,1,0,0,0,0,0,0,1,0,0,0,0,1,1,1
"butterfly_dec_3_SB_SampleID_258",217243.000009306,6846627.00000059,2004,751.900835752486,5.51666663214565,121,0.2425,1,1,0,0,1,1,0,0,1,1,1,0,0,0,1,0,0,0,0,1,0,0,0,0,0,0,0,1,1,1,1,1,0,0,0,0,0,0,0,1,1,1,1,0,0,0,0,0,0,0,0,0,0,1,0,0
"butterfly_dec_3_SB_SampleID_259",217243.00000204,6846627.00000636,2005,827.864607810974,5.61666651566824,144,-0.2675,1,1,0,0,1,0,0,0,1,1,1,0,0,0,0,0,0,1,0,1,0,1,0,0,0,0,0,1,1,1,1,0,0,0,0,0,0,0,0,1,1,0,0,0,0,0,0,0,0,0,1,0,0,1,1,1
"butterfly_dec_3_SB_SampleID_260",214944.00000506,6850625.00000986,1999,770.891626358033,5.10000002384185,134,0.390833333333333,1,1,0,0,0,1,0,0,1,1,1,1,0,0,0,0,0,1,0,1,0,1,0,0,0,1,0,0,1,0,1,1,0,1,1,0,0,1,0,1,0,1,0,0,0,1,0,0,1,0,0,0,0,0,1,0
"butterfly_dec_3_SB_SampleID_261",214944.000003578,6850625.0000095,2000,881.933221817017,6.15833330651125,111,0.206666666666667,1,1,1,0,1,1,0,0,1,1,1,1,1,0,1,1,0,1,0,1,0,1,0,0,1,1,1,0,1,0,1,1,0,1,1,1,0,1,0,1,0,1,0,0,0,0,0,0,1,0,1,0,0,1,1,0
"butterfly_dec_3_SB_SampleID_262",214944.000006798,6850625.00000881,2001,724.374353408813,4.75833330738048,123,-0.1825,1,1,0,0,1,1,0,0,1,1,1,0,0,0,0,1,0,1,0,1,0,1,0,0,1,1,0,0,1,0,1,1,1,1,0,0,0,1,0,1,0,1,0,0,0,0,0,0,1,0,0,0,0,1,0,0
"butterfly_dec_3_SB_SampleID_263",214944.00000145,6850625.00000988,2002,794.698927640916,4.98333339641493,150,0.0391666666666667,1,1,0,0,1,1,0,0,1,1,1,1,0,0,1,1,0,1,0,1,0,1,0,0,0,1,1,1,1,1,1,1,1,1,1,1,0,1,0,1,0,1,0,0,0,0,0,0,1,0,1,0,0,1,0,1
"butterfly_dec_3_SB_SampleID_264",214944.000002391,6850625.00000743,2003,630.568470001221,4.52499986191591,139,0.0975,1,1,0,0,1,1,0,0,1,1,0,1,0,0,1,0,0,1,0,1,0,1,0,0,0,1,1,1,1,1,1,1,0,1,1,0,0,1,0,1,0,0,0,0,0,0,0,1,1,0,0,0,0,1,1,1
"butterfly_dec_3_SB_SampleID_265",214944.000001524,6850625.00000648,2004,779.497601509095,5.40000003576279,128,0.2425,1,1,1,0,1,1,0,0,1,1,1,1,1,1,1,0,0,0,0,1,0,1,0,0,1,1,1,1,1,1,1,1,0,0,1,0,0,0,0,1,0,1,0,0,0,0,0,1,1,0,0,0,0,1,0,0
"butterfly_dec_3_SB_SampleID_266",214944.000005212,6850625.00000693,2005,850.588047981262,5.51666658123334,143,-0.2675,0,1,0,0,1,0,0,0,1,1,0,0,0,0,0,1,0,1,0,1,0,1,0,0,0,1,0,0,1,1,1,1,0,1,0,0,0,1,0,1,0,1,0,0,0,0,0,0,1,0,0,0,0,1,0,1
"butterfly_dec_3_SB_SampleID_267",650769.00000242,6860124.00000176,2005,809.230705738068,4.47499996423721,159,-0.2675,1,1,1,0,1,1,1,1,1,1,1,1,1,1,1,1,1,1,0,1,0,1,1,1,1,1,1,1,1,1,1,1,0,1,1,1,0,1,0,1,1,1,1,1,1,1,1,1,1,0,1,1,1,1,1,1
"butterfly_dec_3_SB_SampleID_268",650769.000001704,6860124.00000316,2006,635.763780593872,4.06666676700115,156,-0.2075,1,1,1,0,1,1,1,1,1,1,1,1,1,1,1,1,0,1,0,1,0,1,1,1,1,1,1,1,1,1,1,1,0,0,1,1,0,1,0,1,1,1,1,1,1,1,1,1,1,0,1,1,1,1,1,1
"butterfly_dec_3_SB_SampleID_269",650769.000002275,6860124.00000556,2007,911.632265090943,4.32499989370504,140,0.173333333333333,1,1,1,0,1,1,0,1,1,1,1,1,1,1,1,1,0,1,1,1,0,1,1,1,1,1,1,1,1,1,1,1,1,0,1,1,0,1,0,1,1,1,1,1,1,1,1,1,1,1,1,1,1,1,1,1
"butterfly_dec_3_SB_SampleID_270",337395.000007715,6864620.00000346,1999,746.512933731079,4.26666660110156,142,0.390833333333333,0,1,0,0,1,1,0,0,0,1,1,0,1,1,0,1,0,1,0,1,0,1,0,0,0,1,0,1,1,1,0,1,1,0,1,0,0,0,0,1,0,1,1,1,1,0,0,0,1,0,0,0,0,1,0,0
"butterfly_dec_3_SB_SampleID_271",337395.000005823,6864620.00000544,2000,847.794839859008,5.44166654720903,126,0.206666666666667,1,1,1,0,1,1,0,0,1,1,1,1,1,1,0,1,0,1,0,1,0,1,0,0,0,1,1,1,1,1,1,1,0,1,1,1,0,0,1,1,0,1,0,1,0,0,0,1,1,0,0,0,0,1,0,0
"butterfly_dec_3_SB_SampleID_272",337395.000001734,6864620.0000001,2001,879.917936325073,3.90000008543333,159,-0.1825,1,1,1,0,1,1,0,0,1,1,1,0,1,0,0,1,0,1,0,1,0,0,0,0,0,1,1,0,1,0,1,1,0,1,1,0,0,0,0,1,1,1,1,1,0,0,0,1,1,0,0,0,0,1,0,0
"butterfly_dec_3_SB_SampleID_273",337395.000009257,6864620.00000797,2002,750.137662291526,4.15833328167596,155,0.0391666666666667,1,0,1,0,0,0,0,0,0,1,0,1,1,0,0,1,0,0,0,1,0,1,0,0,0,0,0,1,1,1,0,1,0,1,1,0,0,0,0,1,0,0,0,0,1,0,0,0,0,0,0,0,0,0,0,0
"butterfly_dec_3_SB_SampleID_274",350690.000007382,6885912.00000281,2006,585.326250076294,4.70000004395843,148,-0.2075,1,1,1,0,1,1,0,0,1,1,1,1,1,1,0,0,0,0,0,1,0,1,0,0,1,1,1,0,1,1,1,1,0,0,1,0,0,1,0,1,1,1,1,1,0,0,0,1,1,0,1,0,0,1,0,1
"butterfly_dec_3_SB_SampleID_275",350690.000001269,6885912.0000034,2007,806.401151657104,4.64166671534379,95,0.173333333333333,1,1,0,0,1,1,0,0,0,1,1,1,0,1,0,0,0,1,0,1,0,1,0,0,1,1,1,1,1,1,1,1,0,1,1,0,0,0,0,1,0,1,1,0,0,0,0,1,0,0,0,0,0,1,1,1
"butterfly_dec_3_SB_SampleID_276",500629.000005949,6889111.00000714,2007,980.030838012696,4.44166665462156,107,0.173333333333333,1,1,1,0,1,1,0,0,1,1,1,1,1,1,0,0,1,1,1,1,0,1,1,0,1,1,1,1,1,1,1,1,1,1,1,1,0,0,0,1,0,1,1,1,0,1,1,1,1,0,1,0,0,1,1,1
"butterfly_dec_3_SB_SampleID_277",671061.000003745,6890311.00000995,2006,664.185788154602,3.57500001291433,156,-0.2075,1,1,1,1,1,1,0,1,1,1,1,1,1,1,0,0,0,1,1,1,0,1,1,1,1,1,1,0,1,1,1,1,0,1,1,1,0,1,0,1,1,1,1,1,1,1,1,0,1,0,1,1,0,1,1,0
"butterfly_dec_3_SB_SampleID_278",671061.000006244,6890311.00000108,2007,917.905448913574,4.0166667898496,143,0.173333333333333,1,1,1,1,0,1,0,1,1,1,1,1,1,1,1,0,0,1,1,1,0,1,1,1,1,1,1,0,1,1,1,1,0,0,1,0,0,1,0,1,1,1,1,1,1,1,1,0,0,0,0,0,1,1,1,1
"butterfly_dec_3_SB_SampleID_279",637274.000002224,6912103.00000249,2006,635.625138282776,3.79999989767869,153,-0.2075,1,1,1,1,1,1,1,1,1,1,1,1,0,1,0,0,1,0,0,1,0,1,1,1,1,1,0,0,1,1,1,1,1,0,1,1,0,0,0,1,1,1,1,1,1,1,1,1,1,0,1,1,0,1,0,1
"butterfly_dec_3_SB_SampleID_280",637274.00000501,6912103.00000666,2007,807.866500854492,4.19166666766008,135,0.173333333333333,1,1,1,1,1,1,0,1,1,1,1,1,0,1,0,0,0,1,0,1,0,1,0,1,1,1,0,1,1,1,1,1,1,0,1,1,0,0,0,1,0,1,1,0,0,0,1,1,1,0,1,0,0,1,1,1
"butterfly_dec_3_SB_SampleID_281",539413.000009987,6928196.00000587,1999,730.681203842163,3.85833331694204,154,0.390833333333333,1,1,1,0,1,1,0,1,1,1,1,1,1,1,0,0,0,1,0,1,0,0,1,0,0,1,1,1,1,0,1,1,1,0,1,1,0,1,0,1,0,1,1,1,1,0,0,1,0,0,0,0,0,1,1,0
"butterfly_dec_3_SB_SampleID_282",539413.000000238,6928196.00000701,2000,852.527502059936,5.05000003178915,148,0.206666666666667,1,1,1,0,1,1,0,0,1,1,1,1,1,1,0,0,1,1,0,1,0,1,1,0,0,1,1,1,1,0,1,1,1,0,1,1,0,1,1,1,0,1,1,1,1,1,1,1,0,0,0,1,0,1,1,1
"butterfly_dec_3_SB_SampleID_283",539413.000004584,6928196.00000617,2001,733.538679122925,3.49166661500929,172,-0.1825,1,1,1,0,1,1,0,1,1,1,1,1,1,1,0,0,0,1,0,1,0,1,1,0,0,1,1,1,1,1,0,1,1,0,1,1,0,1,0,1,1,1,1,1,1,1,1,1,1,0,1,1,0,1,0,1
"butterfly_dec_3_SB_SampleID_284",539413.000006477,6928196.00000232,2002,770.104228973389,3.6083333765467,180,0.0391666666666667,1,1,1,0,1,1,1,1,1,1,1,1,1,0,0,0,1,1,0,1,0,1,1,0,0,1,1,1,1,1,1,1,0,0,1,1,0,0,0,1,1,1,1,1,1,1,0,1,1,0,1,1,0,1,1,1
"butterfly_dec_3_SB_SampleID_285",539413.000008524,6928196.00000708,2003,782.678400039673,3.77499988675118,161,0.0975,1,1,1,0,1,1,1,1,1,1,1,1,1,1,0,0,0,1,0,1,0,1,1,0,0,1,1,1,1,1,1,1,1,0,1,0,0,0,0,1,0,1,0,1,1,1,0,1,1,0,0,1,0,1,1,1
"butterfly_dec_3_SB_SampleID_286",539413.000001385,6928196.00000005,2004,831.437690734862,3.77500003576278,159,0.2425,1,1,1,0,1,1,1,1,1,1,1,1,1,1,0,0,0,0,0,1,0,1,1,0,0,1,1,1,1,1,1,1,0,0,1,1,0,0,0,1,0,1,0,1,1,1,0,0,1,0,0,1,0,1,1,0
"butterfly_dec_3_SB_SampleID_287",539413.000001779,6928196.0000041,2005,852.484103679657,4.54166662693024,158,-0.2675,1,1,1,0,1,1,1,1,1,1,1,1,1,1,0,0,0,1,0,1,0,1,1,0,1,1,0,1,1,1,1,1,0,0,1,0,0,1,0,1,1,1,1,1,1,1,0,0,1,0,0,1,0,1,1,1
"butterfly_dec_3_SB_SampleID_288",539413.000003021,6928196.00000279,2006,626.49019241333,4.20833331346513,159,-0.2075,1,1,1,0,1,1,0,1,1,1,1,1,1,1,0,0,1,0,0,1,0,0,1,0,1,1,0,1,1,1,1,1,0,0,1,0,0,1,0,1,1,1,1,1,1,0,1,1,1,0,0,1,0,1,0,1
"butterfly_dec_3_SB_SampleID_289",539413.000004934,6928196.0000099,2007,810.662616729736,4.46666666058203,146,0.173333333333333,1,1,1,1,1,1,1,1,1,1,1,1,1,1,0,0,0,1,0,1,0,0,1,0,1,1,1,1,1,1,1,1,0,0,1,1,0,0,0,1,1,1,0,1,1,0,0,1,1,0,0,1,0,1,0,0
"butterfly_dec_3_SB_SampleID_290",619481.000000522,6928496.00000542,2005,696.635690689087,4.37499998013179,161,-0.2675,1,1,1,0,0,1,0,1,0,1,0,1,0,1,0,0,0,1,0,1,0,1,1,0,0,1,0,0,1,1,1,1,1,0,1,1,0,1,1,1,1,1,0,1,0,1,0,1,1,0,0,0,0,1,1,0
"butterfly_dec_3_SB_SampleID_291",619481.00000181,6928496.00000212,2006,629.376099586487,3.8249999731779,153,-0.2075,1,1,1,0,0,1,0,0,0,1,1,1,1,1,0,0,0,1,0,1,0,1,1,0,0,1,0,1,1,1,1,1,1,0,1,0,0,1,0,1,1,1,1,1,0,0,1,1,1,0,0,0,0,1,0,0
"butterfly_dec_3_SB_SampleID_292",619481.000000162,6928496.00000363,2007,817.521373748779,4.16666648288567,138,0.173333333333333,1,1,0,0,0,0,0,1,0,1,0,1,1,1,0,0,0,1,0,1,0,1,1,0,0,1,0,1,1,1,1,1,1,0,1,1,0,1,0,1,0,1,0,0,0,1,1,1,1,0,0,0,0,1,1,1
"butterfly_dec_3_SB_SampleID_293",546311.000009994,6934593.00000894,2000,859.446378707885,4.94166658322017,148,0.206666666666667,1,1,1,0,0,1,0,0,1,1,1,0,1,0,0,0,0,1,0,1,0,1,0,0,0,1,1,1,1,0,1,1,0,0,1,0,0,0,1,1,1,1,1,1,0,1,0,0,1,0,0,0,0,1,1,0
"butterfly_dec_3_SB_SampleID_294",546311.000008206,6934593.0000096,2001,750.623994827271,3.41666680574416,172,-0.1825,1,1,1,0,1,1,0,0,1,1,1,1,1,0,0,0,1,1,0,1,0,1,1,0,0,1,1,1,1,1,1,1,0,0,1,1,0,0,0,1,1,1,0,1,1,0,0,0,1,0,0,0,0,1,0,1
"butterfly_dec_3_SB_SampleID_295",546311.000006345,6934593.0000066,2002,791.182320594788,3.48333321511745,181,0.0391666666666667,1,1,1,0,1,1,0,0,1,1,1,1,1,0,0,0,1,1,0,1,0,1,0,0,0,1,0,1,1,1,1,1,0,0,1,0,0,0,0,1,1,1,1,1,1,0,1,0,1,0,0,1,0,1,0,1
"butterfly_dec_3_SB_SampleID_296",546311.000004272,6934593.00000426,2003,794.088130950928,3.70000007251899,166,0.0975,1,1,1,0,1,1,0,1,1,1,1,1,1,1,0,0,0,1,0,1,0,1,1,0,0,1,0,1,1,1,1,1,1,0,1,0,0,0,0,1,1,1,0,1,1,1,0,0,1,0,0,0,0,1,1,1
"butterfly_dec_3_SB_SampleID_297",546311.00000651,6934593.00000148,2005,857.306156158447,4.45833337306976,159,-0.2675,1,1,1,0,1,1,0,1,1,1,1,0,1,1,0,0,0,1,0,1,0,1,0,0,0,1,0,0,1,1,1,1,1,0,1,0,0,1,0,1,1,1,0,1,0,0,0,0,1,0,0,0,0,1,0,1
"butterfly_dec_3_SB_SampleID_298",546311.000009901,6934593.00000304,2007,840.962438583375,4.36666664853692,152,0.173333333333333,1,1,1,0,0,1,0,0,1,1,1,1,1,1,0,0,0,1,0,1,0,1,0,0,0,1,0,1,1,1,1,1,0,0,1,0,0,0,0,1,0,1,1,1,1,0,0,0,0,0,0,0,0,1,1,1
"butterfly_dec_3_SB_SampleID_299",609785.000002069,6938292.00000117,1999,755.934860229492,3.23333320021629,168,0.390833333333333,1,1,1,0,1,1,0,0,1,1,1,1,1,1,0,0,1,1,1,1,0,1,1,1,0,1,1,1,1,0,1,1,1,0,1,1,0,1,0,1,0,1,1,1,0,1,1,0,1,0,0,0,0,1,1,0
"butterfly_dec_3_SB_SampleID_300",609785.00000518,6938292.00000417,2000,811.68228149414,4.57499997814497,147,0.206666666666667,1,1,1,0,1,1,0,1,1,1,1,1,1,1,0,0,1,1,1,1,0,1,1,1,1,1,1,1,1,1,1,1,1,0,1,1,0,1,1,1,1,1,1,1,0,1,1,1,1,0,1,0,0,1,1,1
"butterfly_dec_3_SB_SampleID_301",609785.000007392,6938292.00000778,2001,657.701023101807,3.01666671037673,168,-0.1825,1,1,1,0,1,1,0,0,1,1,1,1,1,1,0,0,1,1,1,1,0,1,1,1,0,1,1,1,1,1,1,1,1,0,1,1,0,1,0,1,1,1,1,1,0,1,1,1,1,1,1,0,0,1,1,0
"butterfly_dec_3_SB_SampleID_302",609785.000007164,6938292.00000677,2002,788.211627960206,3.01666668554147,190,0.0391666666666667,1,1,1,0,1,1,0,1,1,1,1,1,1,1,0,0,1,1,1,1,0,1,1,1,1,1,1,1,1,1,1,1,0,0,1,1,0,1,0,1,1,1,1,1,1,1,1,1,1,0,1,0,0,1,1,1
"butterfly_dec_3_SB_SampleID_303",609785.000007437,6938292.000002,2003,795.6613073349,3.40833341702818,166,0.0975,1,1,1,0,1,1,0,1,1,1,1,1,1,1,0,0,1,1,1,1,0,1,1,1,1,1,1,1,1,1,1,1,1,0,1,1,0,0,0,1,0,1,1,1,0,1,1,1,1,0,1,0,0,1,1,1
"butterfly_dec_3_SB_SampleID_304",609785.000001785,6938292.00000683,2004,853.41290473938,3.22500002384186,166,0.2425,1,1,1,0,1,1,0,1,1,1,1,1,1,1,0,0,0,1,1,1,0,1,1,1,1,1,1,1,1,1,1,1,1,0,1,1,0,1,0,1,1,1,1,1,1,1,1,1,1,1,1,0,0,1,1,1
"butterfly_dec_3_SB_SampleID_305",609785.000004122,6938292.00000014,2005,722.796125411987,4.19999994834264,157,-0.2675,1,1,1,0,1,1,0,1,1,1,1,1,1,1,0,0,0,1,1,1,0,1,1,1,1,1,1,0,1,1,1,1,1,0,1,1,0,1,0,1,1,1,1,1,1,1,1,1,1,1,1,0,0,1,0,1
"butterfly_dec_3_SB_SampleID_306",609785.000008363,6938292.0000045,2006,629.39697933197,3.67500011622906,153,-0.2075,1,1,1,0,1,1,0,1,1,1,1,1,1,1,0,0,1,1,1,1,0,1,1,1,1,1,1,1,1,0,1,1,1,0,1,1,0,1,0,1,1,1,1,1,1,1,1,1,1,0,1,0,0,1,0,0
"butterfly_dec_3_SB_SampleID_307",609785.000004455,6938292.00000734,2007,875.659269332886,3.96666665623585,131,0.173333333333333,1,1,1,1,1,1,0,1,1,1,1,1,1,1,0,0,1,1,1,1,0,1,1,1,1,1,1,1,1,1,1,1,0,0,1,1,0,0,0,1,0,1,1,1,0,1,1,1,1,0,1,0,0,1,1,1
"butterfly_dec_3_SB_SampleID_308",582296.000008798,6979575.00000487,2000,900.194103240967,4.41666661699613,158,0.206666666666667,1,1,1,0,0,1,0,0,1,1,1,1,1,1,0,1,0,0,0,1,0,1,0,0,0,1,0,1,1,0,1,1,1,0,1,1,0,0,1,1,1,1,0,1,0,0,0,0,1,0,0,0,0,1,1,1
"butterfly_dec_3_SB_SampleID_309",582296.000004861,6979575.00000572,2001,846.839237213135,2.82499992847442,175,-0.1825,1,1,1,0,0,0,0,0,0,1,1,1,1,1,0,1,0,1,0,1,0,1,0,1,0,1,0,1,1,0,1,1,0,0,1,0,0,0,0,1,1,1,0,1,1,1,0,0,1,0,0,0,0,1,0,0
"butterfly_dec_3_SB_SampleID_310",582296.00000795,6979575.00000124,2002,853.134058952331,2.96666647493839,193,0.0391666666666667,1,1,1,0,1,1,0,0,1,1,1,1,1,0,0,1,1,1,0,1,0,1,1,1,0,1,0,1,1,1,1,1,0,0,1,0,0,0,0,1,1,1,0,1,1,1,0,1,1,0,0,0,0,1,0,0
"butterfly_dec_3_SB_SampleID_311",582296.000009026,6979575.00000367,2003,829.530288696289,3.28333334562678,178,0.0975,1,1,1,0,1,1,0,0,1,1,1,1,0,0,0,1,1,1,1,1,0,1,1,1,0,1,0,1,1,1,1,1,0,0,1,0,0,0,0,1,0,1,1,1,1,1,1,1,1,0,0,0,0,1,1,1
"butterfly_dec_3_SB_SampleID_312",582296.000007896,6979575.00000815,2004,1025.65002250671,3.15000001589456,172,0.2425,1,1,1,0,1,1,0,0,0,1,1,1,1,0,0,1,0,1,0,1,0,1,0,1,0,1,0,1,1,1,1,1,0,0,1,0,0,0,0,1,0,1,0,1,0,0,0,0,1,0,0,0,0,1,1,0
"butterfly_dec_3_SB_SampleID_313",582296.00000951,6979575.00000161,2005,827.770429134369,4.05833339691162,171,-0.2675,1,1,1,0,1,1,0,0,1,1,1,1,1,0,0,1,0,1,0,1,0,1,0,1,0,1,0,1,1,0,1,1,0,0,1,0,0,0,0,1,1,1,0,1,0,0,1,0,1,0,0,0,0,1,0,0
"butterfly_dec_3_SB_SampleID_314",233136.000006032,7003564.00000111,1999,579.714282035828,4.65833328167598,138,0.390833333333333,0,1,0,0,0,0,0,0,0,1,1,1,0,0,0,0,0,1,0,0,0,0,0,0,1,1,0,1,0,0,1,1,0,0,0,0,0,1,0,1,0,1,0,0,0,0,0,0,0,0,0,0,0,1,1,0
"butterfly_dec_3_SB_SampleID_315",233136.000005593,7003564.00000351,2000,701.794515609741,5.55833335717518,121,0.206666666666667,1,1,0,0,0,0,0,0,0,1,1,1,0,0,0,0,0,0,0,0,0,0,0,1,1,1,0,0,0,0,1,1,0,0,0,0,0,1,0,1,0,1,0,0,0,1,0,0,1,0,0,0,0,1,1,0
"butterfly_dec_3_SB_SampleID_316",233136.000004362,7003564.00000366,2002,683.007448196411,4.74999998013179,155,0.0391666666666667,1,1,0,0,0,1,0,0,0,1,1,1,0,0,0,0,0,0,0,0,0,0,0,1,1,1,0,0,0,0,1,1,0,0,0,0,0,1,0,1,0,0,0,0,0,0,0,0,1,0,0,0,0,1,0,0
"butterfly_dec_3_SB_SampleID_317",233136.000003734,7003564.0000016,2003,566.974047660828,4.70000001974404,138,0.0975,1,1,0,0,0,0,0,0,0,0,1,1,0,0,0,0,0,0,0,0,0,1,0,0,0,0,0,1,1,0,1,0,0,0,0,0,0,1,0,1,0,1,0,0,0,1,0,0,0,0,0,0,0,1,0,1
"butterfly_dec_3_SB_SampleID_318",233136.000005763,7003564.00000257,2004,722.525851249695,5.16666667163372,126,0.2425,1,1,0,0,0,0,0,0,0,1,1,0,0,0,0,0,0,0,0,0,0,0,0,1,0,0,0,0,0,1,1,1,0,0,0,0,0,1,0,1,0,1,0,0,0,0,0,0,0,0,0,0,0,1,1,0
"butterfly_dec_3_SB_SampleID_319",233136.000005477,7003564.00000367,2005,711.348217964172,5.41666668653488,137,-0.2675,1,1,0,0,0,0,0,0,0,0,0,0,0,0,0,0,0,0,0,1,0,0,0,0,1,0,0,0,1,1,1,0,0,0,0,0,0,1,0,1,0,0,0,0,0,1,0,0,0,0,0,0,0,1,0,1
"butterfly_dec_3_SB_SampleID_320",233136.000006388,7003564.00000559,2006,581.398806571961,5.58333335320154,136,-0.2075,1,1,0,0,0,1,0,0,0,0,1,0,0,0,0,0,0,0,0,0,0,0,0,0,1,1,0,0,0,1,1,1,0,0,0,0,0,0,0,1,0,1,0,0,0,0,0,0,1,0,0,0,0,1,1,1
"butterfly_dec_3_SB_SampleID_321",233136.000002806,7003564.00000088,2007,775.422597885132,5.19999999615053,91,0.173333333333333,1,1,0,0,0,0,0,0,0,1,1,0,0,0,0,0,0,0,0,0,0,1,0,1,1,0,0,0,0,1,1,0,0,0,0,0,0,0,0,1,0,0,0,0,0,0,0,0,1,0,0,0,0,1,1,1
"butterfly_dec_3_SB_SampleID_322",232636.00000329,7007563.00000092,2006,603.89101600647,5.67500013113021,139,-0.2075,1,1,0,0,1,1,0,0,0,1,1,1,1,0,0,0,0,0,0,0,0,1,0,1,1,1,0,1,0,1,1,1,0,0,0,0,0,1,0,1,0,1,1,0,0,1,0,1,1,0,0,0,0,1,1,1
"butterfly_dec_3_SB_SampleID_323",232636.000006104,7007563.00000027,2007,755.143249511719,5.24999990810951,96,0.173333333333333,1,1,0,0,0,0,0,0,1,1,1,1,0,1,0,0,0,1,0,0,0,0,0,0,1,1,0,1,1,1,1,1,0,0,0,0,0,1,0,1,0,1,0,0,0,0,0,1,1,0,0,0,0,1,1,1
"butterfly_dec_3_SB_SampleID_324",510325.000003995,7016260.00000424,2000,854.824880599975,4.4916667342186,152,0.206666666666667,1,1,1,0,0,1,0,0,0,1,1,1,1,0,0,0,0,1,0,1,0,1,0,0,0,1,1,1,1,0,0,1,0,0,1,1,0,0,0,1,1,1,0,1,0,1,0,1,0,0,0,0,0,1,1,0
"butterfly_dec_3_SB_SampleID_325",510325.000004645,7016260.00000785,2001,685.917901992798,2.87500003973643,175,-0.1825,1,1,0,0,1,1,0,0,1,1,1,1,1,1,0,0,0,1,1,1,0,1,0,0,0,1,0,0,1,0,0,1,1,0,1,0,0,0,0,1,1,1,0,1,0,0,0,1,0,0,1,0,0,1,0,0
"butterfly_dec_3_SB_SampleID_326",510325.000000332,7016260.00000828,2002,770.567131996155,3.00833334525427,188,0.0391666666666667,1,1,1,0,1,1,0,0,0,1,1,1,0,0,0,0,1,1,0,1,0,1,1,0,0,1,1,1,1,0,1,1,0,0,1,0,0,0,0,1,1,1,1,1,1,1,0,1,1,0,0,0,0,1,0,0
"butterfly_dec_3_SB_SampleID_327",510325.000002264,7016260.0000091,2003,830.917930603028,3.32499987880389,161,0.0975,1,1,1,0,0,1,0,0,1,1,1,1,1,1,0,0,0,1,1,1,0,1,0,0,0,1,0,0,1,0,1,1,0,0,1,0,0,0,0,1,0,1,1,1,1,1,0,0,1,0,0,0,0,1,0,1
"butterfly_dec_3_SB_SampleID_328",510325.000002439,7016260.00000632,2004,996.999068260192,3.31666662295659,169,0.2425,1,1,1,0,1,1,0,0,1,1,1,1,1,0,0,0,0,1,1,0,0,1,0,0,0,1,1,0,1,0,1,1,0,0,1,0,0,0,0,1,0,1,0,1,1,1,0,1,1,0,0,0,0,1,0,1
"butterfly_dec_3_SB_SampleID_329",510325.000009963,7016260.00000053,2005,777.721382141113,4.13333332538605,163,-0.2675,1,1,1,0,1,1,0,0,1,1,1,1,1,0,0,0,0,1,0,1,0,1,0,0,0,1,0,0,1,0,1,1,0,0,1,0,0,0,0,1,0,1,1,1,1,1,1,0,1,0,0,0,0,1,1,0
