"sampleID","x-coordinate","y-coordinate","Year","annuprec","annutemp","annusnowcount","annuNAO","Andromeda polifolia","Betula nana","Betula pubescens","Calluna vulgaris","Carex globularis","Deschampsia flexuosa","Empetrum nigrum","Epilobium angustifolium","Equisetum sylvaticum","Juniperus communis","Ledum palustre","Linnaea borealis","Luzula pilosa","Lycopodium annotinum","Melampyrum pratense","Melampyrum sylvaticum","Picea abies","Pinus sylvestris","Populus tremula","Rubus chamaemorus","Solidago virgaurea","Sorbus aucuparia","Trientalis europaea","Vaccinium myrtillus","Vaccinium uliginosum","Vaccinium vitis-idaea"
"plant_dec_2_NB_SampleID_1",564800,7254660,1995,705.332206726074,0.974999944369011,213,-0.0808333333333333,0,0,0,1,0,1,1,0,0,0,0,1,0,0,0,0,0,0,0,0,0,0,0,1,0,1
"plant_dec_2_NB_SampleID_2",596790,7254660,1995,656.364032745361,0.883333310484878,213,-0.0808333333333333,0,0,0,1,0,0,1,0,0,0,0,0,0,0,0,0,0,0,0,0,0,0,0,1,0,1
"plant_dec_2_NB_SampleID_3",564800,7255060,1995,705.332206726074,0.974999944369011,213,-0.0808333333333333,0,0,0,0,0,1,1,0,0,0,1,0,0,0,0,0,0,0,0,0,0,0,0,1,0,1
"plant_dec_2_NB_SampleID_4",548810,7255860,1995,721.641483306884,1.08333330104749,213,-0.0808333333333333,0,0,0,0,0,1,1,1,0,0,1,1,0,0,0,1,1,1,1,0,1,1,0,1,1,1
"plant_dec_2_NB_SampleID_5",564800,7255860,1995,705.332206726074,0.974999944369011,213,-0.0808333333333333,0,0,0,1,0,1,1,0,0,0,1,0,1,0,0,0,0,0,0,0,0,0,0,1,1,1
"plant_dec_2_NB_SampleID_6",615780,7269860,1995,670.984565734863,0.758333320418987,215,-0.0808333333333333,0,0,0,0,0,1,1,0,0,0,0,0,0,0,0,0,0,1,0,0,0,0,0,1,1,1
"plant_dec_2_NB_SampleID_7",615780,7270460,1995,670.984565734863,0.758333320418987,215,-0.0808333333333333,0,0,0,0,1,0,1,0,1,0,1,0,0,0,0,0,0,0,0,1,0,0,0,1,1,1
"plant_dec_2_NB_SampleID_8",532820,7270660,1995,744.839639663697,1.05000001937151,217,-0.0808333333333333,0,0,0,0,0,1,1,1,0,1,0,1,1,0,1,0,0,0,0,0,1,0,1,1,1,1
"plant_dec_2_NB_SampleID_9",596790,7270660,1995,670.368286132812,0.724999919533726,215,-0.0808333333333333,0,0,0,1,0,0,1,0,0,0,0,0,0,0,0,0,0,0,0,0,0,0,0,1,0,1
"plant_dec_2_NB_SampleID_10",532820,7271060,1995,744.839639663697,1.05000001937151,217,-0.0808333333333333,0,0,1,1,0,1,0,1,0,0,0,0,1,0,1,0,1,0,1,0,1,1,1,1,1,1
"plant_dec_2_NB_SampleID_11",532820,7271460,1995,744.839639663697,1.05000001937151,217,-0.0808333333333333,0,0,0,1,0,1,1,0,0,1,0,0,0,0,1,0,1,0,1,0,0,1,0,1,1,1
"plant_dec_2_NB_SampleID_12",548810,7271460,1995,729.463455200196,0.916666614512608,211,-0.0808333333333333,0,0,0,1,0,1,1,1,0,1,0,0,0,0,1,0,1,0,1,0,1,0,0,1,0,1
"plant_dec_2_NB_SampleID_13",532820,7271860,1995,744.839639663697,1.05000001937151,217,-0.0808333333333333,0,0,0,0,1,1,1,0,0,0,0,0,0,0,0,0,1,0,0,0,0,0,0,1,1,1
"plant_dec_2_NB_SampleID_14",516820,7286650,1995,745.951942443848,1.06666674961646,217,-0.0808333333333333,0,0,0,0,0,1,1,0,0,0,0,0,0,0,0,0,0,0,0,0,0,0,0,1,1,1
"plant_dec_2_NB_SampleID_15",532820,7286650,1995,761.992200851441,0.916666587193808,217,-0.0808333333333333,0,1,0,0,0,1,1,0,0,0,1,0,0,0,0,0,0,0,0,1,0,0,0,1,1,1
"plant_dec_2_NB_SampleID_16",548810,7286650,1995,751.880544662476,0.750000049670545,217,-0.0808333333333333,0,0,1,1,0,1,1,1,0,0,0,0,1,0,1,0,0,0,0,0,0,0,0,1,1,1
"plant_dec_2_NB_SampleID_17",516820,7287450,1995,731.48992729187,1.10833336412907,217,-0.0808333333333333,0,0,1,0,0,1,0,1,1,0,0,1,0,0,0,1,1,0,0,0,1,0,1,1,1,1
"plant_dec_2_NB_SampleID_18",532820,7287850,1995,782.200569152832,0.758333350221322,217,-0.0808333333333333,0,0,0,0,0,1,1,0,0,1,0,1,1,1,1,0,1,0,0,0,0,0,1,1,0,1
"plant_dec_2_NB_SampleID_19",548810,7287850,1995,776.581802368165,0.658333366115882,217,-0.0808333333333333,0,0,1,1,0,1,1,1,0,0,0,0,1,0,1,0,1,0,0,0,0,0,0,1,1,1
"plant_dec_2_NB_SampleID_20",503830,7293850,1995,721.410076141358,1.18333335220814,217,-0.0808333333333333,0,1,1,0,1,1,1,0,1,0,1,0,0,0,0,1,0,0,0,1,0,0,0,1,1,1
"plant_dec_2_NB_SampleID_21",631780,7293850,1995,706.781562805176,0.491666644811633,216,-0.0808333333333333,0,0,1,0,1,1,0,1,1,1,0,0,1,0,1,0,0,0,0,0,1,0,1,0,0,1
"plant_dec_2_NB_SampleID_22",503830,7294450,1995,721.410076141358,1.18333335220814,217,-0.0808333333333333,0,0,1,0,0,1,0,1,1,0,0,0,0,1,0,1,0,0,0,0,0,0,1,0,1,1
"plant_dec_2_NB_SampleID_23",599790,7294450,1995,680.364389419556,0.591666708389922,215,-0.0808333333333333,0,0,0,0,0,1,1,0,0,0,0,1,1,1,0,0,0,0,0,0,0,1,0,1,0,1
"plant_dec_2_NB_SampleID_24",631780,7294450,1995,706.781562805176,0.491666644811633,216,-0.0808333333333333,0,0,1,1,1,1,1,0,0,1,0,1,1,0,1,0,1,1,0,0,1,1,0,1,1,1
"plant_dec_2_NB_SampleID_25",599790,7295050,1995,680.364389419556,0.591666708389922,215,-0.0808333333333333,0,0,0,0,1,1,1,0,0,0,1,0,1,0,1,0,0,0,1,0,0,1,0,1,1,1
"plant_dec_2_NB_SampleID_26",532820,7303050,1995,775.490629196167,0.800000091393794,217,-0.0808333333333333,0,0,1,0,1,1,1,0,0,1,0,1,1,0,0,1,1,0,0,0,1,0,1,1,1,1
"plant_dec_2_NB_SampleID_27",532820,7303450,1995,775.490629196167,0.800000091393794,217,-0.0808333333333333,0,0,0,0,0,1,1,1,0,0,0,1,1,0,0,1,1,0,0,0,1,1,1,1,0,1
"plant_dec_2_NB_SampleID_28",532820,7303840,1995,775.490629196167,0.800000091393794,217,-0.0808333333333333,0,0,0,0,0,1,1,1,0,1,0,1,0,0,1,0,1,0,0,0,1,1,0,1,0,1
"plant_dec_2_NB_SampleID_29",487830,7317840,1995,687.902070045471,1.01666659116745,212,-0.0808333333333333,0,0,0,0,0,1,1,1,0,0,0,0,0,1,0,0,0,0,0,0,1,0,0,1,1,1
"plant_dec_2_NB_SampleID_30",583790,7317840,1995,729.262016296387,0.275000055631003,213,-0.0808333333333333,1,0,1,1,1,1,1,0,0,0,1,0,0,0,0,0,1,0,0,1,0,0,0,1,1,1
"plant_dec_2_NB_SampleID_31",471840,7341830,1995,678.030884742737,0.858333234985674,212,-0.0808333333333333,0,0,0,0,0,1,1,0,0,0,1,1,0,0,0,0,0,0,0,0,0,0,0,1,0,1
"plant_dec_2_NB_SampleID_32",503830,7341830,1995,715.025236129761,0.775000020861634,214,-0.0808333333333333,0,0,0,0,1,1,1,0,0,0,1,0,0,0,0,0,0,0,0,0,0,0,0,1,1,1
"plant_dec_2_NB_SampleID_33",567800,7341830,1995,786.21464920044,0.291666626930237,215,-0.0808333333333333,1,1,0,1,1,0,1,0,0,0,1,0,0,0,0,0,0,0,0,0,0,0,0,1,1,1
"plant_dec_2_NB_SampleID_34",599790,7341830,1995,789.242490768433,0.0666667222976717,214,-0.0808333333333333,0,0,0,1,1,1,1,0,0,0,0,1,0,0,1,0,0,0,0,0,0,0,0,1,1,1
"plant_dec_2_NB_SampleID_35",503830,7342430,1995,715.025236129761,0.775000020861634,214,-0.0808333333333333,0,0,1,0,1,1,1,1,1,0,0,0,1,1,0,0,1,0,0,1,0,0,0,1,1,1
"plant_dec_2_NB_SampleID_36",535810,7342430,1995,776.446546554566,0.574999968210857,215,-0.0808333333333333,0,0,0,0,1,1,0,0,1,0,0,1,1,0,0,0,0,0,0,0,0,1,0,1,0,1
"plant_dec_2_NB_SampleID_37",567800,7342430,1995,786.21464920044,0.291666626930237,215,-0.0808333333333333,0,0,0,0,0,1,1,0,0,0,1,1,0,0,0,0,0,0,0,0,0,0,0,1,1,1
"plant_dec_2_NB_SampleID_38",599790,7342430,1995,789.242490768433,0.0666667222976717,214,-0.0808333333333333,0,0,1,0,0,1,1,0,0,0,0,0,0,1,1,0,0,0,0,0,0,0,0,1,1,1
"plant_dec_2_NB_SampleID_39",503830,7343030,1995,715.025236129761,0.775000020861634,214,-0.0808333333333333,0,0,1,0,1,1,1,0,0,1,0,1,1,1,0,1,0,0,1,0,0,1,1,1,1,1
"plant_dec_2_NB_SampleID_40",567800,7343030,1995,786.21464920044,0.291666626930237,215,-0.0808333333333333,0,0,1,0,1,1,1,0,0,0,0,0,0,0,0,0,0,0,0,1,0,0,0,1,1,1
"plant_dec_2_NB_SampleID_41",599790,7343030,1995,789.242490768433,0.0666667222976717,214,-0.0808333333333333,0,0,1,1,1,1,1,0,0,1,0,1,0,0,1,0,0,0,0,0,0,0,1,1,1,1
"plant_dec_2_NB_SampleID_42",487830,7365820,1995,667.267330169678,0.750000084439912,216,-0.0808333333333333,0,0,0,0,0,1,1,0,0,1,0,1,0,0,0,1,0,0,0,0,0,0,0,1,1,1
"plant_dec_2_NB_SampleID_43",519820,7365820,1995,706.197430610657,0.658333346247671,209,-0.0808333333333333,0,0,0,0,0,0,1,0,0,0,0,0,0,0,0,0,0,0,0,0,0,0,0,1,0,1
"plant_dec_2_NB_SampleID_44",551810,7365820,1995,754.025247573852,0.516666750113173,214,-0.0808333333333333,0,1,0,0,1,0,1,0,0,0,1,0,0,0,0,0,0,1,0,1,0,0,0,1,1,1
"plant_dec_2_NB_SampleID_45",583790,7365820,1995,746.701805114746,0.11666664481163,214,-0.0808333333333333,0,0,0,0,0,1,1,1,0,0,0,0,1,1,0,0,0,0,0,0,1,0,0,1,0,1
"plant_dec_2_NB_SampleID_46",519820,7366420,1995,706.197430610657,0.658333346247671,209,-0.0808333333333333,0,0,0,1,0,1,1,0,0,0,0,0,0,0,0,0,0,1,0,0,0,0,0,1,1,1
"plant_dec_2_NB_SampleID_47",615780,7366420,1995,753.328786849976,-0.00833328564961916,213,-0.0808333333333333,0,0,0,0,0,1,1,1,0,1,0,1,1,0,1,0,0,0,1,0,1,0,1,1,1,1
"plant_dec_2_NB_SampleID_48",519820,7367020,1995,690.194364547729,0.724999979138375,209,-0.0808333333333333,0,0,0,1,0,0,1,0,0,0,0,0,0,0,0,0,0,0,0,0,0,0,0,1,0,1
"plant_dec_2_NB_SampleID_49",583790,7367020,1995,720.152871131897,0.0416667461395251,213,-0.0808333333333333,0,0,1,0,0,1,1,1,0,0,1,0,1,0,0,0,0,0,0,0,0,0,0,1,0,1
"plant_dec_2_NB_SampleID_50",615780,7367020,1995,764.643269538879,-0.191666662693033,216,-0.0808333333333333,0,0,0,0,0,1,1,0,0,0,1,0,1,0,1,0,0,0,0,0,1,0,0,1,0,1
"plant_dec_2_NB_SampleID_51",471840,7389810,1995,642.675807952881,0.466666658719379,217,-0.0808333333333333,1,1,1,1,1,0,1,0,0,0,1,0,0,0,0,0,0,0,0,0,0,0,0,1,1,1
"plant_dec_2_NB_SampleID_52",503830,7389810,1995,683.857349395752,0.483333359162016,216,-0.0808333333333333,0,0,0,1,0,0,1,0,0,0,0,0,0,0,0,0,0,1,0,0,0,0,0,1,0,1
"plant_dec_2_NB_SampleID_53",407870,7390410,1995,621.352554321289,0.37499992052714,217,-0.0808333333333333,0,0,0,0,1,1,1,0,0,0,0,0,0,0,0,0,0,1,0,0,0,0,0,1,1,1
"plant_dec_2_NB_SampleID_54",439850,7390410,1995,616.146375656128,0.633333320419,215,-0.0808333333333333,0,0,1,0,0,1,1,0,0,0,1,0,0,0,0,0,0,0,1,0,0,0,0,1,1,1
"plant_dec_2_NB_SampleID_55",471840,7390410,1995,642.675807952881,0.466666658719379,217,-0.0808333333333333,0,0,0,1,0,0,1,0,0,0,0,0,0,0,0,0,0,1,0,0,0,0,0,1,1,1
"plant_dec_2_NB_SampleID_56",503830,7390410,1995,683.857349395752,0.483333359162016,216,-0.0808333333333333,0,0,0,0,0,0,1,0,0,0,1,0,0,0,0,0,1,0,0,0,0,1,0,1,0,1
"plant_dec_2_NB_SampleID_57",535810,7390410,1995,692.698888778687,0.533333366115879,209,-0.0808333333333333,1,0,0,0,0,1,1,0,0,0,1,1,0,0,0,0,0,1,0,0,0,0,0,1,0,1
"plant_dec_2_NB_SampleID_58",567800,7390410,1995,750.575944900512,-0.0333333363135609,218,-0.0808333333333333,0,0,0,0,0,1,1,1,0,0,0,0,1,0,0,0,0,1,0,0,0,0,0,1,0,1
"plant_dec_2_NB_SampleID_59",407870,7391010,1995,621.352554321289,0.37499992052714,217,-0.0808333333333333,0,0,1,0,1,1,1,0,0,0,1,0,0,1,0,1,0,0,0,0,0,0,0,1,1,1
"plant_dec_2_NB_SampleID_60",471840,7391010,1995,642.675807952881,0.466666658719379,217,-0.0808333333333333,0,1,0,1,1,0,1,0,0,0,1,0,0,0,0,0,0,0,0,0,0,0,0,1,1,1
"plant_dec_2_NB_SampleID_61",535810,7391010,1995,692.698888778687,0.533333366115879,209,-0.0808333333333333,0,0,0,0,0,0,1,0,0,0,0,0,0,0,0,0,0,0,0,0,0,0,0,1,0,1
"plant_dec_2_NB_SampleID_62",423860,7413800,1995,614.8706407547,0.358333289623251,218,-0.0808333333333333,0,0,0,0,0,1,1,0,0,0,1,0,0,0,0,0,0,0,0,0,0,0,0,1,1,1
"plant_dec_2_NB_SampleID_63",455850,7413800,1995,670.038128852844,0.0666667272647317,218,-0.0808333333333333,0,0,0,1,0,0,1,0,0,0,0,0,0,0,0,0,1,1,0,0,0,0,0,1,0,1
"plant_dec_2_NB_SampleID_64",487830,7413800,1995,685.571983337402,0.166666686534888,217,-0.0808333333333333,1,0,1,1,0,1,1,0,0,0,0,0,0,0,0,0,0,1,0,0,0,0,0,1,1,1
"plant_dec_2_NB_SampleID_65",551810,7413800,1995,736.601463317871,0.16666674613953,212,-0.0808333333333333,0,0,1,0,0,1,1,0,0,0,1,0,0,0,0,0,0,0,0,0,0,0,0,1,0,1
"plant_dec_2_NB_SampleID_66",583790,7413800,1995,710.093340873718,-0.308333337306978,218,-0.0808333333333333,0,0,1,0,0,1,0,1,0,0,0,0,1,0,1,0,0,0,0,0,1,0,0,1,0,1
"plant_dec_2_NB_SampleID_67",455850,7414400,1995,670.038128852844,0.0666667272647317,218,-0.0808333333333333,0,0,0,1,0,1,1,0,0,0,0,0,0,0,0,0,0,1,0,0,0,0,0,1,0,1
"plant_dec_2_NB_SampleID_68",487830,7414400,1995,685.571983337402,0.166666686534888,217,-0.0808333333333333,0,0,0,1,0,0,1,0,0,0,0,0,0,0,0,0,0,0,0,0,0,0,0,1,0,1
"plant_dec_2_NB_SampleID_69",583790,7414400,1995,710.093340873718,-0.308333337306978,218,-0.0808333333333333,0,0,0,0,0,0,0,0,0,0,0,0,0,0,0,1,0,0,0,0,0,0,1,0,0,0
"plant_dec_2_NB_SampleID_70",391870,7415000,1995,605.541155815125,0.0583333571751841,216,-0.0808333333333333,0,0,1,0,1,1,1,1,0,0,0,0,1,0,1,0,1,0,1,0,0,0,0,1,1,1
"plant_dec_2_NB_SampleID_71",423860,7415000,1995,614.8706407547,0.358333289623251,218,-0.0808333333333333,0,0,1,0,0,1,0,1,0,0,1,0,1,1,1,0,0,0,1,0,0,0,0,1,1,1
"plant_dec_2_NB_SampleID_72",455850,7415000,1995,670.038128852844,0.0666667272647317,218,-0.0808333333333333,0,0,0,1,0,0,1,0,0,0,0,0,0,0,0,0,0,1,0,0,0,0,0,1,0,1
"plant_dec_2_NB_SampleID_73",375880,7437790,1995,674.865905761719,-0.44166654845079,218,-0.0808333333333333,0,0,0,1,0,1,1,0,0,0,0,0,0,0,0,0,0,1,0,0,0,0,0,1,1,1
"plant_dec_2_NB_SampleID_74",407870,7437790,1995,654.546346664429,-0.299999932448074,219,-0.0808333333333333,0,0,0,1,0,0,1,0,0,0,0,0,0,0,0,0,0,1,0,0,0,0,0,1,0,1
"plant_dec_2_NB_SampleID_75",439850,7437790,1995,673.610548973084,-0.26666663835446,220,-0.0808333333333333,0,0,0,1,0,1,1,0,0,0,1,0,0,0,0,0,1,0,0,0,0,0,0,1,1,1
"plant_dec_2_NB_SampleID_76",503830,7437790,1995,690.392534255981,-0.166666616996123,217,-0.0808333333333333,0,0,1,0,0,1,1,1,0,0,1,0,0,0,1,0,0,1,0,0,0,0,0,1,1,1
"plant_dec_2_NB_SampleID_77",567800,7437790,1995,719.717325210572,-0.275000095367427,216,-0.0808333333333333,0,0,0,0,1,1,0,0,0,0,0,0,0,0,1,0,0,0,0,0,1,0,0,1,0,1
"plant_dec_2_NB_SampleID_78",439850,7438390,1995,673.610548973084,-0.26666663835446,220,-0.0808333333333333,0,0,0,1,0,1,1,0,0,0,0,0,0,0,0,0,0,1,0,0,0,0,0,1,1,1
"plant_dec_2_NB_SampleID_79",567800,7438390,1995,719.717325210572,-0.275000095367427,216,-0.0808333333333333,0,1,1,0,0,0,1,0,1,0,1,0,0,0,0,0,0,1,0,1,0,0,0,1,1,1
"plant_dec_2_NB_SampleID_80",375880,7438990,1995,674.865905761719,-0.44166654845079,218,-0.0808333333333333,1,0,1,1,1,0,1,0,1,0,1,0,0,0,0,0,0,1,0,1,0,0,0,1,1,1
"plant_dec_2_NB_SampleID_81",407870,7438990,1995,654.546346664429,-0.299999932448074,219,-0.0808333333333333,0,0,1,1,0,0,1,0,0,0,0,0,0,0,0,0,0,1,0,0,0,0,0,1,0,1
"plant_dec_2_NB_SampleID_82",439850,7438990,1995,673.610548973084,-0.26666663835446,220,-0.0808333333333333,1,0,0,1,0,0,1,0,0,0,1,0,0,0,0,0,0,1,0,0,0,0,0,1,1,1
"plant_dec_2_NB_SampleID_83",471840,7438990,1995,680.271913528443,-0.275000122686221,219,-0.0808333333333333,0,0,0,1,0,1,1,0,0,0,0,0,0,0,0,0,0,1,0,0,0,0,0,1,0,1
"plant_dec_2_NB_SampleID_84",391870,7461780,1995,713.522956848145,-0.725000089655308,219,-0.0808333333333333,0,0,1,1,0,1,1,1,0,0,1,0,1,0,1,0,1,0,0,0,0,0,1,1,1,1
"plant_dec_2_NB_SampleID_85",487830,7461780,1995,662.44310760498,-0.399999900410565,218,-0.0808333333333333,0,0,0,1,0,0,1,0,0,0,0,0,0,0,0,0,0,1,0,0,0,0,0,0,0,1
"plant_dec_2_NB_SampleID_86",583790,7461780,1995,763.695499420166,-0.791666742414231,218,-0.0808333333333333,0,0,0,0,0,0,1,0,0,0,0,0,0,0,0,0,0,0,0,0,0,1,0,1,0,1
"plant_dec_2_NB_SampleID_87",391870,7462380,1995,713.522956848145,-0.725000089655308,219,-0.0808333333333333,0,0,1,1,0,1,1,0,0,0,0,1,1,0,1,0,1,0,0,0,1,1,0,1,1,1
"plant_dec_2_NB_SampleID_88",423860,7462380,1995,680.33602809906,-0.491666746015352,220,-0.0808333333333333,0,0,0,0,0,1,1,0,0,0,1,0,0,0,1,0,0,0,0,0,0,0,0,1,1,1
"plant_dec_2_NB_SampleID_89",487830,7462380,1995,662.44310760498,-0.399999900410565,218,-0.0808333333333333,0,0,0,0,0,1,1,0,0,0,0,1,0,0,0,0,0,0,0,0,0,0,0,1,1,1
"plant_dec_2_NB_SampleID_90",583790,7462380,1995,763.695499420166,-0.791666742414231,218,-0.0808333333333333,0,0,0,1,0,1,1,0,0,0,0,1,1,0,1,0,0,0,0,0,0,1,0,1,1,1
"plant_dec_2_NB_SampleID_91",391870,7462980,1995,713.522956848145,-0.725000089655308,219,-0.0808333333333333,0,0,0,0,0,1,1,0,0,0,0,1,0,0,1,0,0,1,0,0,0,0,0,1,1,1
"plant_dec_2_NB_SampleID_92",423860,7462980,1995,680.33602809906,-0.491666746015352,220,-0.0808333333333333,0,0,1,0,1,1,1,0,1,0,1,0,1,0,0,0,1,0,0,1,0,0,0,1,1,1
"plant_dec_2_NB_SampleID_93",583790,7462980,1995,763.695499420166,-0.791666742414231,218,-0.0808333333333333,0,0,0,0,1,1,1,1,1,0,0,1,0,0,1,0,0,0,0,0,1,1,1,1,1,1
"plant_dec_2_NB_SampleID_94",375880,7485770,1995,722.81395816803,-0.791666671633707,221,-0.0808333333333333,0,0,0,0,0,1,1,1,0,0,0,1,1,1,1,0,0,0,1,0,1,1,1,1,0,1
"plant_dec_2_NB_SampleID_95",407870,7485770,1995,661.135962486267,-0.633333262056111,218,-0.0808333333333333,0,0,0,1,0,1,1,1,0,1,1,0,0,0,0,0,0,1,0,0,0,0,0,1,1,1
"plant_dec_2_NB_SampleID_96",471840,7485770,1995,695.441711425781,-0.725000088413555,221,-0.0808333333333333,0,0,0,0,0,1,1,0,0,0,1,0,0,0,0,1,0,0,0,0,1,0,0,1,1,1
"plant_dec_2_NB_SampleID_97",503830,7485770,1995,707.460200309754,-0.749999905625975,220,-0.0808333333333333,0,0,0,0,0,1,1,0,0,0,1,0,0,1,0,0,0,1,0,0,0,0,0,1,1,1
"plant_dec_2_NB_SampleID_98",535810,7485770,1995,745.905952453613,-0.700000093628961,218,-0.0808333333333333,0,0,0,0,0,1,1,1,0,0,0,0,1,1,0,0,0,1,0,0,1,0,0,1,1,1
"plant_dec_2_NB_SampleID_99",375880,7486370,1995,722.81395816803,-0.791666671633707,221,-0.0808333333333333,0,0,0,0,0,1,1,1,0,0,0,1,1,1,1,0,1,0,1,0,1,1,1,1,0,1
"plant_dec_2_NB_SampleID_100",407870,7486370,1995,661.135962486267,-0.633333262056111,218,-0.0808333333333333,0,0,0,0,1,1,1,0,1,0,1,0,0,0,0,0,0,0,0,1,0,0,0,1,1,1
"plant_dec_2_NB_SampleID_101",471840,7486370,1995,695.441711425781,-0.725000088413555,221,-0.0808333333333333,0,0,0,1,0,1,1,0,0,0,0,0,0,0,0,0,0,1,0,0,0,0,0,1,0,1
"plant_dec_2_NB_SampleID_102",503830,7486370,1995,707.460200309754,-0.749999905625975,220,-0.0808333333333333,0,0,0,0,1,1,1,0,0,0,1,0,0,0,1,0,0,0,0,0,0,0,0,1,1,1
"plant_dec_2_NB_SampleID_103",535810,7486370,1995,745.905952453613,-0.700000093628961,218,-0.0808333333333333,0,0,0,0,0,1,1,1,0,0,1,0,1,0,0,0,0,0,0,0,0,0,0,1,1,1
"plant_dec_2_NB_SampleID_104",567800,7486370,1995,758.153491973877,-0.675000047932069,218,-0.0808333333333333,0,0,0,0,1,1,1,0,0,0,1,0,0,0,0,0,0,0,0,0,0,0,0,1,1,1
"plant_dec_2_NB_SampleID_105",599790,7486370,1995,778.766403198242,-0.791666748623051,220,-0.0808333333333333,0,0,0,0,0,1,1,0,0,0,0,1,0,0,1,0,0,0,0,0,0,0,0,1,1,1
"plant_dec_2_NB_SampleID_106",375880,7486970,1995,748.393973350525,-1.03333349525929,221,-0.0808333333333333,0,0,1,0,0,1,1,0,0,0,0,1,1,1,1,0,0,0,0,0,1,0,1,1,0,1
"plant_dec_2_NB_SampleID_107",471840,7486970,1995,696.64746761322,-0.841666519641883,223,-0.0808333333333333,0,0,0,1,0,0,1,0,0,0,1,0,0,0,0,0,0,1,0,0,0,0,0,1,1,1
"plant_dec_2_NB_SampleID_108",567800,7486970,1995,758.297174453735,-0.700000092387206,218,-0.0808333333333333,0,0,1,0,1,1,1,0,0,0,1,0,0,0,0,0,0,1,0,0,0,0,0,1,1,1
"plant_dec_2_NB_SampleID_109",599790,7486970,1995,765.11188697815,-0.708333405355602,220,-0.0808333333333333,0,0,0,0,0,1,1,0,0,0,1,1,1,0,1,0,0,0,0,0,1,0,0,1,1,0
"plant_dec_2_NB_SampleID_110",359880,7509760,1995,784.142274856566,-1.25833323597909,221,-0.0808333333333333,0,0,1,0,0,1,1,0,0,0,0,0,0,0,0,0,1,0,0,0,1,0,0,1,0,1
"plant_dec_2_NB_SampleID_111",391870,7509760,1995,760.292818069458,-1.29999991257985,222,-0.0808333333333333,0,0,0,0,0,1,1,0,0,0,0,1,0,0,1,0,0,0,0,0,0,1,0,1,0,1
"plant_dec_2_NB_SampleID_112",455850,7509760,1995,723.764699935914,-1.15833318233489,223,-0.0808333333333333,0,0,1,0,0,1,1,1,0,0,0,0,1,0,0,0,0,0,0,0,1,0,0,1,1,1
"plant_dec_2_NB_SampleID_113",519820,7509760,1995,716.416855812073,-1.09166657427946,222,-0.0808333333333333,0,0,0,0,0,0,1,0,1,0,1,0,0,0,0,0,0,0,0,1,0,0,0,1,1,1
"plant_dec_2_NB_SampleID_114",551810,7509760,1995,774.093354225158,-1.10833323498567,218,-0.0808333333333333,0,0,0,1,0,0,1,0,0,0,0,0,0,0,0,0,0,0,0,0,0,0,0,1,0,1
"plant_dec_2_NB_SampleID_115",583790,7509760,1995,731.66685295105,-0.81666681667169,216,-0.0808333333333333,1,0,0,1,0,1,1,0,0,1,1,0,0,0,0,0,0,0,0,0,0,0,0,1,1,1
"plant_dec_2_NB_SampleID_116",359880,7510360,1995,784.142274856566,-1.25833323597909,221,-0.0808333333333333,0,0,0,0,0,1,1,0,0,0,0,0,0,1,0,0,0,1,0,0,0,0,0,1,0,1
"plant_dec_2_NB_SampleID_117",423860,7510360,1995,713.778003692627,-0.991666689515111,223,-0.0808333333333333,0,0,0,1,0,1,1,0,0,0,0,0,0,0,0,0,0,1,0,0,0,0,0,1,1,1
"plant_dec_2_NB_SampleID_118",487830,7510360,1995,653.740606307984,-0.924999982118608,224,-0.0808333333333333,0,0,0,0,0,1,1,1,0,0,1,0,0,1,0,0,0,0,0,0,0,1,0,1,1,1
"plant_dec_2_NB_SampleID_119",519820,7510360,1995,716.416855812073,-1.09166657427946,222,-0.0808333333333333,0,1,1,0,0,0,1,0,1,0,1,0,0,0,0,0,0,0,0,1,0,0,0,1,1,1
"plant_dec_2_NB_SampleID_120",551810,7510360,1995,774.093354225158,-1.10833323498567,218,-0.0808333333333333,0,0,0,1,0,0,1,0,0,0,0,0,0,0,0,0,0,1,0,0,0,0,0,1,0,1
"plant_dec_2_NB_SampleID_121",583790,7510360,1995,731.66685295105,-0.81666681667169,216,-0.0808333333333333,0,0,0,1,1,1,1,0,0,0,1,0,0,0,1,0,0,0,0,0,0,0,0,1,1,1
"plant_dec_2_NB_SampleID_122",423860,7510960,1995,713.778003692627,-0.991666689515111,223,-0.0808333333333333,0,0,0,0,0,1,1,0,0,0,0,1,0,0,1,0,0,1,0,0,0,1,0,1,1,1
"plant_dec_2_NB_SampleID_123",455850,7510960,1995,723.764699935914,-1.15833318233489,223,-0.0808333333333333,0,0,0,1,0,1,1,0,0,0,0,0,1,1,1,0,0,0,0,0,1,1,0,1,0,1
"plant_dec_2_NB_SampleID_124",519820,7510960,1995,716.416855812073,-1.09166657427946,222,-0.0808333333333333,0,0,0,0,0,1,1,1,0,0,1,0,0,0,0,0,1,1,0,1,0,0,0,1,1,1
"plant_dec_2_NB_SampleID_125",551810,7510960,1995,774.093354225158,-1.10833323498567,218,-0.0808333333333333,0,0,0,1,0,1,1,0,0,0,0,0,0,0,0,0,0,0,0,0,0,0,0,1,0,1
"plant_dec_2_NB_SampleID_126",583790,7510960,1995,731.66685295105,-0.81666681667169,216,-0.0808333333333333,0,0,0,0,0,0,1,0,0,0,0,0,0,0,0,0,0,1,0,0,0,0,0,1,1,1
"plant_dec_2_NB_SampleID_127",503830,7533750,1995,694.293732643127,-1.25000002980233,223,-0.0808333333333333,1,1,0,1,0,0,1,0,0,0,1,0,0,0,0,0,0,0,0,0,0,0,0,1,1,1
"plant_dec_2_NB_SampleID_128",535810,7533750,1995,755.181709289551,-1.21666681766509,219,-0.0808333333333333,0,0,1,1,0,1,1,0,0,0,1,0,0,0,0,0,1,0,0,0,1,0,0,1,1,1
"plant_dec_2_NB_SampleID_129",599790,7533750,1995,703.173602104187,-0.741666679581004,219,-0.0808333333333333,0,0,0,0,0,1,1,0,0,0,1,0,0,0,0,0,0,1,0,0,0,0,0,1,1,1
"plant_dec_2_NB_SampleID_130",375880,7534350,1995,744.436758995056,-1.3333332935969,222,-0.0808333333333333,0,0,0,1,0,0,1,0,0,0,0,0,0,0,0,0,0,1,0,0,0,0,0,1,0,1
"plant_dec_2_NB_SampleID_131",535810,7534350,1995,755.181709289551,-1.21666681766509,219,-0.0808333333333333,0,0,0,0,0,0,1,0,0,0,0,0,0,0,0,0,0,1,0,0,0,0,0,1,0,1
"plant_dec_2_NB_SampleID_132",567800,7534350,1995,753.546953201293,-1.05833329757053,217,-0.0808333333333333,0,0,0,1,0,1,1,0,0,0,0,0,0,0,0,0,0,1,0,0,0,0,0,1,0,1
"plant_dec_2_NB_SampleID_133",599790,7534350,1995,703.173602104187,-0.741666679581004,219,-0.0808333333333333,0,1,1,0,1,1,1,0,0,0,0,0,0,0,1,0,1,1,0,0,0,0,0,1,1,1
"plant_dec_2_NB_SampleID_134",407870,7534950,1995,721.848581314087,-1.17499985297521,223,-0.0808333333333333,0,0,0,0,0,0,1,0,1,0,0,0,0,1,0,0,0,0,0,0,0,0,0,1,1,1
"plant_dec_2_NB_SampleID_135",439850,7534950,1995,734.172428131103,-1.23333316047985,223,-0.0808333333333333,0,1,0,0,1,1,1,0,0,0,1,0,0,0,0,0,1,0,0,0,0,0,0,1,1,1
"plant_dec_2_NB_SampleID_136",535810,7534950,1995,755.181709289551,-1.21666681766509,219,-0.0808333333333333,0,0,1,1,1,1,1,0,0,0,1,0,0,0,0,0,0,0,0,0,0,0,0,1,1,1
"plant_dec_2_NB_SampleID_137",599790,7534950,1995,703.173602104187,-0.741666679581004,219,-0.0808333333333333,0,0,1,0,0,1,1,1,0,0,0,0,1,1,0,0,1,0,0,0,1,0,0,1,1,1
"plant_dec_2_NB_SampleID_138",359880,7557740,1995,705.148609161376,-1.67500012119612,224,-0.0808333333333333,0,0,0,1,0,0,1,0,0,0,0,0,0,0,0,0,0,1,0,0,0,0,0,1,0,1
"plant_dec_2_NB_SampleID_139",455850,7557740,1995,768.028581619263,-1.45833353201549,221,-0.0808333333333333,0,0,0,0,0,0,1,0,0,0,1,0,0,0,0,0,0,1,0,0,0,0,0,1,0,1
"plant_dec_2_NB_SampleID_140",551810,7557740,1995,784.091474533081,-1.30000000198682,222,-0.0808333333333333,0,0,0,1,0,1,1,0,0,0,0,0,0,0,0,0,0,1,0,0,0,0,0,1,0,1
"plant_dec_2_NB_SampleID_141",423860,7558340,1995,776.820857524872,-1.57500010728836,221,-0.0808333333333333,0,0,0,1,0,1,1,0,0,0,0,0,0,0,0,0,0,1,0,0,0,0,0,1,0,1
"plant_dec_2_NB_SampleID_142",519820,7558340,1995,771.26362991333,-1.31666665275892,222,-0.0808333333333333,0,0,0,1,0,0,1,0,0,0,0,0,0,0,0,0,0,1,0,0,0,0,0,1,0,1
"plant_dec_2_NB_SampleID_143",551810,7558340,1995,784.091474533081,-1.30000000198682,222,-0.0808333333333333,0,0,0,0,0,1,1,0,0,1,1,1,0,1,0,0,1,0,0,0,0,0,0,1,1,1
"plant_dec_2_NB_SampleID_144",583790,7558340,1995,719.571829795838,-0.866666724284476,219,-0.0808333333333333,0,0,1,0,0,1,0,1,0,0,0,1,1,1,0,0,0,0,0,0,1,1,1,1,0,1
"plant_dec_2_NB_SampleID_145",455850,7558940,1995,768.028581619263,-1.45833353201549,221,-0.0808333333333333,0,0,0,0,0,1,1,0,0,0,1,0,0,0,0,0,0,1,0,0,0,0,0,1,0,1
"plant_dec_2_NB_SampleID_146",487830,7558940,1995,714.370772361755,-1.32499998807906,223,-0.0808333333333333,0,1,0,0,0,1,1,0,1,0,1,0,0,0,0,0,0,0,0,0,0,0,0,1,1,1
"plant_dec_2_NB_SampleID_147",551810,7558940,1995,784.091474533081,-1.30000000198682,222,-0.0808333333333333,1,0,1,1,0,1,1,0,0,1,0,0,0,1,0,0,0,1,0,0,1,0,0,1,1,1
"plant_dec_2_NB_SampleID_148",375880,7581730,1995,693.327210903168,-1.908333192269,223,-0.0808333333333333,0,0,0,0,0,1,1,0,0,0,0,0,0,0,0,0,0,1,0,0,0,0,0,0,0,1
"plant_dec_2_NB_SampleID_149",503830,7581730,1995,775.380237579345,-1.19999998807907,222,-0.0808333333333333,0,0,0,0,0,1,1,0,0,1,0,0,0,0,1,0,0,0,0,0,1,0,0,1,1,1
"plant_dec_2_NB_SampleID_150",535810,7581730,1995,764.29733467102,-1.07499996821086,219,-0.0808333333333333,0,0,0,1,0,0,1,0,0,0,0,0,0,0,0,0,0,1,0,0,0,0,0,1,0,1
"plant_dec_2_NB_SampleID_151",535810,7582330,1995,764.29733467102,-1.07499996821086,219,-0.0808333333333333,0,0,0,1,0,0,1,0,0,0,0,0,0,0,0,0,0,1,0,0,0,0,0,1,0,1
"plant_dec_2_NB_SampleID_152",343890,7582930,1995,665.441124916077,-1.87499999999999,225,-0.0808333333333333,0,0,1,0,0,1,1,0,0,0,0,0,0,1,0,0,0,0,0,0,0,0,0,1,0,1
"plant_dec_2_NB_SampleID_153",375880,7582930,1995,693.327210903168,-1.908333192269,223,-0.0808333333333333,0,1,0,1,0,1,1,0,0,0,0,0,0,0,0,0,0,0,0,0,0,0,0,1,1,1
"plant_dec_2_NB_SampleID_154",439850,7582930,1995,771.329883575439,-1.72500002384186,221,-0.0808333333333333,0,1,0,0,0,1,0,1,1,0,0,0,0,0,0,0,0,0,0,0,1,0,1,0,1,1
"plant_dec_2_NB_SampleID_155",503830,7582930,1995,775.380237579345,-1.19999998807907,222,-0.0808333333333333,0,1,1,0,0,1,1,0,0,0,1,0,1,1,0,0,0,0,0,0,0,0,0,1,1,1
"plant_dec_2_NB_SampleID_156",535810,7582930,1995,764.29733467102,-1.07499996821086,219,-0.0808333333333333,0,0,0,1,0,1,1,0,0,1,0,1,0,0,1,0,0,0,0,0,1,0,0,1,0,1
"plant_dec_2_NB_SampleID_157",519820,7605720,1995,754.556708335876,-1.08333322405814,216,-0.0808333333333333,0,0,0,1,0,1,1,0,0,0,1,0,0,0,0,0,0,0,0,0,0,0,0,1,0,1
"plant_dec_2_NB_SampleID_158",519820,7606320,1995,754.556708335876,-1.08333322405814,216,-0.0808333333333333,0,0,0,1,0,0,1,0,0,0,1,0,0,0,0,0,0,1,0,0,0,0,0,1,1,1
"plant_dec_2_NB_SampleID_159",551810,7606320,1995,736.560680389404,-0.958333303531008,219,-0.0808333333333333,0,0,1,1,0,0,1,0,0,0,0,0,0,0,1,0,0,0,0,0,0,0,0,1,0,1
"plant_dec_2_NB_SampleID_160",551810,7606920,1995,746.685656547547,-1.04166666666667,220,-0.0808333333333333,0,0,0,1,0,1,1,0,0,0,0,0,0,0,0,0,0,0,0,0,0,0,0,1,1,1
"plant_dec_2_NB_SampleID_161",439850,7629710,1995,700.372473716736,-1.85833335916201,226,-0.0808333333333333,0,1,0,0,1,1,1,0,1,0,1,0,0,0,0,0,0,0,0,1,0,0,0,1,1,1
"plant_dec_2_NB_SampleID_162",471840,7629710,1995,726.836534976959,-1.55000005165737,221,-0.0808333333333333,0,0,0,0,0,1,1,0,0,0,1,1,0,0,0,0,0,0,0,0,0,0,0,1,1,1
"plant_dec_2_NB_SampleID_163",503830,7629710,1995,749.794943809509,-1.27499989668527,219,-0.0808333333333333,0,0,0,0,0,1,1,0,0,0,1,0,0,0,0,0,0,0,0,0,0,0,0,1,1,1
"plant_dec_2_NB_SampleID_164",439850,7630310,1995,700.372473716736,-1.85833335916201,226,-0.0808333333333333,0,1,0,0,0,1,1,0,0,0,0,0,0,0,0,0,0,0,0,0,0,0,0,1,1,1
"plant_dec_2_NB_SampleID_165",471840,7630310,1995,726.836534976959,-1.55000005165737,221,-0.0808333333333333,0,0,0,0,0,1,1,0,0,0,1,1,0,0,0,0,0,0,0,0,1,0,0,1,1,1
"plant_dec_2_NB_SampleID_166",535810,7630310,1995,703.876845359803,-0.900000025828683,220,-0.0808333333333333,0,0,0,0,0,1,1,1,0,0,1,1,0,0,0,0,0,0,0,0,0,0,0,1,1,1
"plant_dec_2_NB_SampleID_167",567800,7630310,1995,738.23300075531,-0.949999998013185,218,-0.0808333333333333,0,0,1,0,0,1,1,0,0,0,1,0,0,0,0,0,0,0,0,0,0,0,0,1,1,1
"plant_dec_2_NB_SampleID_168",471840,7630910,1995,726.836534976959,-1.55000005165737,221,-0.0808333333333333,0,1,0,1,0,1,1,0,0,0,1,0,0,0,0,0,0,0,0,0,1,0,0,1,1,1
"plant_dec_2_NB_SampleID_169",503830,7630910,1995,749.794943809509,-1.27499989668527,219,-0.0808333333333333,0,0,0,0,0,1,1,0,0,0,1,0,0,0,0,0,0,0,0,0,0,0,0,1,0,1
"plant_dec_2_NB_SampleID_170",535810,7630910,1995,703.876845359803,-0.900000025828683,220,-0.0808333333333333,0,0,1,0,0,1,1,0,0,0,1,1,0,1,0,0,0,0,0,0,0,0,0,1,1,1
"plant_dec_2_NB_SampleID_171",455850,7653700,1995,718.086926460266,-1.8083333770434,224,-0.0808333333333333,0,0,0,1,0,0,1,0,0,0,0,0,0,0,0,0,0,1,0,0,0,0,0,1,1,1
"plant_dec_2_NB_SampleID_172",487830,7653700,1995,730.712439775468,-1.29166664679844,219,-0.0808333333333333,0,0,0,0,0,0,1,0,0,0,1,0,0,0,0,0,0,0,0,0,0,0,0,1,0,1
"plant_dec_2_NB_SampleID_173",551810,7653700,1995,706.263518333434,-1.05000000198682,220,-0.0808333333333333,0,0,0,0,0,1,1,0,0,0,1,0,0,0,0,0,0,0,0,0,0,0,0,1,0,1
"plant_dec_2_NB_SampleID_174",455850,7654300,1995,718.086926460266,-1.8083333770434,224,-0.0808333333333333,0,0,0,0,0,0,1,0,0,0,0,0,0,0,0,0,0,0,0,0,0,0,0,1,1,1
"plant_dec_2_NB_SampleID_175",487830,7654300,1995,730.712439775468,-1.29166664679844,219,-0.0808333333333333,0,0,0,1,0,0,1,0,0,0,1,0,0,0,0,0,0,1,0,0,0,0,0,1,0,1
"plant_dec_2_NB_SampleID_176",551810,7654300,1995,706.263518333434,-1.05000000198682,220,-0.0808333333333333,1,0,0,0,0,1,1,0,1,0,1,1,0,1,1,0,0,0,0,0,1,0,0,1,1,1
"plant_dec_2_NB_SampleID_177",455850,7654900,1995,718.086926460266,-1.8083333770434,224,-0.0808333333333333,0,0,0,1,0,1,1,0,0,0,1,0,0,0,0,0,0,0,0,0,0,0,0,1,1,1
"plant_dec_2_NB_SampleID_178",487830,7654900,1995,730.712439775468,-1.29166664679844,219,-0.0808333333333333,0,0,0,0,0,1,1,0,1,1,1,0,0,0,0,0,0,0,0,0,1,0,0,1,1,1
"plant_dec_2_NB_SampleID_179",551810,7654900,1995,706.263518333434,-1.05000000198682,220,-0.0808333333333333,0,1,0,0,0,1,1,0,1,0,1,0,0,0,0,0,0,0,0,1,0,0,0,1,1,1
"plant_dec_2_NB_SampleID_180",535810,7677690,1995,664.27073764801,-1.30833331743876,220,-0.0808333333333333,0,0,0,0,0,1,1,0,0,0,1,1,0,0,0,0,0,0,0,0,0,0,0,1,0,1
"plant_dec_2_NB_SampleID_181",535810,7678290,1995,664.27073764801,-1.30833331743876,220,-0.0808333333333333,0,0,1,0,0,1,1,0,0,0,1,0,0,0,0,0,0,0,0,1,0,0,0,1,0,1
"plant_dec_2_NB_SampleID_182",567800,7678290,1995,712.571386337281,-1.34166663885117,223,-0.0808333333333333,0,0,0,0,0,0,1,0,0,0,0,0,0,0,0,0,0,0,0,0,0,0,0,1,0,1
"plant_dec_2_NB_SampleID_183",503830,7678890,1995,688.027621269226,-1.65833336114883,220,-0.0808333333333333,0,0,0,0,0,1,1,0,0,0,1,0,0,0,0,0,0,0,0,0,0,0,0,1,1,1
"plant_dec_2_NB_SampleID_184",503830,7726270,1995,734.586931228638,-1.89166676998138,219,-0.0808333333333333,0,0,0,0,0,1,1,0,0,0,0,0,0,0,0,0,0,1,0,0,0,0,0,1,1,1
"plant_dec_2_NB_SampleID_185",567800,7726870,1995,671.480754852295,-1.41666666666667,225,-0.0808333333333333,0,0,1,0,0,1,1,1,0,0,1,0,0,0,0,0,0,0,0,0,0,0,0,0,0,1
