"sampleID","x-coordinate","y-coordinate","Year","annuprec","annutemp","annusnowcount","annuNAO","Agrostis capillaris","Alnus incana","Anemone nemorosa","Angelica sylvestris","Betula pendula","Betula pubescens","Calamagrostis arundinacea","Calamagrostis epigejos","Calluna vulgaris","Carex digitata","Carex globularis","Convallaria majalis","Deschampsia cespitosa","Deschampsia flexuosa","Dryopteris carthusiana","Empetrum nigrum","Epilobium angustifolium","Equisetum sylvaticum","Fragaria vesca","Geranium sylvaticum","Goodyera repens","Gymnocarpium dryopteris","Hepatica nobilis","Juniperus communis","Linnaea borealis","Luzula pilosa","Lycopodium annotinum","Maianthemum bifolium","Melampyrum pratense","Melampyrum sylvaticum","Melica nutans","Orthilia secunda","Oxalis acetosella","Picea abies","Pinus sylvestris","Populus tremula","Potentilla erecta","Pteridium aquilinum","Rubus idaeus","Rubus saxatilis","Salix caprea","Solidago virgaurea","Sorbus aucuparia","Trientalis europaea","Vaccinium myrtillus","Vaccinium vitis-idaea","Veronica chamaedrys","Veronica officinalis","Viola palustris","Viola riviniana"
"plant_dec_3_SB_SampleID_1",292910,6647710,2006,658.118556022644,6.54999993244807,118,-0.2075,1,0,0,0,0,1,1,0,0,0,0,0,0,1,0,0,0,0,0,0,0,0,0,0,0,1,0,1,1,0,0,1,1,0,0,0,0,0,0,0,0,0,0,1,0,0,0,0,0,0
"plant_dec_3_SB_SampleID_2",308910,6662900,2006,638.602803707123,6.34166671832403,130,-0.2075,0,0,0,0,0,0,0,0,0,0,0,0,0,1,0,0,0,0,0,0,0,0,0,0,0,1,0,1,1,0,0,0,0,0,1,0,0,1,0,0,0,0,0,0,1,1,0,0,0,0
"plant_dec_3_SB_SampleID_3",356890,6662900,2006,581.353667259217,6.25833324591319,128,-0.2075,0,0,0,0,0,0,0,0,1,0,0,0,0,1,0,0,0,0,0,0,0,0,0,0,0,0,0,0,0,0,0,0,0,1,1,0,0,0,0,0,0,0,0,0,1,1,0,0,0,0
"plant_dec_3_SB_SampleID_4",324900,6663700,2006,612.431552410126,6.28333328167597,131,-0.2075,0,0,0,0,0,0,0,0,0,0,0,0,0,1,0,0,0,0,0,0,0,0,0,0,1,0,0,1,1,1,0,1,0,1,0,1,0,0,0,0,0,0,1,1,1,1,0,0,0,0
"plant_dec_3_SB_SampleID_5",276920,6678900,2006,716.836153030395,6.31666656335194,134,-0.2075,0,0,0,0,0,0,0,0,1,0,0,0,0,1,0,0,0,0,0,0,0,0,0,0,0,0,0,0,0,0,0,0,0,0,0,0,0,0,0,0,0,0,0,1,1,1,0,0,0,0
"plant_dec_3_SB_SampleID_6",340890,6678900,2006,615.847768783569,6.20833345254262,131,-0.2075,0,0,0,0,0,0,1,0,1,1,0,0,0,1,0,0,0,0,0,0,0,0,1,0,0,1,0,1,0,1,1,1,0,0,0,0,0,1,0,0,0,0,1,1,1,1,0,0,0,1
"plant_dec_3_SB_SampleID_7",260930,6694890,2006,770.858324050903,6.45833335320155,130,-0.2075,0,0,1,0,0,0,1,0,0,1,0,0,0,1,0,0,0,0,0,0,0,0,0,0,0,1,0,1,0,0,0,0,1,0,1,0,0,1,1,0,0,0,1,1,1,0,0,1,0,0
"plant_dec_3_SB_SampleID_8",276920,6694890,2006,683.931093215942,6.3416666785876,133,-0.2075,0,0,0,0,0,0,0,0,0,0,0,0,0,1,0,0,0,0,0,0,0,0,0,1,0,1,0,0,0,0,0,0,0,0,1,1,0,0,0,0,0,0,0,1,1,1,0,0,0,0
"plant_dec_3_SB_SampleID_9",292910,6694890,2006,660.349338531494,6.20000006755193,135,-0.2075,1,0,0,0,0,0,0,0,0,1,0,0,1,1,1,0,1,0,0,0,0,0,0,0,0,0,0,0,0,0,0,0,1,0,0,0,0,0,1,0,0,0,1,1,1,1,0,0,0,0
"plant_dec_3_SB_SampleID_10",308910,6694890,2006,641.950467586518,5.96666655937832,134,-0.2075,0,0,0,0,0,0,1,0,0,0,0,1,0,1,0,0,0,0,0,0,0,0,0,0,1,1,0,1,1,0,0,1,0,1,0,0,0,1,0,0,0,1,0,1,1,1,0,0,0,0
"plant_dec_3_SB_SampleID_11",324900,6694890,2006,611.12273311615,5.99999992052714,131,-0.2075,0,0,0,0,0,1,0,0,0,0,0,0,0,1,0,0,0,0,0,0,0,0,0,0,0,0,0,1,1,0,0,0,0,1,0,0,0,0,0,0,0,0,0,1,1,1,0,0,0,0
"plant_dec_3_SB_SampleID_12",340890,6694890,2006,590.639550209046,6.0833334128062,131,-0.2075,0,0,1,0,0,0,0,0,0,1,0,0,0,1,1,0,0,0,1,0,0,0,1,0,0,1,0,0,0,0,1,0,1,0,0,0,0,0,0,0,0,0,1,0,1,1,0,0,0,1
"plant_dec_3_SB_SampleID_13",420860,6694890,2006,628.203434944153,5.94999987880389,125,-0.2075,0,0,0,0,0,0,0,0,0,0,0,0,0,1,0,0,0,0,0,0,0,0,0,0,0,0,0,0,0,0,0,0,0,0,0,0,0,0,0,0,0,0,0,0,1,1,0,0,0,0
"plant_dec_3_SB_SampleID_14",436860,6694890,2006,668.999689102173,5.76666661103566,129,-0.2075,0,0,0,0,0,0,0,0,0,0,0,0,0,0,0,0,0,0,0,0,1,0,0,0,0,0,0,0,0,0,0,0,0,0,0,0,0,0,0,0,0,0,0,0,1,1,0,0,0,0
"plant_dec_3_SB_SampleID_15",468840,6694890,2006,635.68911743164,5.69166672229767,130,-0.2075,1,0,0,0,0,1,0,0,0,1,0,0,0,0,0,0,1,0,0,0,0,0,0,0,1,1,0,1,1,1,1,0,1,1,1,1,0,0,1,0,0,0,1,1,1,0,0,1,0,1
"plant_dec_3_SB_SampleID_16",404870,6695690,2006,611.109586715698,5.94166669249534,124,-0.2075,0,0,1,0,0,0,1,0,0,1,0,1,0,1,0,0,0,0,0,0,0,0,0,0,0,0,0,1,0,0,0,0,1,0,0,0,0,0,1,0,0,0,1,1,1,1,0,0,0,0
"plant_dec_3_SB_SampleID_17",356890,6696090,2006,632.695762634277,5.92500003178916,138,-0.2075,0,0,0,0,1,0,1,0,1,0,0,1,0,1,0,0,0,0,0,0,0,0,0,0,1,1,0,1,1,1,0,0,0,1,1,1,0,1,1,1,0,0,1,1,1,1,0,0,0,0
"plant_dec_3_SB_SampleID_18",228940,6710880,2006,792.851694107056,6.66666666666667,122,-0.2075,0,0,0,0,0,0,1,0,0,1,0,0,0,1,0,0,0,0,0,0,0,0,0,0,0,1,0,0,0,0,0,0,0,0,0,0,0,0,0,0,0,0,1,0,0,0,0,0,0,0
"plant_dec_3_SB_SampleID_19",324900,6710880,2006,635.925161361694,5.74999981125195,134,-0.2075,0,0,0,0,0,0,0,0,0,0,0,0,0,1,0,0,0,0,0,0,0,0,0,0,1,1,0,1,1,0,0,0,0,1,0,0,0,0,0,0,0,0,1,1,1,1,0,0,0,0
"plant_dec_3_SB_SampleID_20",340890,6710880,2006,618.654687881469,5.7249998251597,146,-0.2075,1,0,0,0,1,0,1,0,0,0,0,0,0,1,1,0,1,0,0,0,0,0,0,0,0,1,0,1,0,0,0,0,1,1,0,0,0,0,1,1,0,1,1,1,1,0,0,0,0,1
"plant_dec_3_SB_SampleID_21",388880,6710880,2006,578.641422271729,5.65833324193955,139,-0.2075,1,0,1,1,0,0,1,1,0,0,0,1,1,1,0,0,1,1,1,1,0,0,0,0,1,1,0,1,0,1,0,0,1,0,0,0,0,1,1,0,0,1,1,1,1,0,1,1,0,1
"plant_dec_3_SB_SampleID_22",420860,6710880,2006,617.878389358521,5.59166662891706,139,-0.2075,0,0,0,0,0,0,1,0,1,0,0,0,0,1,0,0,1,0,0,0,0,0,0,0,0,1,0,1,0,0,0,0,0,1,0,0,0,0,1,0,0,0,0,1,1,1,0,0,0,0
"plant_dec_3_SB_SampleID_23",484840,6710880,2006,647.338018417359,5.55833346148332,142,-0.2075,0,0,0,0,0,0,0,0,0,0,0,0,0,1,0,0,0,0,0,0,1,0,0,0,1,1,0,1,1,0,0,0,0,0,0,0,0,0,0,0,0,0,0,1,1,1,0,0,0,0
"plant_dec_3_SB_SampleID_24",516820,6710880,2006,611.706268310547,5.45000011722247,133,-0.2075,0,0,0,0,0,0,0,0,0,0,0,0,0,0,0,0,0,0,0,0,0,0,0,0,0,0,0,1,0,0,0,0,0,0,0,0,0,0,0,0,0,0,0,0,1,1,0,0,0,0
"plant_dec_3_SB_SampleID_25",532820,6710880,2006,650.141927719117,5.25833331048488,132,-0.2075,0,0,0,0,0,0,1,0,0,0,0,0,0,1,0,0,0,0,0,0,0,0,0,0,0,0,0,1,1,0,0,0,0,1,0,0,0,0,0,0,0,1,0,1,1,1,0,0,0,0
"plant_dec_3_SB_SampleID_26",260930,6711280,2006,782.610786437988,6.21666653951009,128,-0.2075,0,0,0,0,1,0,0,0,1,0,0,0,0,1,0,0,0,0,0,0,0,0,0,1,0,0,0,0,0,0,0,0,0,0,1,0,0,1,0,0,0,0,1,1,1,1,0,0,0,0
"plant_dec_3_SB_SampleID_27",276920,6711280,2006,697.974378585816,6.04999993244807,135,-0.2075,0,0,0,0,0,0,0,0,1,0,0,0,0,0,0,0,0,0,0,0,0,0,0,0,0,1,0,0,1,0,0,0,0,1,1,0,0,0,0,0,0,0,0,0,1,1,0,0,0,0
"plant_dec_3_SB_SampleID_28",372880,6711280,2006,692.431329727173,5.59166647990544,143,-0.2075,0,0,0,0,0,0,0,0,1,0,0,0,0,0,0,0,0,0,0,0,0,0,0,0,0,1,0,0,1,0,0,0,0,0,1,0,0,0,0,0,0,0,0,0,1,1,0,0,0,0
"plant_dec_3_SB_SampleID_29",356890,6712080,2006,666.255264282227,5.62499993046124,133,-0.2075,0,0,0,0,0,0,1,0,0,1,0,0,0,0,1,0,0,1,1,0,0,1,0,0,1,0,1,1,0,0,0,0,1,1,0,0,0,0,1,1,0,0,1,1,1,1,0,0,0,1
"plant_dec_3_SB_SampleID_30",292910,6726880,2006,642.33804321289,5.81666690111161,108,-0.2075,1,0,0,1,0,0,1,0,0,0,0,0,1,1,0,0,1,0,1,1,0,0,0,0,0,1,0,1,0,0,0,0,0,1,0,0,0,0,1,1,0,1,0,1,0,1,0,1,0,1
"plant_dec_3_SB_SampleID_31",324900,6726880,2006,651.687906265259,5.64999994635581,148,-0.2075,0,0,0,0,1,0,0,1,1,0,1,0,0,1,0,0,1,0,0,0,0,0,0,0,0,1,0,1,0,0,0,0,0,0,1,1,1,0,1,0,0,0,0,1,1,1,0,0,0,0
"plant_dec_3_SB_SampleID_32",340890,6726880,2006,637.602535247803,5.59166661898295,149,-0.2075,1,0,1,0,0,1,1,0,0,0,0,1,1,1,1,0,0,1,0,0,0,1,0,0,1,1,0,1,0,1,0,0,1,1,0,0,0,0,0,1,0,0,1,1,1,0,0,0,0,0
"plant_dec_3_SB_SampleID_33",372880,6726880,2006,632.280649185181,5.45000014205774,136,-0.2075,0,0,1,0,0,0,1,0,0,1,0,1,0,0,0,0,0,0,0,0,0,0,0,0,0,1,0,1,1,1,0,0,1,0,0,1,0,0,0,0,0,1,1,1,1,1,0,0,0,0
"plant_dec_3_SB_SampleID_34",388880,6726880,2006,603.704607009888,5.38333341479301,135,-0.2075,1,0,0,1,0,1,1,0,0,0,0,0,1,0,1,0,1,1,1,1,0,1,0,0,0,0,0,1,0,1,0,0,1,0,0,0,0,0,1,0,0,1,1,1,0,0,0,0,1,0
"plant_dec_3_SB_SampleID_35",500830,6726880,2006,553.237591743469,5.40000010778507,143,-0.2075,1,0,0,0,0,1,1,0,0,1,0,0,1,1,1,0,1,1,1,0,0,0,0,0,0,1,0,1,0,0,0,1,1,0,0,1,0,0,1,1,0,1,1,1,1,1,1,0,0,1
"plant_dec_3_SB_SampleID_36",516820,6726880,2006,560.970889091491,5.22499996051193,146,-0.2075,0,0,0,0,0,0,0,0,0,0,0,1,0,1,0,0,0,0,0,0,0,0,0,0,0,0,0,1,0,0,0,0,0,0,0,0,0,0,0,0,0,0,0,1,1,1,0,0,0,0
"plant_dec_3_SB_SampleID_37",532820,6726880,2006,584.854721069336,5.11666662308076,143,-0.2075,0,0,0,0,0,0,1,0,0,1,0,0,0,1,0,0,0,0,0,0,0,1,0,0,0,0,0,1,1,0,0,1,1,1,0,0,0,0,0,0,0,1,1,1,1,1,0,0,0,0
"plant_dec_3_SB_SampleID_38",548810,6726900,2006,582.162851333618,5.04166664679845,142,-0.2075,0,0,0,0,0,0,0,0,1,0,0,0,0,1,0,0,0,0,0,0,0,0,0,0,0,1,0,0,0,0,0,0,0,0,0,0,0,0,0,0,0,0,0,0,1,1,0,0,0,0
"plant_dec_3_SB_SampleID_39",420860,6727280,2006,611.239999771118,5.38333332538606,136,-0.2075,0,0,0,0,0,0,1,0,0,1,0,1,0,1,0,0,0,0,0,0,0,0,0,0,0,1,0,1,1,0,0,0,1,0,0,0,0,1,0,0,0,1,1,1,1,1,0,0,0,0
"plant_dec_3_SB_SampleID_40",260930,6728080,2006,776.673357009887,6.05000006159148,131,-0.2075,0,0,0,0,0,0,0,0,1,0,0,0,0,1,0,0,0,0,0,0,0,0,0,0,0,0,0,0,0,0,0,0,0,0,1,0,0,0,0,0,0,0,0,0,1,1,0,0,0,0
"plant_dec_3_SB_SampleID_41",292910,6742870,2006,636.945096969604,5.74166668454806,128,-0.2075,0,0,1,0,0,1,1,0,0,0,0,0,1,1,1,0,1,0,0,0,0,0,0,0,1,1,0,1,1,1,0,0,1,1,0,0,0,0,1,1,0,0,0,1,1,1,0,1,0,1
"plant_dec_3_SB_SampleID_42",404870,6742870,2006,612.938591957092,5.28333335369824,137,-0.2075,0,0,0,0,0,0,1,0,0,0,0,1,0,1,0,0,0,0,0,0,0,0,0,0,1,1,0,1,0,0,0,0,0,1,1,0,0,1,0,0,0,0,1,1,1,0,0,0,0,0
"plant_dec_3_SB_SampleID_43",500830,6742870,2006,554.856850624084,5.34166684374213,149,-0.2075,0,0,0,0,0,0,0,0,1,0,0,0,0,1,0,0,0,0,0,0,1,0,0,0,0,0,0,0,0,0,0,0,0,0,0,0,0,0,0,0,0,0,0,0,1,1,0,0,0,0
"plant_dec_3_SB_SampleID_44",532820,6742870,2006,554.583711624145,5.08333343267441,144,-0.2075,0,0,0,0,0,0,0,0,1,0,0,0,0,0,0,1,0,0,0,0,1,0,0,0,0,0,0,0,1,0,0,0,0,0,0,0,0,0,0,0,0,0,0,0,1,1,0,0,0,0
"plant_dec_3_SB_SampleID_45",564800,6742870,2006,575.28384399414,4.92499996411304,148,-0.2075,1,1,0,0,0,0,1,0,0,0,0,0,1,1,1,0,1,0,0,0,0,0,0,0,0,1,0,0,0,0,0,0,1,0,0,0,1,0,1,1,0,0,1,1,0,1,0,0,0,1
"plant_dec_3_SB_SampleID_46",548810,6742870,2006,572.103712081909,4.96666658110916,146,-0.2075,0,0,0,0,0,0,1,0,1,0,0,1,0,1,0,0,0,0,0,0,0,0,0,0,0,0,0,0,1,0,0,0,0,0,0,0,0,0,0,0,0,0,1,0,1,1,0,0,0,0
"plant_dec_3_SB_SampleID_47",308910,6743670,2006,641.372909545898,5.62499998013178,129,-0.2075,0,0,0,0,0,0,1,0,0,0,0,0,0,1,0,0,0,0,0,0,0,1,0,0,1,0,0,1,0,0,0,0,0,0,0,1,0,0,0,0,0,0,0,1,1,1,0,0,0,0
"plant_dec_3_SB_SampleID_48",372880,6743670,2006,621.612684249878,5.49166677892209,135,-0.2075,1,1,0,0,0,0,1,0,0,1,1,1,1,1,1,0,0,1,1,0,0,1,0,0,1,1,0,1,0,1,0,0,1,1,0,0,0,0,0,0,0,1,1,1,1,1,1,0,0,1
"plant_dec_3_SB_SampleID_49",436860,6744070,2006,636.458930015565,5.33333325882752,134,-0.2075,0,0,0,0,0,0,0,0,1,0,0,0,0,1,0,0,0,0,0,0,0,0,0,0,0,1,0,0,0,0,0,0,0,1,0,0,0,0,0,0,0,0,0,1,1,1,0,0,0,0
"plant_dec_3_SB_SampleID_50",196950,6758860,2006,715.608180999756,6.37499992052714,123,-0.2075,0,0,0,0,0,0,0,0,1,0,0,0,0,0,0,1,0,0,0,0,0,0,0,0,0,0,0,0,0,0,0,0,0,0,1,0,0,0,0,0,0,0,0,0,1,1,0,0,0,0
"plant_dec_3_SB_SampleID_51",340890,6758860,2006,657.699010848999,5.47499992946784,138,-0.2075,0,0,0,0,0,1,1,1,1,0,1,0,0,1,1,0,1,0,0,0,0,0,0,0,0,1,0,0,1,0,1,0,0,0,0,0,0,0,0,0,0,0,0,1,1,1,0,0,0,0
"plant_dec_3_SB_SampleID_52",372880,6758860,2006,633.661192893982,5.51666661600273,132,-0.2075,0,0,0,0,0,1,0,0,0,0,0,0,0,1,1,0,1,0,0,0,0,1,0,0,1,1,0,1,0,0,0,0,1,1,0,0,0,0,0,0,0,0,1,1,1,1,0,0,0,0
"plant_dec_3_SB_SampleID_53",388880,6758860,2006,615.422528266907,5.1416666160027,140,-0.2075,0,0,0,0,0,1,0,0,0,0,1,0,0,1,0,0,0,1,0,0,0,0,0,0,0,0,0,1,0,1,0,0,0,1,0,1,0,0,0,0,0,0,1,0,1,1,0,0,0,0
"plant_dec_3_SB_SampleID_54",452850,6758860,2006,631.913303375244,5.32500002409021,145,-0.2075,0,0,0,0,1,0,1,0,1,0,0,0,0,1,0,0,0,0,0,0,0,0,0,0,0,0,0,0,0,0,0,0,0,1,1,0,0,0,0,0,0,0,0,0,1,1,0,0,0,0
"plant_dec_3_SB_SampleID_55",484840,6758860,2006,600.368746757507,5.30833337518075,151,-0.2075,0,0,0,0,0,0,0,0,0,0,0,0,0,1,0,0,0,0,0,0,0,0,0,0,0,1,0,1,1,0,0,0,0,1,0,0,0,0,0,0,0,0,1,0,1,1,0,0,0,0
"plant_dec_3_SB_SampleID_56",500830,6758860,2006,576.67380809784,5.25833334525426,151,-0.2075,0,0,0,0,0,0,1,0,1,1,0,1,0,1,0,0,1,0,0,0,0,0,0,0,0,1,0,0,0,0,0,0,0,0,0,0,0,1,1,1,0,0,1,1,1,1,0,0,0,1
"plant_dec_3_SB_SampleID_57",516820,6758860,2006,535.795628547669,5.15833331334093,143,-0.2075,0,0,0,0,0,1,1,0,1,0,1,0,1,1,0,0,1,0,0,0,0,0,0,0,0,1,0,1,1,0,0,0,0,0,0,0,1,0,1,0,0,0,1,1,1,1,0,0,0,0
"plant_dec_3_SB_SampleID_58",548810,6758860,2006,574.865556716919,4.93333338076871,149,-0.2075,0,0,0,0,0,0,1,0,1,0,0,1,0,1,0,0,0,0,0,0,0,0,0,0,0,0,0,0,1,0,0,0,0,1,1,0,0,0,0,0,0,0,0,0,1,1,0,0,0,0
"plant_dec_3_SB_SampleID_59",564800,6758860,2006,584.573196411133,4.66666672378777,150,-0.2075,0,0,0,0,0,0,1,1,1,0,0,0,0,1,0,0,0,0,0,0,1,0,0,0,0,1,0,0,1,0,0,0,0,1,0,0,0,1,0,0,0,0,1,1,1,1,0,0,0,0
"plant_dec_3_SB_SampleID_60",260930,6759260,2006,718.868583679199,5.82499995827675,141,-0.2075,0,0,0,0,0,0,1,0,0,0,1,0,1,1,1,0,0,1,0,0,0,0,0,0,0,1,0,1,0,0,0,0,0,1,0,0,0,0,0,0,0,0,1,1,1,1,0,0,0,0
"plant_dec_3_SB_SampleID_61",292910,6759260,2006,627.695581436157,5.66666666666666,132,-0.2075,0,0,0,0,0,1,0,0,0,0,0,0,0,1,0,0,0,0,0,0,0,1,0,0,1,1,0,1,0,1,0,0,0,1,0,0,0,0,0,0,0,0,1,1,1,1,0,0,0,0
"plant_dec_3_SB_SampleID_62",308910,6759260,2006,632.410768508911,5.54166659712791,131,-0.2075,0,0,0,0,0,0,1,0,0,0,0,1,0,0,1,0,0,0,1,0,0,1,0,0,1,1,0,1,0,0,1,0,1,1,0,0,0,0,0,1,0,0,1,1,1,1,0,1,0,0
"plant_dec_3_SB_SampleID_63",356890,6760060,2006,642.972362518311,5.5499999622504,134,-0.2075,0,0,0,0,0,0,1,0,0,0,0,0,0,1,0,0,0,0,0,0,0,1,0,0,1,1,0,1,1,0,0,0,0,1,0,0,0,1,0,1,0,0,1,1,1,1,0,0,0,0
"plant_dec_3_SB_SampleID_64",212950,6774860,2006,749.495080947876,6.19999992847442,125,-0.2075,0,0,0,0,0,0,0,0,0,0,0,0,1,0,0,0,0,0,0,0,0,0,0,0,0,1,0,0,0,0,0,1,0,1,1,0,0,0,1,0,1,0,0,0,0,0,1,0,1,0
"plant_dec_3_SB_SampleID_65",276920,6774860,2006,661.655643463135,5.70833350221316,131,-0.2075,0,0,1,1,0,0,1,0,0,1,0,0,1,0,1,0,0,0,0,1,0,0,0,0,0,1,0,1,1,0,1,0,1,0,0,1,0,0,0,0,0,0,0,1,0,0,1,0,0,0
"plant_dec_3_SB_SampleID_66",324900,6774860,2006,647.112770080566,5.48333325982095,138,-0.2075,0,0,0,0,0,0,0,0,0,1,0,0,0,1,0,0,0,0,0,0,0,0,0,0,1,1,0,1,0,0,0,0,0,1,0,0,0,0,0,0,0,0,1,0,1,1,0,0,0,0
"plant_dec_3_SB_SampleID_67",436860,6774860,2006,660.007923126221,5.1666666151335,144,-0.2075,0,0,0,0,0,1,1,0,0,1,0,1,0,1,1,0,0,0,0,0,0,1,1,0,0,1,0,1,1,1,1,0,1,1,0,1,0,0,0,1,0,1,1,1,1,1,0,0,0,0
"plant_dec_3_SB_SampleID_68",468840,6774860,2006,617.008239746094,5.31666665089625,151,-0.2075,0,0,0,0,0,0,0,0,0,0,0,0,0,0,0,0,0,0,0,0,0,0,0,0,0,0,0,0,1,0,0,0,0,1,0,1,0,0,0,0,0,0,0,0,1,1,0,0,0,0
"plant_dec_3_SB_SampleID_69",484840,6774860,2006,597.205759048462,5.25833331545194,151,-0.2075,1,1,0,0,0,1,1,0,1,0,0,0,0,1,0,0,1,0,0,0,0,0,0,1,0,0,0,1,1,0,0,0,0,0,1,1,0,0,0,1,0,1,1,1,1,1,0,0,0,0
"plant_dec_3_SB_SampleID_70",548810,6774860,2006,583.975452423096,4.90833332513771,150,-0.2075,0,0,0,0,0,1,0,0,1,0,1,0,0,1,0,0,0,1,0,0,0,0,0,0,0,0,0,1,0,0,0,1,0,1,0,0,0,0,0,0,0,0,0,1,1,1,0,0,0,0
"plant_dec_3_SB_SampleID_71",532820,6775260,2006,570.329228401184,4.99166678761443,150,-0.2075,0,0,0,0,0,0,1,0,1,0,0,0,0,1,0,0,0,0,0,0,0,0,0,0,0,1,0,1,1,1,0,0,0,1,0,0,0,0,0,0,0,0,0,1,1,1,0,0,0,0
"plant_dec_3_SB_SampleID_72",292910,6775660,2006,646.701772689819,5.61666673421859,131,-0.2075,0,0,0,0,0,1,0,1,1,0,0,1,0,1,0,0,0,0,0,0,1,0,0,0,1,1,0,0,1,0,0,0,0,0,0,0,0,0,0,0,0,0,0,1,1,1,0,0,0,0
"plant_dec_3_SB_SampleID_73",372880,6775660,2006,659.830413818359,5.37499993542831,131,-0.2075,1,0,1,0,0,0,0,0,0,1,0,0,0,1,0,0,0,0,1,1,0,0,1,0,0,1,0,1,1,1,1,0,1,1,0,0,0,1,0,0,0,0,1,1,1,1,1,1,0,1
"plant_dec_3_SB_SampleID_74",500830,6775660,2006,584.08732509613,5.16666667846343,150,-0.2075,0,0,0,0,0,1,1,0,1,0,0,1,0,1,0,0,0,0,0,0,0,0,0,0,0,0,0,1,1,0,0,0,0,0,0,0,0,0,0,0,0,1,1,1,1,1,0,0,0,0
"plant_dec_3_SB_SampleID_75",516820,6775660,2006,567.27965927124,5.03333329533537,146,-0.2075,0,0,0,0,0,0,0,0,1,0,0,0,0,0,0,0,0,0,0,0,0,0,0,0,0,0,0,0,1,0,0,0,0,0,1,0,0,0,0,0,0,0,0,0,1,1,0,0,0,0
"plant_dec_3_SB_SampleID_76",452850,6776060,2006,643.183197021484,5.21666658731798,151,-0.2075,0,0,0,0,0,0,1,0,0,0,0,0,0,0,1,0,1,0,0,1,0,1,1,0,0,0,0,1,0,1,0,0,1,0,0,0,0,1,1,1,0,0,0,1,0,0,0,0,0,1
"plant_dec_3_SB_SampleID_77",228940,6790850,2006,768.59348297119,5.9416666229566,129,-0.2075,0,0,0,0,0,0,1,0,1,1,0,1,0,1,0,0,0,0,0,0,0,0,1,0,1,1,0,1,0,0,1,0,1,1,0,0,0,0,0,1,0,1,0,1,1,1,0,0,0,1
"plant_dec_3_SB_SampleID_78",260930,6790850,2006,677.134634017944,5.75833328564962,131,-0.2075,0,0,0,0,0,0,0,0,0,0,0,0,0,1,0,0,0,0,0,0,0,0,0,0,1,1,0,1,0,0,0,1,1,1,0,0,0,0,0,0,0,0,1,1,1,1,0,0,0,0
"plant_dec_3_SB_SampleID_79",292910,6790850,2006,686.098026275635,5.54166660706202,133,-0.2075,0,0,0,0,0,0,0,0,0,0,0,0,0,0,0,0,0,0,0,0,0,0,0,0,0,0,0,1,1,0,0,0,0,0,0,0,0,0,0,0,0,0,1,0,1,0,0,0,0,0
"plant_dec_3_SB_SampleID_80",388880,6790850,2006,672.666835784913,4.9333333025376,141,-0.2075,1,0,0,0,0,0,1,0,0,0,0,0,0,0,1,0,0,0,1,1,0,1,1,0,1,1,0,1,0,0,0,0,1,0,0,0,0,0,1,1,0,0,1,1,1,0,0,1,0,1
"plant_dec_3_SB_SampleID_81",404870,6790850,2006,651.294103622437,4.64166669857998,153,-0.2075,0,1,0,1,0,0,1,0,0,1,0,1,0,0,1,0,0,0,0,1,0,1,0,0,0,0,0,1,0,1,1,0,1,0,0,1,0,0,1,1,0,0,1,1,0,0,0,0,0,0
"plant_dec_3_SB_SampleID_82",468840,6790850,2006,620.146537780762,5.17499999205271,153,-0.2075,0,0,0,0,0,0,1,0,0,0,0,0,0,1,0,0,0,0,0,0,0,0,0,0,1,1,0,1,0,0,0,0,0,0,1,1,0,0,0,0,0,0,0,1,1,1,0,0,0,0
"plant_dec_3_SB_SampleID_83",484840,6790850,2006,601.363679885865,5.10000002756714,147,-0.2075,0,0,0,0,0,0,1,0,0,0,0,0,0,1,0,0,0,0,0,0,0,0,0,0,0,1,0,1,1,0,0,0,0,0,1,1,0,1,0,0,0,0,0,1,1,1,0,0,0,0
"plant_dec_3_SB_SampleID_84",500830,6790850,2006,622.799067497254,4.98333333432675,149,-0.2075,0,0,0,0,0,0,1,0,1,0,0,0,0,0,0,0,0,0,0,0,0,0,0,0,0,0,0,0,0,0,0,0,0,0,0,0,0,0,0,0,0,1,1,0,1,1,0,0,0,0
"plant_dec_3_SB_SampleID_85",516820,6790850,2006,623.91166305542,4.96666672329108,151,-0.2075,0,0,0,0,0,0,0,0,0,0,0,0,0,1,0,0,0,0,0,0,0,0,0,0,1,0,0,1,1,0,0,0,0,1,1,0,0,0,0,0,0,1,0,0,1,1,0,0,0,0
"plant_dec_3_SB_SampleID_86",548810,6790850,2006,599.315631866456,4.94166674589118,153,-0.2075,0,0,0,0,0,0,0,0,1,0,0,0,0,1,0,0,0,0,0,0,0,0,0,0,0,0,0,0,1,0,0,0,0,0,1,0,0,0,0,0,0,0,0,0,1,1,0,0,0,0
"plant_dec_3_SB_SampleID_87",324900,6791250,2006,637.120477676392,5.58333340287209,132,-0.2075,0,0,0,0,0,1,1,0,0,0,0,0,0,1,0,0,0,0,0,0,0,0,0,0,0,1,0,1,0,0,0,0,1,1,0,0,0,0,0,0,0,0,1,1,1,1,0,0,0,0
"plant_dec_3_SB_SampleID_88",532820,6792050,2006,608.427371025086,5.05833335096637,152,-0.2075,0,1,0,0,0,0,1,0,0,0,0,0,0,0,1,0,0,0,0,0,0,1,0,0,1,1,1,1,1,0,0,0,1,1,0,1,0,1,1,1,0,0,1,1,1,1,0,0,0,1
"plant_dec_3_SB_SampleID_89",324900,6806840,2006,671.91265296936,5.49166671435039,137,-0.2075,0,0,0,0,1,1,0,0,0,1,0,0,0,1,1,0,1,0,0,0,0,1,0,0,1,1,1,1,0,0,0,0,1,1,0,0,0,0,1,0,1,0,1,1,1,1,0,0,0,0
"plant_dec_3_SB_SampleID_90",388880,6806840,2006,728.824306488037,4.87500007202228,147,-0.2075,0,0,0,0,0,0,0,0,0,0,0,0,0,1,1,0,0,1,0,0,1,0,0,0,1,1,0,1,1,0,0,1,1,1,0,0,0,0,0,1,0,0,0,1,1,1,0,0,0,0
"plant_dec_3_SB_SampleID_91",404870,6806840,2006,674.455114364624,4.93333319822947,147,-0.2075,1,0,0,0,0,0,1,0,0,1,0,1,1,0,1,0,0,1,1,1,0,1,1,0,0,1,0,1,0,1,1,1,1,1,0,1,0,0,0,1,0,1,1,1,1,1,1,1,0,1
"plant_dec_3_SB_SampleID_92",468840,6806840,2006,642.80011177063,4.9749998766929,150,-0.2075,1,0,0,0,0,0,1,0,0,0,1,0,0,1,0,0,0,0,0,0,0,0,0,0,0,1,0,1,1,1,0,0,0,0,0,0,1,0,1,1,0,1,1,1,1,1,0,0,0,0
"plant_dec_3_SB_SampleID_93",484840,6806840,2006,622.458906173706,4.93333331247171,145,-0.2075,1,1,0,1,0,0,1,0,0,1,0,0,1,1,0,0,0,0,1,0,0,0,0,0,0,1,0,1,1,0,1,1,1,0,0,0,1,1,0,1,0,1,1,1,1,1,1,1,0,0
"plant_dec_3_SB_SampleID_94",516820,6807240,2006,644.784257888794,4.79999982317288,154,-0.2075,0,0,0,0,0,0,1,0,1,0,0,1,0,1,0,0,0,0,0,0,1,0,0,1,0,0,0,0,1,0,0,0,0,1,0,0,0,1,0,1,0,0,1,1,1,1,0,0,0,0
"plant_dec_3_SB_SampleID_95",596790,6807640,2006,609.808218002319,4.51666668057442,156,-0.2075,0,0,0,0,0,0,1,0,0,0,0,1,0,1,0,0,0,0,0,0,0,0,0,0,1,0,1,1,0,1,0,0,0,0,0,0,0,0,0,0,0,0,1,0,1,0,0,0,0,0
"plant_dec_3_SB_SampleID_96",548810,6808040,2006,609.534642219543,4.9666667059064,153,-0.2075,0,0,0,0,0,0,0,0,0,0,0,0,0,1,0,0,0,0,0,0,0,0,0,0,0,1,0,0,1,0,0,0,0,0,0,0,1,0,0,0,0,0,1,1,1,1,0,0,0,0
"plant_dec_3_SB_SampleID_97",308910,6822840,2006,720.597774505615,5.41666670640309,145,-0.2075,0,0,0,0,0,0,1,0,0,0,1,0,1,0,1,0,0,1,1,0,0,1,0,0,1,0,0,1,1,0,0,0,1,0,0,0,0,0,0,1,0,1,0,1,1,1,0,0,1,1
"plant_dec_3_SB_SampleID_98",340890,6822840,2006,678.066774368286,5.45833337306977,136,-0.2075,0,0,0,0,0,0,1,0,0,0,0,0,0,1,0,0,0,0,0,0,0,0,0,0,1,1,0,1,1,0,0,1,0,1,0,0,0,0,0,0,0,0,0,1,1,1,0,0,0,0
"plant_dec_3_SB_SampleID_99",356890,6822840,2006,680.793138504029,5.35000016788642,142,-0.2075,1,0,0,0,0,0,1,0,0,1,0,0,1,1,1,0,0,0,0,0,0,0,1,0,0,0,0,0,0,0,1,0,1,0,0,0,0,0,0,0,0,0,0,0,0,1,0,0,0,1
"plant_dec_3_SB_SampleID_100",404870,6822840,2006,654.113310813904,5.09166653454303,147,-0.2075,0,0,0,0,0,0,1,0,0,1,0,0,0,1,1,0,0,0,0,0,0,1,1,0,1,0,0,1,0,0,0,0,1,1,0,0,0,0,0,0,0,0,1,0,1,1,0,0,0,0
"plant_dec_3_SB_SampleID_101",436860,6822840,2006,654.572450637817,4.94999994089206,148,-0.2075,0,0,0,0,0,0,0,0,0,0,0,1,0,0,0,0,0,0,0,0,0,0,0,0,0,0,0,1,0,0,0,0,0,0,0,0,0,0,0,0,0,0,0,0,1,0,0,0,0,0
"plant_dec_3_SB_SampleID_102",452850,6822840,2006,659.778495788574,4.93333343292276,146,-0.2075,0,0,0,0,0,1,1,0,0,0,0,1,0,0,1,0,0,0,0,0,0,0,0,0,0,1,0,1,0,1,0,0,1,1,0,0,0,0,0,0,0,1,1,1,1,1,0,0,0,0
"plant_dec_3_SB_SampleID_103",468840,6822840,2006,661.719362258911,4.87500009437403,147,-0.2075,0,0,0,0,0,0,1,0,0,0,0,0,0,1,0,0,0,0,0,0,0,0,0,1,1,0,0,0,1,0,0,0,0,1,1,0,0,0,0,0,0,0,0,0,1,1,0,0,0,0
"plant_dec_3_SB_SampleID_104",516820,6822840,2006,653.008062362671,4.68333325783412,157,-0.2075,0,1,0,1,0,1,1,0,0,0,0,1,0,1,1,0,1,1,1,1,0,1,0,0,0,0,0,1,1,1,0,0,1,1,0,1,0,1,1,1,0,0,1,1,1,1,1,1,0,1
"plant_dec_3_SB_SampleID_105",532820,6822840,2006,645.198074340821,4.72499983509381,159,-0.2075,0,1,0,0,0,0,1,0,0,0,0,0,0,0,0,0,0,0,0,0,0,0,0,0,1,1,0,1,0,0,0,1,1,1,0,0,0,0,0,0,0,0,0,1,1,1,0,0,0,0
"plant_dec_3_SB_SampleID_106",548810,6822840,2006,618.505373001099,4.89166675011317,155,-0.2075,0,0,0,0,0,0,0,0,1,0,0,0,0,1,0,0,0,0,0,0,0,0,0,0,0,1,0,0,1,0,0,0,0,0,1,0,0,0,0,0,0,0,0,0,1,1,0,0,0,0
"plant_dec_3_SB_SampleID_107",580800,6822840,2006,579.582545280457,4.72500003377597,156,-0.2075,0,0,0,0,0,0,1,0,0,0,0,1,0,1,0,0,0,0,1,0,0,0,0,0,0,0,0,1,0,0,0,1,0,0,0,0,0,0,0,1,1,1,0,1,1,1,0,0,0,0
"plant_dec_3_SB_SampleID_108",596790,6822840,2006,605.481238365173,4.51666668057442,156,-0.2075,0,0,0,0,0,1,1,0,0,0,0,1,1,1,0,0,0,0,0,0,0,0,0,0,0,1,0,1,1,0,0,0,0,1,1,0,0,0,0,0,0,1,0,0,1,1,0,0,0,0
"plant_dec_3_SB_SampleID_109",612780,6822840,2006,631.280063629151,4.47500005364417,156,-0.2075,1,0,0,1,0,0,1,0,0,0,0,1,0,0,1,0,1,0,1,0,0,0,0,0,0,1,0,1,1,1,1,0,1,1,0,0,0,1,1,1,0,1,0,1,1,1,0,0,0,1
"plant_dec_3_SB_SampleID_110",244930,6838830,2006,687.356674194336,5.60000009338062,143,-0.2075,0,0,0,0,0,1,1,0,1,0,1,0,0,1,0,0,0,0,0,0,0,0,0,0,0,1,0,1,0,0,0,1,0,1,0,0,0,0,0,0,0,0,1,1,1,1,0,0,0,0
"plant_dec_3_SB_SampleID_111",260930,6838830,2006,657.522932052613,5.54166680574418,137,-0.2075,0,0,0,0,0,0,1,0,0,0,0,0,0,0,0,0,0,0,0,0,0,1,0,0,1,1,0,1,1,1,0,0,1,1,0,0,0,0,0,0,0,0,1,1,1,1,0,0,0,0
"plant_dec_3_SB_SampleID_112",308910,6838830,2006,747.627332687378,5.23333341876665,145,-0.2075,0,0,1,0,0,0,0,1,0,1,0,1,0,1,1,0,0,0,0,1,0,1,0,0,1,1,0,1,1,1,0,0,1,1,0,1,0,0,0,0,0,1,1,1,1,1,0,0,0,0
"plant_dec_3_SB_SampleID_113",388870,6838830,2006,682.930932044983,4.77499999105931,155,-0.2075,0,0,0,0,0,0,0,0,1,0,0,0,0,1,0,0,1,0,0,0,0,0,0,0,0,1,0,1,1,0,0,0,0,0,0,0,0,0,0,0,0,0,0,1,1,1,0,0,0,0
"plant_dec_3_SB_SampleID_114",484840,6838830,2006,700.763257980346,4.63333335518836,142,-0.2075,0,0,0,0,0,0,1,0,0,0,0,0,0,1,0,0,0,0,0,0,0,0,0,0,0,1,0,1,1,0,1,0,0,0,0,0,0,1,0,1,0,0,0,1,1,1,0,0,0,0
"plant_dec_3_SB_SampleID_115",548810,6838830,2006,624.206224441529,4.53333326677481,154,-0.2075,0,0,0,0,0,0,0,0,0,0,0,0,0,1,0,0,0,0,0,0,1,0,0,0,0,0,0,0,1,0,0,1,0,0,0,0,0,0,0,0,0,0,0,1,1,1,0,0,0,0
"plant_dec_3_SB_SampleID_116",564800,6839630,2006,607.757267951965,4.56666654348374,155,-0.2075,1,0,0,0,0,0,1,0,0,0,0,0,1,1,1,0,0,0,0,0,0,0,0,0,0,1,0,1,1,0,0,0,0,0,0,0,0,1,0,0,0,0,1,1,1,1,0,0,0,0
"plant_dec_3_SB_SampleID_117",612780,6839630,2006,603.518042564392,4.59166670838991,149,-0.2075,0,0,0,0,1,0,1,0,1,0,0,1,0,0,0,0,0,0,0,0,0,0,0,0,0,0,0,0,1,0,0,0,0,0,1,0,0,0,0,0,0,0,0,1,1,1,0,0,0,0
"plant_dec_3_SB_SampleID_118",276920,6840030,2006,748.647327423097,5.32500004768371,144,-0.2075,0,0,0,0,0,0,0,0,0,0,0,0,0,1,0,0,0,0,0,0,0,0,0,0,1,0,1,1,0,0,0,0,0,1,0,0,0,0,0,0,0,0,0,1,1,1,0,0,0,0
"plant_dec_3_SB_SampleID_119",372880,6840030,2006,658.391479492188,4.96666677792867,146,-0.2075,0,0,0,0,1,0,0,1,0,1,0,0,0,1,0,0,1,1,1,0,0,1,1,0,1,1,0,1,0,1,1,0,1,0,0,0,1,0,1,0,0,1,1,1,1,1,0,1,0,1
"plant_dec_3_SB_SampleID_120",500830,6840030,2006,695.680179595947,4.45833326876164,145,-0.2075,0,0,0,0,0,0,1,0,0,0,0,1,0,0,1,0,1,0,0,0,0,0,0,0,0,1,0,0,1,1,0,0,0,1,1,0,0,1,0,0,0,1,0,0,1,1,0,0,0,0
"plant_dec_3_SB_SampleID_121",596790,6840030,2006,595.921556472779,4.68333345403274,151,-0.2075,0,0,0,0,0,0,0,0,1,0,0,0,0,0,0,0,0,0,0,0,0,0,0,0,0,0,0,0,0,0,0,0,0,0,0,0,0,0,0,0,0,0,0,0,1,1,0,0,0,0
"plant_dec_3_SB_SampleID_122",244930,6854820,2006,712.079193115235,5.52500003576278,147,-0.2075,0,0,0,0,0,1,0,0,0,0,1,0,0,1,0,0,0,0,0,0,0,0,0,0,1,1,0,1,1,0,0,0,0,0,0,0,0,0,0,0,0,0,1,1,1,1,0,0,0,0
"plant_dec_3_SB_SampleID_123",260930,6854820,2006,708.710668563843,5.42500004172324,148,-0.2075,0,0,0,0,0,0,1,0,0,1,0,0,0,0,0,0,0,0,0,0,0,1,0,0,1,0,0,1,0,1,0,0,0,1,0,0,0,0,0,1,0,1,1,1,1,1,0,0,0,0
"plant_dec_3_SB_SampleID_124",340890,6854820,2006,727.34300994873,4.96666670838992,152,-0.2075,1,0,0,0,1,0,1,0,0,0,1,0,0,1,1,0,0,1,0,0,0,0,0,0,0,1,0,1,0,0,0,0,0,0,0,0,0,0,1,0,1,0,0,1,1,1,0,0,0,0
"plant_dec_3_SB_SampleID_125",372880,6854820,2006,655.460167884827,4.79999995728334,145,-0.2075,0,0,0,0,1,0,0,0,1,0,0,0,0,1,0,0,0,0,0,0,0,0,0,0,0,1,0,0,1,0,0,0,0,1,1,0,0,0,0,0,0,0,1,1,1,1,0,0,0,0
"plant_dec_3_SB_SampleID_126",436860,6854830,2006,572.236661911011,4.5499999920527,157,-0.2075,1,0,0,0,0,0,0,1,0,0,1,0,0,1,1,0,1,1,0,0,0,1,0,0,0,0,0,1,0,1,0,0,1,1,0,0,0,0,1,1,0,0,0,1,1,1,0,0,0,1
"plant_dec_3_SB_SampleID_127",452850,6854830,2006,576.367855072022,4.54999992748101,155,-0.2075,0,0,0,0,0,0,0,0,0,0,0,0,0,1,0,0,0,0,0,0,0,0,0,0,0,0,0,1,1,0,0,1,0,1,0,0,0,0,0,0,0,0,0,0,1,1,0,0,0,0
"plant_dec_3_SB_SampleID_128",308910,6855220,2006,756.61333656311,5.10833343366782,145,-0.2075,0,0,0,0,0,0,0,0,1,0,0,0,0,1,0,0,1,0,0,0,0,0,0,0,1,0,1,0,0,0,0,0,0,0,0,0,0,0,0,0,0,0,0,0,1,1,0,0,0,0
"plant_dec_3_SB_SampleID_129",276920,6856020,2006,810.500088691711,5.1999998788039,140,-0.2075,0,0,0,0,0,0,0,0,1,0,0,0,0,0,0,1,0,0,0,0,0,0,0,0,0,0,0,0,0,0,0,0,0,0,1,0,0,0,0,0,0,0,0,0,1,1,0,0,0,0
"plant_dec_3_SB_SampleID_130",644770,6856030,2006,638.840842247009,4.15000009040037,155,-0.2075,1,0,0,0,0,0,1,0,0,0,0,1,0,1,0,0,0,0,0,0,0,0,0,0,0,1,0,1,1,0,0,1,0,1,1,0,1,1,0,1,1,1,0,1,1,1,0,1,0,1
"plant_dec_3_SB_SampleID_131",340890,6870820,2006,675.448843955994,4.72499990959962,148,-0.2075,0,0,0,0,1,0,0,0,0,0,1,0,0,1,0,0,1,0,0,0,0,0,0,0,0,1,0,0,1,0,0,0,0,1,0,0,0,0,1,0,0,0,1,1,1,1,0,0,0,0
"plant_dec_3_SB_SampleID_132",356890,6870820,2006,616.961970329285,4.61666681182881,156,-0.2075,0,0,0,0,0,0,0,0,0,0,0,0,0,1,0,0,0,0,0,0,0,0,0,0,1,0,0,1,0,0,0,0,1,1,0,0,0,0,0,0,0,0,0,1,1,1,0,0,0,0
"plant_dec_3_SB_SampleID_133",372880,6870820,2006,568.436889648437,4.60000019272169,151,-0.2075,0,0,0,0,1,1,0,0,1,0,1,0,0,1,0,1,1,0,0,0,0,0,0,0,0,1,0,0,1,0,0,0,0,1,1,1,0,0,0,0,0,0,0,0,1,1,0,0,0,0
"plant_dec_3_SB_SampleID_134",452850,6870820,2006,707.735698699951,4.33333348234495,156,-0.2075,0,0,0,0,0,1,0,0,1,0,0,0,0,1,0,0,1,0,0,0,0,0,0,0,1,0,1,0,0,0,0,0,0,0,0,0,0,0,0,0,0,0,0,0,1,1,0,0,0,0
"plant_dec_3_SB_SampleID_135",532820,6870820,2006,623.084009170533,4.07499997814495,156,-0.2075,0,0,0,0,0,0,0,0,1,0,0,0,0,0,0,1,0,0,0,0,0,0,0,0,0,0,0,0,0,0,0,0,0,0,1,0,0,0,0,0,0,0,0,0,1,1,0,0,0,0
"plant_dec_3_SB_SampleID_136",548810,6870820,2006,556.612352371216,4.11666671931744,150,-0.2075,0,0,0,0,0,0,1,0,0,0,0,0,0,0,0,0,0,0,0,0,0,0,0,0,0,1,0,0,0,0,0,0,0,0,0,0,0,0,0,0,0,0,0,0,1,1,0,0,0,0
"plant_dec_3_SB_SampleID_137",580800,6870820,2006,597.858792304993,4.20000005265076,153,-0.2075,0,0,0,0,1,0,1,1,0,0,0,0,1,1,0,0,1,1,0,0,0,0,0,0,0,1,0,0,0,1,0,0,1,0,0,1,0,0,1,0,0,1,1,1,1,1,0,0,0,0
"plant_dec_3_SB_SampleID_138",628780,6870820,2006,615.277622222901,4.16666669646899,154,-0.2075,0,0,0,0,0,0,0,0,0,0,0,0,0,0,0,0,0,0,0,0,1,0,0,0,0,0,0,0,0,0,0,0,0,0,0,0,0,0,0,0,0,0,1,0,1,0,0,0,0,0
"plant_dec_3_SB_SampleID_139",644770,6870820,2006,639.694677352905,3.91666660209496,157,-0.2075,0,0,0,0,0,0,1,0,0,0,0,0,0,1,1,0,1,0,0,0,0,0,0,0,1,1,1,1,0,0,0,1,1,0,0,0,0,1,1,1,0,1,0,1,1,1,0,0,0,0
"plant_dec_3_SB_SampleID_140",660770,6870820,2006,644.307919502258,3.958333303531,156,-0.2075,0,0,0,0,0,0,0,0,0,0,0,0,0,0,1,0,0,1,0,0,1,1,0,0,0,1,0,1,0,0,0,1,1,1,0,1,0,0,0,0,0,0,1,1,1,1,0,0,0,0
"plant_dec_3_SB_SampleID_141",404870,6871220,2006,648.716327667237,4.44999990053475,156,-0.2075,0,0,0,0,0,0,0,0,0,1,0,0,0,0,1,0,0,1,0,0,0,1,0,0,0,1,1,1,0,0,0,0,1,1,0,0,0,0,0,0,0,1,1,0,1,1,0,0,0,0
"plant_dec_3_SB_SampleID_142",596790,6871620,2006,629.601902961731,4.15833339591821,156,-0.2075,0,0,0,0,0,0,1,1,0,0,0,1,0,1,0,0,0,0,1,0,0,0,0,1,0,1,0,0,1,0,0,0,0,1,0,1,0,0,1,1,0,0,1,0,1,1,0,0,0,0
"plant_dec_3_SB_SampleID_143",388870,6872020,2006,612.340278625488,4.56666660308838,149,-0.2075,0,1,0,0,0,0,1,1,1,0,0,0,0,1,0,0,0,0,0,0,0,0,0,1,1,0,0,1,0,1,0,0,0,1,0,0,0,0,0,1,0,0,0,1,1,1,0,0,0,0
"plant_dec_3_SB_SampleID_144",436860,6872020,2006,690.847562789917,4.45833319922288,158,-0.2075,0,0,0,0,0,0,1,0,0,0,0,1,0,0,1,0,0,0,0,0,0,0,0,1,1,1,0,0,0,0,0,0,0,1,0,0,0,0,0,0,0,0,0,1,1,1,0,0,0,0
"plant_dec_3_SB_SampleID_145",468840,6872020,2006,669.486211776733,4.3416667431593,155,-0.2075,0,1,0,0,0,0,1,0,0,0,0,0,1,0,1,0,0,0,1,0,0,1,0,0,0,1,0,0,1,0,0,0,1,1,0,0,1,0,1,0,0,1,1,1,0,1,0,0,1,0
"plant_dec_3_SB_SampleID_146",292910,6886810,2006,695.413077354431,4.79166675607363,147,-0.2075,0,0,0,0,0,0,0,0,1,0,0,0,0,1,0,0,0,0,0,0,0,0,0,0,1,1,0,1,1,0,0,0,0,1,0,0,0,0,0,0,0,1,1,1,1,1,0,0,0,0
"plant_dec_3_SB_SampleID_147",372880,6886810,2006,530.025267601014,4.49166665660837,149,-0.2075,0,0,0,0,0,0,1,0,0,0,0,0,0,1,0,0,0,0,0,0,0,0,0,0,0,1,0,1,0,0,0,0,0,1,0,0,0,0,0,0,0,0,0,1,1,1,0,0,0,0
"plant_dec_3_SB_SampleID_148",404870,6886810,2006,622.187824249268,4.30000007897616,149,-0.2075,0,0,0,0,0,1,1,0,0,0,1,0,0,1,0,0,0,0,0,0,0,0,0,0,0,1,0,1,0,0,0,0,0,0,0,0,0,0,0,0,0,0,0,1,1,1,0,0,0,0
"plant_dec_3_SB_SampleID_149",500830,6886810,2006,607.675142288208,4.1833333671093,150,-0.2075,0,0,0,0,0,0,0,0,0,0,1,0,0,1,0,0,0,0,0,0,0,0,0,0,0,1,0,1,0,1,0,0,0,1,0,0,0,0,0,0,0,0,1,0,1,1,0,0,0,0
"plant_dec_3_SB_SampleID_150",612780,6886810,2006,666.631540298462,3.91666681567827,156,-0.2075,0,0,0,0,0,0,0,0,0,0,1,0,0,0,0,0,0,0,0,0,0,0,0,0,1,1,0,1,1,0,0,0,0,1,0,0,0,0,0,0,0,0,1,0,1,1,0,0,0,0
"plant_dec_3_SB_SampleID_151",660770,6886810,2006,652.864944458008,3.65833345055581,157,-0.2075,1,0,0,0,0,1,1,0,0,1,0,0,1,1,1,0,0,1,0,0,0,1,0,0,0,1,0,1,1,1,0,0,1,1,0,0,0,0,1,1,0,0,1,1,0,1,0,0,0,1
"plant_dec_3_SB_SampleID_152",676760,6886810,2006,672.561676025391,3.50833324094614,156,-0.2075,0,1,0,0,0,1,1,0,0,1,0,1,0,1,0,0,0,0,0,0,0,0,0,0,0,1,0,1,0,1,0,0,0,0,0,0,1,0,0,1,0,1,0,1,1,1,0,1,0,1
"plant_dec_3_SB_SampleID_153",420860,6887210,2006,679.053468704223,4.30833339691162,148,-0.2075,0,0,0,0,0,0,0,0,0,0,0,0,0,0,1,0,0,0,0,0,0,1,0,0,0,1,1,1,0,1,0,0,1,1,0,0,0,0,0,0,0,0,1,1,1,1,0,0,0,0
"plant_dec_3_SB_SampleID_154",324900,6902810,2006,528.332321166992,4.5583332243065,142,-0.2075,0,0,0,0,0,1,0,0,1,0,0,0,0,1,0,0,0,0,0,0,0,0,0,0,0,1,1,1,1,1,0,0,0,1,0,0,0,0,0,0,0,0,0,1,1,1,0,0,0,0
"plant_dec_3_SB_SampleID_155",340890,6902810,2006,513.796426773071,4.46666665871938,144,-0.2075,1,0,0,1,1,1,1,0,0,0,0,0,1,1,1,0,1,0,0,0,0,1,0,0,1,1,0,1,1,1,0,1,1,1,0,0,1,0,0,1,1,1,1,1,1,1,0,1,1,1
"plant_dec_3_SB_SampleID_156",388870,6902810,2006,589.746843338013,4.24999999006589,151,-0.2075,0,0,0,0,0,0,0,0,1,0,0,1,0,1,0,0,0,0,0,0,0,0,0,0,0,0,1,1,0,0,0,0,0,0,0,0,0,0,0,0,0,0,1,1,1,1,0,0,0,0
"plant_dec_3_SB_SampleID_157",452850,6902810,2006,615.023513793945,4.30833344161511,154,-0.2075,0,0,0,0,0,1,0,0,1,0,1,0,0,1,0,0,0,0,0,0,0,0,0,0,0,0,0,0,0,0,0,0,0,1,0,0,0,0,0,0,0,0,0,0,1,1,0,0,0,0
"plant_dec_3_SB_SampleID_158",468840,6902810,2006,614.557384490966,4.18333337704341,154,-0.2075,1,0,0,0,0,0,0,0,0,0,0,0,1,1,1,0,0,0,0,0,0,0,0,0,0,1,0,1,0,0,0,0,1,1,0,0,0,0,0,0,0,0,0,1,1,0,0,0,1,0
"plant_dec_3_SB_SampleID_159",484840,6902810,2006,632.052791595459,4.08333339293798,151,-0.2075,0,0,0,0,0,0,1,0,0,0,0,0,0,1,0,0,0,0,0,0,0,0,0,0,0,1,0,1,0,0,0,0,0,0,0,0,0,0,0,0,0,0,1,1,1,1,0,0,0,0
"plant_dec_3_SB_SampleID_160",612780,6902810,2006,660.189566612243,3.90000011523564,156,-0.2075,1,1,0,0,0,1,1,0,0,0,1,1,1,1,0,0,0,0,1,0,0,0,0,0,0,1,0,1,1,1,0,0,1,1,0,1,1,1,1,1,0,1,1,1,1,1,0,0,1,0
"plant_dec_3_SB_SampleID_161",660770,6902810,2006,659.593534469604,3.5416666418314,156,-0.2075,0,0,0,0,1,0,1,0,0,0,0,0,0,1,1,0,0,0,0,0,0,0,0,0,0,1,0,1,0,0,0,0,0,0,0,0,0,1,0,1,1,1,0,1,1,1,0,0,0,0
"plant_dec_3_SB_SampleID_162",356890,6903210,2006,562.443511009216,4.30833335220814,152,-0.2075,0,0,0,0,0,1,0,0,0,0,0,0,0,1,0,1,0,0,0,0,1,0,0,1,1,0,1,1,1,0,0,0,0,1,1,0,0,0,0,0,0,0,1,0,1,1,0,0,0,0
"plant_dec_3_SB_SampleID_163",644770,6903210,2006,644.647527694702,3.69166652361552,154,-0.2075,0,0,0,0,0,0,1,0,0,0,0,0,0,1,0,0,0,0,0,0,0,0,0,0,0,1,0,1,1,0,0,0,1,1,0,0,0,0,0,0,0,0,0,1,1,1,0,0,0,0
"plant_dec_3_SB_SampleID_164",372880,6903610,2006,570.219269752503,4.25833339989185,151,-0.2075,0,0,0,0,0,0,1,0,0,0,0,0,0,1,1,0,0,1,1,0,0,1,0,0,0,1,0,1,0,1,1,1,1,1,0,0,0,0,0,1,0,1,0,1,1,0,0,0,0,0
"plant_dec_3_SB_SampleID_165",676760,6904010,2006,671.171378135681,3.44166663785776,154,-0.2075,0,0,0,0,0,1,1,0,0,0,0,0,1,1,1,0,1,1,0,0,0,0,0,0,1,1,0,1,0,1,0,0,1,1,0,0,0,0,1,1,0,0,1,1,1,1,0,0,0,1
"plant_dec_3_SB_SampleID_166",500830,6918800,2006,624.517246246337,4.05000000198682,155,-0.2075,0,0,0,0,1,1,0,0,0,0,1,0,0,1,1,0,1,1,0,0,0,1,0,0,1,1,0,0,0,0,0,0,0,0,0,0,0,0,0,0,0,1,0,1,1,1,0,0,0,0
"plant_dec_3_SB_SampleID_167",532820,6918800,2006,628.055562973023,4.25833324591319,153,-0.2075,0,0,0,0,0,0,1,0,0,0,0,1,0,0,0,0,1,0,1,0,0,0,0,0,1,1,1,1,1,0,1,0,0,1,1,1,0,0,0,1,0,1,1,1,1,1,0,0,0,0
"plant_dec_3_SB_SampleID_168",596790,6918800,2006,647.157125473022,3.8666667987903,155,-0.2075,0,0,0,0,0,0,1,0,0,1,0,1,0,0,0,0,0,0,0,0,0,1,0,0,1,1,0,1,0,1,0,0,1,0,0,0,0,0,0,1,0,1,1,0,1,1,0,0,0,0
"plant_dec_3_SB_SampleID_169",612780,6918800,2006,651.908768653869,3.75833337008953,156,-0.2075,0,0,0,0,0,0,1,0,0,0,1,0,0,1,0,0,0,0,0,0,0,0,0,0,1,1,0,1,1,1,0,1,0,1,0,0,0,0,0,0,0,0,1,1,1,1,0,0,0,0
"plant_dec_3_SB_SampleID_170",628780,6918800,2006,630.079488754273,3.90833323697249,152,-0.2075,0,0,0,0,0,1,1,1,0,0,0,0,0,1,1,0,0,0,0,0,0,0,0,1,1,1,0,1,1,0,0,0,0,1,0,0,0,0,1,1,0,0,0,1,1,1,0,0,0,0
"plant_dec_3_SB_SampleID_171",436860,6919200,2006,586.281852722168,4.0750000278155,148,-0.2075,0,0,0,0,0,0,0,0,1,0,0,1,0,1,0,0,1,0,0,0,0,0,0,1,1,0,1,0,0,0,0,0,0,0,0,0,0,0,0,0,0,0,0,0,1,1,0,0,0,0
"plant_dec_3_SB_SampleID_172",676760,6919200,2006,703.269411087036,3.24166659762462,158,-0.2075,0,1,0,1,0,0,1,0,0,0,1,0,1,1,0,0,0,1,0,1,0,1,0,0,0,1,0,1,1,1,1,0,0,0,0,0,1,0,0,1,0,1,1,1,0,1,0,0,0,0
"plant_dec_3_SB_SampleID_173",212950,6934790,2006,674.989323616027,5.55833335717519,131,-0.2075,0,0,0,0,0,0,0,0,0,0,1,0,1,0,1,0,1,1,0,0,0,1,0,0,1,0,0,1,0,0,0,0,1,0,0,0,0,0,1,1,0,0,1,0,0,1,0,0,0,0
"plant_dec_3_SB_SampleID_174",484840,6934790,2006,621.344543457032,4.02500006059806,157,-0.2075,0,0,0,0,0,1,0,0,1,0,0,0,0,1,0,0,1,0,0,0,0,0,0,0,1,1,0,1,0,0,0,0,0,1,0,0,0,0,0,0,0,0,1,0,1,1,0,0,0,0
"plant_dec_3_SB_SampleID_175",500830,6934790,2006,634.459367752076,3.99166663984458,156,-0.2075,0,1,0,0,0,0,1,0,0,0,0,0,0,1,0,0,1,0,0,0,0,1,0,0,0,1,0,1,0,0,0,0,1,1,0,1,0,0,1,0,0,1,1,1,1,1,0,0,0,0
"plant_dec_3_SB_SampleID_176",548810,6934790,2006,641.19048500061,4.11666653553644,160,-0.2075,0,0,0,0,0,0,1,0,0,0,1,0,0,1,0,0,0,0,0,0,0,1,0,0,1,1,0,1,1,0,0,1,0,1,1,0,0,0,0,1,0,1,0,0,1,1,0,0,0,0
"plant_dec_3_SB_SampleID_177",612780,6934790,2006,646.749967575074,3.73333334426085,153,-0.2075,1,0,0,0,0,0,1,1,0,0,0,0,1,1,1,0,1,0,0,0,0,1,0,0,0,1,0,0,0,0,0,0,0,0,0,0,0,0,1,0,0,0,1,0,0,0,0,1,0,0
"plant_dec_3_SB_SampleID_178",628780,6934790,2006,627.908053398133,3.82499989370504,153,-0.2075,0,0,0,0,0,0,0,0,0,1,0,0,0,1,0,0,0,0,1,0,0,0,0,0,0,1,0,1,0,0,1,0,1,0,0,0,0,0,1,1,0,0,1,1,1,1,0,0,0,0
"plant_dec_3_SB_SampleID_179",660770,6934790,2006,678.576048851013,3.38333334525426,164,-0.2075,0,0,0,0,0,0,0,0,0,0,1,0,0,1,0,0,0,1,0,0,0,0,0,0,1,1,0,1,1,1,0,0,0,1,0,0,0,0,0,0,0,1,1,1,1,1,0,0,0,0
"plant_dec_3_SB_SampleID_180",692750,6934790,2006,706.156576156616,3.16666668280959,170,-0.2075,1,0,0,0,1,1,1,0,1,0,0,0,0,1,0,0,0,0,0,0,0,1,0,0,0,1,0,1,1,1,0,0,1,1,0,0,0,0,0,1,1,0,0,1,1,1,0,0,0,0
"plant_dec_3_SB_SampleID_181",708750,6935990,2006,710.044198989868,3.10833341876666,170,-0.2075,0,0,0,0,0,0,0,0,1,0,0,0,0,0,0,0,1,0,0,0,0,0,0,0,0,0,0,0,1,0,0,0,0,0,1,0,0,0,0,0,0,0,0,0,1,1,0,0,0,0
"plant_dec_3_SB_SampleID_182",436860,6950790,2006,608.887927055359,4.10000008841356,148,-0.2075,0,0,0,0,0,0,0,0,0,0,0,0,0,1,0,0,0,0,0,0,0,1,0,0,0,1,0,1,1,1,0,0,0,1,0,0,0,0,0,0,0,0,1,1,1,0,0,0,0,0
"plant_dec_3_SB_SampleID_183",452850,6950790,2006,598.307022094727,4.09999999900659,148,-0.2075,0,0,0,0,0,0,1,0,0,0,0,1,0,1,0,0,1,0,1,0,0,0,0,0,1,1,0,1,1,1,0,0,0,1,0,0,0,0,0,1,0,0,1,1,1,1,0,0,0,0
"plant_dec_3_SB_SampleID_184",484840,6950790,2006,687.141138076782,3.95833337803682,156,-0.2075,0,0,0,0,1,1,0,0,1,0,0,0,0,0,0,0,1,0,0,0,0,0,0,0,0,0,0,0,0,1,0,0,0,0,1,0,0,0,0,0,0,0,0,0,1,1,0,0,0,0
"plant_dec_3_SB_SampleID_185",516820,6950790,2006,614.976346969604,3.98333344360193,159,-0.2075,0,1,0,0,1,0,1,0,0,0,0,0,0,1,1,0,1,0,0,0,0,1,0,0,0,1,0,1,0,1,0,0,0,1,0,0,0,0,1,1,0,1,1,1,0,1,0,0,0,0
"plant_dec_3_SB_SampleID_186",548810,6950790,2006,644.647026062011,3.94166667262713,160,-0.2075,0,0,0,0,0,0,0,0,0,0,0,0,0,1,0,0,0,0,0,0,0,0,0,0,0,0,0,1,0,1,0,1,0,1,1,1,1,0,0,1,0,1,1,1,1,1,0,0,0,0
"plant_dec_3_SB_SampleID_187",628780,6950790,2006,651.805988311767,3.70833317438761,160,-0.2075,0,0,0,0,0,0,0,1,1,0,0,1,0,1,0,0,1,0,0,0,0,0,0,0,0,0,0,0,0,0,0,0,0,0,0,0,0,0,0,0,0,1,1,0,1,1,0,0,0,0
"plant_dec_3_SB_SampleID_188",692750,6950790,2006,699.115917205811,3.00000005153318,170,-0.2075,1,0,0,0,0,1,1,0,0,1,0,0,1,1,1,0,0,1,0,1,0,1,0,1,0,1,1,1,0,1,1,1,1,1,0,0,1,0,1,1,0,0,1,1,1,0,0,0,1,0
"plant_dec_3_SB_SampleID_189",212950,6951190,2006,694.852231025696,5.38333329558372,128,-0.2075,0,0,0,0,0,0,0,0,0,0,1,0,0,1,0,0,0,0,0,0,0,0,0,0,0,1,0,0,0,0,0,0,0,0,0,0,0,0,0,0,0,0,0,0,1,1,0,0,0,0
"plant_dec_3_SB_SampleID_190",468840,6951190,2006,619.858022689819,3.96666673322519,157,-0.2075,0,0,0,0,0,0,0,0,0,0,1,0,0,0,1,0,0,0,0,0,0,1,0,0,1,0,0,1,0,0,0,0,1,1,0,0,0,0,0,0,0,0,1,1,1,0,0,0,0,0
"plant_dec_3_SB_SampleID_191",580800,6951590,2006,679.838092803955,3.8166667073965,161,-0.2075,0,0,0,0,0,0,0,0,1,0,0,0,0,1,0,0,0,0,0,0,0,0,0,0,1,0,0,0,1,0,0,0,0,0,0,0,0,0,0,0,0,0,0,0,1,1,0,0,0,0
"plant_dec_3_SB_SampleID_192",596790,6951990,2006,655.492568969726,3.65833337604999,161,-0.2075,0,0,0,0,0,0,1,0,0,0,0,0,0,0,1,0,0,0,0,0,0,1,0,0,1,1,0,1,0,0,0,0,0,0,0,1,0,0,0,0,0,0,1,1,1,1,0,0,0,0
"plant_dec_3_SB_SampleID_193",212950,6966780,2006,678.554446220398,5.34999996423721,127,-0.2075,0,0,0,0,0,0,0,0,0,0,1,0,0,1,0,0,0,0,0,0,0,0,0,0,1,1,1,1,0,0,0,0,0,0,0,0,0,0,0,0,0,0,1,1,1,1,0,0,0,0
"plant_dec_3_SB_SampleID_194",468840,6966780,2006,600.020555496216,3.87500001986821,156,-0.2075,0,0,0,0,0,0,0,0,0,0,0,0,0,1,0,0,0,0,0,0,0,0,0,0,0,0,0,1,0,0,0,1,0,1,0,0,0,0,0,0,0,0,0,0,1,1,0,0,0,0
"plant_dec_3_SB_SampleID_195",548810,6966780,2006,644.403038024902,3.85833339889844,160,-0.2075,0,0,0,0,0,0,0,0,0,0,0,0,0,0,0,0,0,0,0,0,0,0,0,0,1,0,0,1,0,0,0,0,0,1,0,0,0,0,0,0,0,1,1,0,1,1,0,0,0,0
"plant_dec_3_SB_SampleID_196",580800,6966780,2006,691.158920288086,3.54166672627132,166,-0.2075,0,0,0,0,0,1,1,0,0,0,0,0,0,1,1,0,1,0,0,0,0,0,0,0,0,0,0,1,1,1,0,0,0,1,0,0,0,0,1,1,0,0,1,1,1,1,0,0,0,0
"plant_dec_3_SB_SampleID_197",612780,6966780,2006,697.228538513184,3.37500006208818,163,-0.2075,0,0,0,0,0,0,1,0,0,0,0,0,0,1,1,0,0,0,0,0,0,0,0,0,0,1,0,1,0,0,0,0,1,1,0,0,0,0,0,0,0,0,1,1,1,0,0,0,0,0
"plant_dec_3_SB_SampleID_198",692750,6966780,2006,690.453929901123,2.94166672602296,171,-0.2075,0,0,0,0,0,0,0,0,0,0,0,0,0,1,0,0,1,0,0,0,0,0,0,0,1,0,1,1,0,0,0,0,0,1,0,1,0,0,0,0,0,0,0,0,1,1,0,0,0,0
"plant_dec_3_SB_SampleID_199",596790,6967180,2006,699.174510955811,3.41666653007269,163,-0.2075,0,0,0,0,0,0,1,1,1,0,0,0,0,1,0,0,0,0,0,0,0,0,0,0,0,1,0,0,1,0,0,0,0,1,0,0,0,0,0,0,0,1,0,0,1,1,0,0,0,0
"plant_dec_3_SB_SampleID_200",644770,6967180,2006,707.822949409485,3.1416667898496,162,-0.2075,1,0,0,0,0,0,0,0,0,0,0,0,1,1,1,0,0,1,0,0,0,1,0,0,0,1,0,1,1,1,0,0,1,1,0,0,1,0,0,1,0,1,0,1,1,1,0,0,1,0
"plant_dec_3_SB_SampleID_201",228940,6982770,2006,583.819430351258,5.24166655540466,130,-0.2075,0,0,0,0,0,1,0,0,0,0,1,0,0,1,0,0,0,0,0,0,0,0,0,0,0,1,0,1,0,0,0,0,0,0,0,0,0,0,0,0,0,1,0,1,1,1,0,0,0,0
"plant_dec_3_SB_SampleID_202",244930,6982770,2006,557.636914253235,5.07499991854032,144,-0.2075,0,0,0,0,0,1,0,0,0,0,0,0,0,1,0,0,0,0,0,0,0,0,0,0,1,1,0,1,0,0,0,0,0,0,0,0,0,0,0,0,0,0,1,1,1,1,0,0,0,0
"plant_dec_3_SB_SampleID_203",260930,6982770,2006,567.661859512329,4.96666666865349,144,-0.2075,0,0,0,0,0,0,0,0,1,0,0,0,0,1,0,1,1,0,0,0,0,0,0,0,0,1,0,0,0,0,0,0,0,1,0,1,0,0,0,0,0,0,0,0,1,1,0,0,0,0
"plant_dec_3_SB_SampleID_204",436860,6982770,2006,592.983252525329,4.05833326280117,153,-0.2075,1,0,0,0,0,1,0,0,0,0,1,0,1,1,0,1,1,1,0,0,0,0,0,1,0,1,0,1,0,0,0,0,1,0,0,0,0,0,0,1,0,1,0,1,1,1,0,0,0,0
"plant_dec_3_SB_SampleID_205",452850,6982770,2006,586.659092903137,4.20833314955235,153,-0.2075,1,1,0,0,0,0,0,0,0,0,0,0,1,1,1,0,0,1,1,1,0,1,0,0,0,1,0,1,0,1,1,1,1,1,0,0,1,0,1,1,0,0,1,1,1,1,1,1,1,1
"plant_dec_3_SB_SampleID_206",500830,6982770,2006,585.494758605957,3.95833335816861,153,-0.2075,0,1,0,0,0,0,1,0,0,0,1,1,0,0,1,0,0,0,1,0,1,0,0,0,1,1,0,1,0,0,1,1,1,1,0,0,0,0,0,1,0,1,0,1,1,1,0,0,0,0
"plant_dec_3_SB_SampleID_207",516820,6982770,2006,574.408960342407,4.09166667858759,157,-0.2075,0,0,0,0,1,1,0,0,1,0,0,0,0,1,0,0,1,0,0,0,0,0,0,0,1,1,0,0,1,0,0,0,0,1,1,0,0,0,1,0,1,0,0,0,1,1,0,0,0,0
"plant_dec_3_SB_SampleID_208",212940,6983170,2006,654.893461227417,5.4333333671093,132,-0.2075,0,0,0,0,0,0,0,0,0,0,0,0,0,1,0,0,0,0,0,0,0,0,0,0,1,1,0,1,0,0,0,0,0,0,0,0,0,0,0,0,0,0,1,1,1,1,0,0,0,0
"plant_dec_3_SB_SampleID_209",676760,6983170,2006,712.029085159302,2.86666662991046,169,-0.2075,0,0,0,0,0,0,1,0,1,0,0,0,0,1,0,0,0,0,0,0,0,0,0,0,0,1,0,1,1,1,0,0,0,1,0,1,0,0,0,0,0,1,0,0,1,1,0,0,0,0
"plant_dec_3_SB_SampleID_210",628780,6983570,2006,690.808135986328,3.29999996721744,161,-0.2075,1,0,0,0,0,1,1,0,0,0,0,0,1,1,1,0,0,1,0,0,0,0,0,0,0,1,0,0,1,0,0,0,0,0,0,0,1,0,0,0,0,0,1,1,1,1,0,0,1,0
"plant_dec_3_SB_SampleID_211",644770,6983970,2006,718.603695869446,3.02499994821847,162,-0.2075,0,0,0,0,1,0,1,0,1,0,0,1,0,1,0,1,0,0,0,0,0,0,0,1,0,1,0,1,1,0,0,0,0,0,0,0,0,0,0,1,0,0,0,0,1,1,0,0,0,0
"plant_dec_3_SB_SampleID_212",260930,6998770,2006,547.97820186615,5.14166674017907,144,-0.2075,0,0,0,0,0,0,0,0,0,0,1,0,0,1,0,0,0,0,0,0,0,0,0,0,0,0,0,1,0,0,0,0,0,0,1,0,0,0,0,0,0,0,0,0,1,1,0,0,0,0
"plant_dec_3_SB_SampleID_213",420860,6998770,2006,570.066469192505,3.98333344360193,160,-0.2075,1,0,0,1,0,1,0,1,1,0,1,0,1,1,0,0,1,1,0,0,0,0,0,0,0,1,0,1,0,0,0,1,1,0,0,0,0,0,1,1,0,0,0,1,0,1,0,0,0,1
"plant_dec_3_SB_SampleID_214",468840,6998770,2006,611.592583656311,3.91666668653489,165,-0.2075,0,0,0,0,0,0,0,0,1,0,0,0,0,0,0,1,0,0,0,0,0,0,0,0,0,0,0,0,0,0,0,0,0,0,0,0,0,0,0,0,0,0,0,0,1,1,0,0,0,0
"plant_dec_3_SB_SampleID_215",484840,6998770,2006,623.847051620484,3.75833325584729,155,-0.2075,0,0,0,0,1,1,0,0,1,0,1,0,0,1,1,0,1,0,0,0,0,1,0,0,0,1,0,1,0,1,0,0,1,1,0,1,0,0,1,1,0,0,1,1,1,1,0,0,0,0
"plant_dec_3_SB_SampleID_216",500830,6999170,2006,630.800760269165,3.72499997417132,156,-0.2075,0,0,0,0,1,0,1,1,0,0,0,0,0,1,0,0,1,0,0,0,0,0,0,0,1,1,0,1,1,0,0,0,0,1,0,1,0,0,0,0,0,1,1,0,1,1,0,0,0,0
"plant_dec_3_SB_SampleID_217",532820,6999170,2006,610.707870483399,3.74166663487752,163,-0.2075,0,0,0,0,0,1,0,0,0,0,0,0,1,1,1,0,1,1,0,0,0,1,0,0,1,1,0,1,0,1,0,1,1,1,0,0,0,0,0,0,0,1,1,1,1,1,0,0,0,0
"plant_dec_3_SB_SampleID_218",580800,6999170,2006,717.570594787597,3.19166675023735,165,-0.2075,0,0,0,0,0,0,0,0,1,0,0,0,0,1,0,1,0,0,0,0,0,0,0,0,1,0,0,0,1,0,0,0,0,1,0,0,0,0,0,0,0,0,0,0,1,1,0,0,0,0
"plant_dec_3_SB_SampleID_219",564800,6999570,2006,695.053468704224,3.52500008046628,163,-0.2075,0,0,0,0,0,0,1,0,0,0,0,0,0,1,0,0,0,0,0,0,0,0,0,0,1,1,0,0,1,0,0,0,0,0,0,0,0,0,0,1,0,0,0,1,1,1,0,0,0,0
"plant_dec_3_SB_SampleID_220",468840,7014760,2006,626.435203552246,3.77499996622403,164,-0.2075,0,0,0,0,0,0,0,0,1,0,0,0,0,0,0,0,0,0,0,0,0,0,0,0,0,0,0,0,0,0,0,0,0,0,0,0,0,0,0,0,0,0,0,0,1,1,0,0,0,0
"plant_dec_3_SB_SampleID_221",260930,7015160,2006,562.5626745224,5.15000010530154,144,-0.2075,0,0,0,0,0,1,0,0,0,0,1,0,0,1,0,1,0,0,0,0,0,0,0,0,0,0,0,0,0,0,0,0,0,1,0,0,0,0,0,0,0,0,0,1,1,1,0,0,0,0
"plant_dec_3_SB_SampleID_222",436850,7030750,2006,618.010875701905,3.60833337157965,172,-0.2075,0,0,0,0,0,0,0,0,0,0,0,0,0,1,0,1,0,0,0,0,0,0,0,0,1,0,0,0,0,0,0,0,0,0,1,0,0,0,0,0,0,0,0,0,1,1,0,0,0,0
"plant_dec_3_SB_SampleID_223",500830,7030750,2006,678.828922271729,3.45833328180015,164,-0.2075,0,0,0,0,0,0,1,1,0,0,0,1,0,1,0,0,0,0,1,1,0,1,0,0,0,1,0,1,0,1,1,0,1,0,0,0,0,0,1,1,0,1,1,1,1,1,0,0,0,0
"plant_dec_3_SB_SampleID_224",532820,7031150,2006,698.177934646606,3.29166662693024,166,-0.2075,0,0,0,0,0,0,1,0,0,0,0,0,0,1,0,0,1,0,0,0,0,0,0,0,0,0,0,0,0,0,0,0,0,1,1,1,0,0,0,0,0,1,0,0,1,1,0,0,0,0
"plant_dec_3_SB_SampleID_225",452850,7031550,2006,643.759738922119,3.54166672254603,173,-0.2075,0,0,0,0,0,0,1,0,0,0,0,0,0,1,0,0,1,0,0,0,0,0,0,0,1,1,0,1,0,0,0,0,0,1,0,0,0,0,0,0,0,1,1,1,1,1,0,0,0,0
"plant_dec_3_SB_SampleID_226",484840,7046750,2006,659.422748565674,3.45833332960804,166,-0.2075,0,0,0,0,0,0,0,0,1,0,0,0,0,1,0,0,0,0,0,0,0,0,0,0,1,1,0,0,0,1,0,1,0,1,0,0,0,0,0,0,0,0,0,0,1,1,0,0,0,0
"plant_dec_3_SB_SampleID_227",516820,7046750,2006,641.915884017944,3.40000001216927,167,-0.2075,1,0,0,0,0,0,1,0,0,0,0,0,0,1,1,0,0,1,1,0,0,1,0,0,0,1,0,1,0,0,1,0,1,0,0,0,0,0,1,1,1,1,0,1,0,1,0,0,0,1
"plant_dec_3_SB_SampleID_228",468840,7047150,2006,693.452869415283,3.3166666229566,170,-0.2075,1,0,0,0,0,0,1,0,0,0,0,0,0,1,1,0,1,1,1,0,0,1,0,0,0,1,0,1,0,1,0,0,1,0,0,0,0,0,1,0,0,1,0,1,0,0,0,1,0,0
