"sampleID","x-coordinate","y-coordinate","Year","annuprec","annutemp","annusnowcount","annuNAO","Acanthoceras zachariasii","Achnanthidium minutissimum","Anathece clathrata","Ankistrodesmus falcatus","Ankyra judayi","Aphanizomenon flosaquae","Aphanocapsa delicatissima","Aphanocapsa elachista","Asterionella formosa","Aulacoseira ambigua","Aulacoseira distans","Aulacoseira islandica","Aulacoseira italica","Aulomonas purdyi","Belonastrum berolinensis","Bicosoeca lacustris","Bicosoeca mitra","Bitrichia chodatii","Botryococcus braunii","Ceratium hirundinella","Chlamydocapsa planctonica","Chroococcus minutus","Chrysidiastrum catenatum","Chrysochromulina parva","Chrysolykos planctonicus","Coelosphaerium kuetzingianum","Cosmarium abbreviatum","Cosmarium bioculatum","Cosmarium blyttii","Cosmarium depressum","Cosmarium laeve","Cosmarium phaseolus","Crucigenia quadrata","Crucigenia tetrapedia","Cryptomonas marssonii","Cyclotella meneghiniana","Cyclotella radiosa","Cyclotella stelligera","Desmodesmus armatus","Desmodesmus bicellularis","Desmodesmus serratus","Dictyosphaerium ehrenbergianum","Dictyosphaerium subsolitarium","Dinobryon acuminatum","Dinobryon bavaricum","Dinobryon borgei","Dinobryon crenulatum","Dinobryon cylindricum","Dinobryon divergens","Dinobryon sociale","Dinobryon suecicum","Dolichospermum flosaquae","Dolichospermum macrosporum","Elakatothrix gelatinosa","Elakatothrix genevensis","Eresmosphaera viridis","Euastrum bidentatum","Euastrum denticulatum","Euastrum elegans","Eudorina elegans","Euglena viridis","Fragilaria crotonensis","Fragilaria radians","Gloeobotrys limneticus","Gymnodinium uberrimum","Gyromitus cordiformis","Isthmochloron trispinatum","Katablepharis ovalis","Kephyrion cupuliforme","Kephyrion ovale","Kephyrion rubri-claustri","Koliella longiseta","Koliella spiculiformis","Lagerheimia genevensis","Limnococcus limneticus","Mallomonas akrokomos","Mallomonas caudata","Mallomonas crassisquama","Mallomonas punctifera","Mallomonas tonsurata","Merismopedia glauca","Merismopedia warmingiana","Monoraphidium contortum","Monoraphidium dybowskii","Monoraphidium griffithii","Monoraphidium komarkovae","Monoraphidium minutum","Monoraphidium tortile","Mucidosphaerium pulchellum","Nitzschia acicularis","Oocystis borgei","Oocystis marssonii","Oocystis parva","Oocystis rhomboidea","Parvodinium goslaviense","Parvodinium inconspicuum","Paulschulzia pseudovolvox","Pediastrum duplex","Peridinium bipes","Peridinium cinctum","Peridinium willei","Planktothrix agardhii","Pseudanabaena limnetica","Pseudogoniochloris tripus","Pseudopediastrum boryanum","Pseudosphaerocystis lacustris","Pseudostaurastrum limneticum","Quadrigula pfitzeri","Rhizosolenia longiseta","Rhodomonas lacustris","Salpingoeca frequentissima","Scenedesmus quadricauda","Sphaerocystis schroeteri","Spondylosium planum","Staurastrum anatinum","Staurastrum avicula","Staurastrum cingulum","Staurastrum gracile","Stauridium privum","Stauridium tetras","Staurodesmus cuspidatus","Staurodesmus dejectus","Staurodesmus incus","Staurosira construens","Stichococcus pelagicus","Synedra ulna","Synura uvella","Tabellaria fenestrata","Tabellaria flocculosa","Tetraedron minimum","Trachelomonas hispida","Trachelomonas volvocinopsis","Ulnaria delicatissima","Ulnaria ulna","Uroglenopsis americana","Urosolenia eriensis","Willea irregularis","Woronichinia naegeliana"
"phytoplankton_dec_1_NB_SampleID_1",578283.000009795,7261634.00000994,1982,742.998317718506,0.350000051160654,221,0.43,1,0,1,1,1,1,1,0,1,0,1,0,1,0,1,1,0,0,1,1,1,0,1,0,1,1,0,0,0,0,0,0,1,1,0,0,1,0,0,1,0,1,0,1,1,1,0,0,1,0,1,1,1,0,0,0,0,0,0,0,0,1,0,0,0,1,0,1,0,1,1,0,0,0,0,0,1,0,1,0,0,0,1,0,0,1,1,0,1,1,0,0,0,0,0,1,0,1,0,0,0,1,1,0,1,1,1,1,1,1,0,1,1,0,0,1,1,0,0,0,0,1,0,1,1,1,1,1,0,1,1,0,1,0,0,1,0,1
"phytoplankton_dec_1_NB_SampleID_2",578283.00000385,7261634.00000854,1986,717.050422668457,-0.308333277702337,196,0.503333333333333,1,0,1,1,0,1,0,0,1,0,0,1,1,1,1,0,1,1,1,1,0,1,1,0,0,0,0,0,0,0,0,0,1,0,0,0,0,1,1,0,0,1,0,0,1,1,0,0,0,1,1,0,0,1,1,0,0,0,0,0,1,1,0,0,0,1,0,1,0,1,0,1,1,0,0,0,0,0,0,0,0,0,1,1,0,0,0,0,1,1,0,0,0,0,1,1,0,1,0,0,0,1,1,0,1,1,1,0,0,1,1,0,1,1,1,0,0,0,0,0,0,0,0,0,1,1,0,1,0,1,1,1,1,1,0,0,0,0
"phytoplankton_dec_1_NB_SampleID_3",598874.000006379,7278723.000001,1982,688.894107818603,0.191666774451735,229,0.43,1,0,1,1,0,1,1,0,1,0,0,1,1,0,1,0,0,1,1,1,1,0,1,0,0,1,0,1,0,0,0,0,0,1,0,0,1,1,0,1,0,1,0,1,1,1,0,0,1,0,1,1,1,0,0,0,1,0,0,0,1,1,0,0,0,1,1,1,0,1,0,0,0,1,0,0,1,0,1,0,0,0,1,0,0,1,0,0,1,1,0,0,0,0,0,1,0,0,0,0,1,1,1,1,0,1,1,0,1,1,0,0,0,1,0,0,0,0,0,0,0,0,0,0,1,1,1,1,1,1,1,0,1,0,0,1,0,1
"phytoplankton_dec_1_NB_SampleID_4",598874.00000558,7278723.00000937,1986,665.931045532227,-0.491666654745733,204,0.503333333333333,1,0,1,1,0,1,0,0,1,1,1,1,1,0,0,0,1,1,1,0,0,0,0,0,0,0,0,0,0,0,0,0,1,1,0,0,1,1,1,1,0,1,0,1,1,1,0,0,0,0,1,0,0,1,1,0,0,0,0,1,0,1,0,0,0,1,0,1,1,1,0,1,1,0,0,1,0,0,0,0,1,0,1,1,0,0,0,0,0,1,0,0,0,0,1,1,1,0,0,0,0,1,1,0,1,1,1,1,0,1,1,0,1,1,0,0,0,0,1,0,0,0,1,0,1,1,0,1,0,1,1,0,1,1,0,0,0,0
"phytoplankton_dec_1_NB_SampleID_5",565601.000007778,7296197.00000069,1982,691.798166275024,0.116666590174044,232,0.43,1,0,1,1,0,1,1,0,1,0,0,0,1,0,1,1,0,1,0,1,1,0,0,0,1,0,1,1,0,0,0,0,0,1,0,0,1,1,0,1,1,1,0,1,1,1,0,0,1,1,1,1,1,0,0,0,0,0,0,0,0,1,0,0,0,1,0,1,0,1,1,0,0,0,0,1,1,0,0,1,0,1,1,0,0,1,1,0,1,0,0,0,0,0,0,1,1,1,0,0,1,1,0,1,0,0,1,1,1,1,1,1,1,1,0,0,0,0,0,0,0,0,0,0,1,1,1,1,0,0,0,0,1,1,0,0,0,1
"phytoplankton_dec_1_NB_SampleID_6",565601.000000269,7296197.00000855,1986,721.316376686096,-0.558333406845728,193,0.503333333333333,0,0,1,0,0,0,0,1,1,1,0,0,1,1,0,1,1,0,1,1,0,0,0,0,1,0,1,1,0,0,0,0,1,0,0,1,0,1,1,0,0,1,0,1,1,1,0,0,0,1,1,0,0,1,1,0,0,0,0,1,0,1,0,0,0,1,0,1,0,0,1,1,0,0,0,0,0,1,0,0,0,0,0,1,0,1,0,0,0,1,1,0,0,1,1,1,1,1,1,0,1,1,1,1,0,0,0,1,1,1,1,0,1,1,1,1,1,0,1,0,0,1,0,0,1,1,0,1,1,0,0,0,1,1,0,0,0,0
"phytoplankton_dec_1_NB_SampleID_7",608002.000005905,7301979.00000212,1982,664.236351013183,0.0166665775080549,225,0.43,1,0,1,1,0,1,1,0,1,0,0,0,1,0,1,1,0,1,1,0,0,0,0,0,0,1,0,0,0,0,0,0,1,1,0,1,1,1,1,1,0,0,0,1,1,1,0,0,1,0,0,1,1,0,0,0,1,0,0,0,1,1,0,0,0,0,0,1,0,1,1,0,0,1,0,1,1,0,1,0,0,0,1,0,0,1,1,0,1,1,0,0,0,0,0,1,0,0,0,0,1,1,1,0,0,1,1,0,1,1,0,0,1,1,0,1,1,0,0,0,0,0,0,1,1,1,1,1,0,1,1,0,1,1,0,1,0,1
"phytoplankton_dec_1_NB_SampleID_8",608002.000000247,7301979.00000873,1986,576.440621376037,-0.691666742165881,203,0.503333333333333,0,0,1,0,0,1,0,0,1,0,0,0,1,0,0,0,1,0,1,1,0,0,0,0,0,0,0,0,0,0,0,0,0,1,0,1,1,0,1,0,0,0,0,1,1,1,0,0,1,0,1,0,0,1,1,0,0,0,0,0,1,0,0,0,0,1,0,1,0,1,0,1,1,0,0,1,0,0,0,0,0,0,1,1,0,0,0,0,1,1,0,0,0,0,1,1,1,0,0,0,0,1,1,0,0,1,1,1,0,1,1,0,1,0,1,0,0,0,1,0,0,0,0,0,0,0,0,1,0,0,1,1,0,1,0,0,0,0
"phytoplankton_dec_1_NB_SampleID_9",629825.000003555,7306926.00000752,1982,674.194153785706,2.23517459587338e-08,211,0.43,0,0,1,1,0,1,1,0,1,0,0,0,1,0,0,1,0,1,1,1,1,0,1,0,1,0,0,0,0,0,0,0,1,0,0,1,1,1,0,1,0,0,0,1,1,1,0,0,1,0,1,1,1,0,0,0,0,0,0,0,1,1,0,0,0,1,0,1,0,1,1,0,0,1,0,0,1,0,1,1,0,0,1,0,0,1,1,0,1,1,0,0,0,0,0,1,1,0,0,0,1,1,1,0,0,1,1,1,1,1,1,0,0,1,1,0,1,0,0,0,0,1,0,1,1,1,1,1,0,1,1,1,1,0,0,0,0,1
"phytoplankton_dec_1_NB_SampleID_10",629825.000000682,7306926.00000753,1986,394.105142593384,-0.700000057617831,191,0.503333333333333,0,0,1,0,0,1,0,0,1,0,1,1,1,1,0,0,1,1,1,1,0,0,0,0,1,0,0,0,0,0,0,0,0,0,0,1,1,1,0,0,0,1,0,1,1,1,0,0,1,0,1,0,0,1,1,0,0,0,0,1,1,1,0,0,0,1,0,1,1,0,0,0,1,1,0,1,0,0,0,0,0,0,1,0,0,0,0,0,0,1,0,0,0,0,1,1,1,0,0,0,1,0,1,0,0,1,1,1,0,1,1,0,1,0,1,0,0,0,1,0,0,0,1,0,1,1,0,1,1,1,1,1,1,1,0,0,0,0
"phytoplankton_dec_1_NB_SampleID_11",609497.000003186,7310047.00000036,1982,645.942662239075,0.0083332608143513,219,0.43,1,0,0,1,0,1,1,0,1,0,0,0,1,0,0,0,0,1,0,1,1,0,0,0,0,0,0,1,0,0,0,0,0,1,0,1,1,1,0,0,0,0,0,1,1,1,0,0,1,0,1,1,1,0,0,0,0,0,0,0,0,1,0,0,0,1,0,1,0,1,0,0,0,0,0,1,1,0,1,1,0,0,0,0,0,1,1,0,1,1,1,0,0,0,0,1,1,1,0,0,1,1,1,0,1,1,1,1,1,1,1,1,1,0,0,0,1,0,0,0,0,0,0,0,1,1,1,1,0,1,1,1,1,0,0,0,0,1
"phytoplankton_dec_1_NB_SampleID_12",609497.000003702,7310047.00000984,1986,536.933430671692,-0.691666672627127,203,0.503333333333333,0,0,1,0,0,1,0,0,1,1,1,1,1,0,0,0,0,1,0,1,0,1,0,0,0,0,0,0,0,0,0,0,0,0,0,0,1,0,1,0,0,0,0,1,1,1,0,0,1,0,1,0,0,1,1,0,0,0,0,0,0,1,0,0,0,1,0,1,0,0,0,1,1,0,1,1,0,0,0,0,0,0,0,1,0,0,0,0,1,1,0,0,0,1,1,1,1,0,0,0,0,1,0,0,0,1,1,1,0,1,1,0,1,0,1,1,0,0,1,1,0,0,0,0,1,1,0,1,0,1,1,0,1,1,0,0,0,0
"phytoplankton_dec_1_NB_SampleID_13",625087.000003032,7313906.00000371,1982,674.194153785706,2.23517459587338e-08,211,0.43,0,0,0,1,0,1,1,1,1,1,0,0,1,0,1,1,0,1,1,1,1,0,1,0,1,1,1,0,0,0,0,0,0,0,0,1,1,1,0,1,1,0,0,1,1,1,0,0,1,1,1,1,1,0,0,0,1,0,0,0,1,1,0,0,0,1,0,1,0,1,0,0,0,1,0,0,1,0,1,0,0,1,0,0,0,1,1,0,1,1,0,0,0,0,0,1,1,1,1,0,1,1,0,1,0,1,1,1,1,1,1,0,1,1,0,1,1,0,0,1,0,1,0,0,1,1,1,1,0,1,1,1,1,0,0,1,0,1
"phytoplankton_dec_1_NB_SampleID_14",625087.000000713,7313906.00000486,1985,678.917695045471,-2.8333331545194,195,-0.183333333333333,0,0,1,0,0,1,0,0,1,1,0,1,1,1,0,0,0,0,1,0,0,0,1,0,1,0,0,0,0,0,0,0,1,0,0,0,0,1,0,0,0,0,0,1,1,1,0,0,1,1,1,0,0,1,0,0,0,0,0,0,0,1,0,0,0,1,1,1,1,1,0,0,0,1,0,0,1,0,1,0,0,0,1,0,1,0,1,0,1,0,0,0,0,0,1,1,1,1,0,0,0,1,0,1,0,0,0,0,1,1,1,0,0,1,0,0,0,0,0,0,0,0,0,0,0,1,0,1,0,1,0,0,1,1,0,0,0,0
"phytoplankton_dec_1_NB_SampleID_15",625087.000003455,7313906.00000277,1986,394.105142593384,-0.700000057617831,191,0.503333333333333,0,0,1,0,0,1,0,0,1,0,0,1,1,0,0,0,0,1,1,1,0,0,0,0,0,1,0,0,0,0,0,0,1,0,0,1,1,0,0,1,0,0,0,1,1,1,0,0,1,1,0,1,0,1,1,0,1,0,0,1,0,0,0,0,0,1,0,1,0,0,0,1,0,1,0,0,0,0,0,0,0,0,1,1,0,0,0,0,0,1,0,0,0,1,1,1,1,1,0,0,1,0,1,1,0,1,0,1,1,1,0,0,1,0,0,0,0,0,0,0,0,0,0,0,1,1,0,1,0,1,1,1,1,1,0,0,0,0
"phytoplankton_dec_1_NB_SampleID_16",625087.000004759,7313906.00000779,1987,589.28671002388,-1.9833334684372,187,-0.1225,0,0,0,0,0,0,0,0,1,0,0,1,1,0,0,0,0,0,0,1,0,0,0,0,0,0,0,0,0,0,0,0,0,0,0,0,1,0,0,1,0,0,0,0,1,0,0,0,0,0,0,0,0,0,0,0,0,0,0,0,0,0,0,0,0,1,0,0,0,1,0,0,1,1,0,0,0,0,0,0,0,0,0,0,1,0,0,0,0,1,0,0,0,0,0,0,1,0,0,0,0,1,0,0,0,0,0,0,0,0,0,0,0,0,0,0,0,0,1,0,0,0,0,0,1,0,0,1,0,1,1,0,1,0,0,0,0,0
"phytoplankton_dec_1_NB_SampleID_17",564381.000007646,7330833.00000939,1982,686.461085319519,-0.0166666756073597,232,0.43,0,0,1,0,1,1,1,0,1,0,0,1,1,1,1,0,0,1,1,1,0,0,1,0,0,0,0,0,0,0,0,0,0,0,0,1,1,1,0,0,0,0,0,1,1,1,0,0,1,1,1,1,0,0,0,0,0,0,0,0,0,1,0,0,0,1,0,1,0,1,0,0,0,0,0,0,1,0,1,0,0,1,0,0,0,0,0,0,0,0,1,0,0,0,0,0,0,0,0,0,0,1,1,0,0,0,1,0,1,1,1,0,0,1,0,0,1,0,0,0,0,0,0,0,1,1,1,1,0,1,0,1,1,1,0,1,0,1
"phytoplankton_dec_1_NB_SampleID_18",564381.000008922,7330833.00000786,1986,631.179856300354,-0.674999882777541,210,0.503333333333333,0,0,1,0,0,1,0,0,1,0,0,0,1,0,0,0,0,1,1,1,0,1,0,0,0,0,1,0,0,0,0,0,0,0,0,1,0,1,0,0,1,0,0,1,0,1,0,0,1,1,1,1,0,0,0,0,0,0,0,0,0,1,0,0,0,1,0,1,0,0,1,1,0,0,0,0,0,0,0,1,0,0,0,0,0,0,0,0,1,1,0,0,0,0,0,1,1,0,1,0,0,1,0,1,0,0,1,0,1,1,0,0,1,1,0,0,0,0,0,0,0,0,0,0,0,0,0,1,0,1,0,0,1,1,0,1,0,0
"phytoplankton_dec_1_NB_SampleID_19",574499.000001776,7333662.00000487,1982,683.136979103089,-0.116666600108148,232,0.43,0,0,0,0,0,1,1,0,1,0,0,0,1,0,0,0,0,0,0,1,0,0,0,0,0,0,0,0,0,0,0,1,0,0,0,1,0,0,0,0,0,0,0,0,1,0,0,0,1,0,0,1,0,0,0,0,0,0,0,0,0,1,0,0,0,1,0,1,0,0,0,0,0,0,0,0,1,0,0,0,0,0,0,0,0,0,0,0,0,0,0,0,0,0,0,0,0,0,0,0,0,1,0,0,0,0,0,0,0,1,0,0,0,1,0,1,0,0,0,0,0,0,0,0,1,0,1,1,0,0,0,0,1,0,0,0,0,1
"phytoplankton_dec_1_NB_SampleID_20",550787.00000762,7358562.0000055,1986,615.790998458862,-0.824999809265137,202,0.503333333333333,0,0,1,0,0,0,0,0,1,1,1,1,0,0,0,0,1,1,0,1,1,0,0,0,0,0,0,0,0,0,0,1,1,1,0,1,0,0,1,0,0,0,0,0,1,1,0,0,1,0,1,0,0,0,1,0,0,0,0,0,0,0,0,0,0,1,0,1,0,0,0,1,0,1,0,1,1,0,0,0,0,1,1,1,1,0,0,0,1,0,0,0,0,0,0,0,0,0,0,0,0,0,1,1,0,1,0,1,1,1,1,0,1,0,1,0,0,0,0,0,0,0,0,0,0,0,0,1,0,0,0,1,0,0,0,0,0,0
"phytoplankton_dec_1_NB_SampleID_21",595858.000003375,7362009.00000677,1985,651.760540008545,-3.61666657527287,205,-0.183333333333333,0,0,0,0,0,0,0,0,0,0,0,0,0,0,0,0,0,1,0,0,0,0,0,0,0,0,0,0,0,0,0,0,0,0,0,0,0,0,0,0,0,0,0,0,0,0,0,0,1,0,0,0,0,0,0,0,0,0,0,0,0,1,0,0,0,0,0,1,0,0,0,0,0,0,0,0,0,0,0,0,0,0,0,0,0,0,0,0,0,0,0,0,0,0,0,0,0,0,0,0,0,0,0,0,0,0,0,0,0,0,0,0,0,0,0,0,0,0,0,0,0,0,0,0,0,0,0,0,0,0,0,0,0,0,1,0,0,0
"phytoplankton_dec_1_NB_SampleID_22",585566.000004694,7379169.00000423,1980,521.651324272156,-1.82499997317791,191,-0.4125,0,0,0,0,0,0,0,0,0,0,0,0,0,0,0,0,0,0,0,0,0,0,0,0,0,0,0,0,0,0,0,0,0,0,0,0,0,0,0,0,0,0,0,0,0,0,0,0,0,0,0,0,0,0,0,0,0,0,0,0,0,0,0,0,0,0,0,0,0,0,0,0,0,0,0,0,0,0,0,0,0,0,0,0,0,0,0,0,0,0,0,0,0,0,0,1,0,0,0,0,0,0,0,0,0,0,0,0,0,0,0,0,0,0,0,0,0,0,0,0,0,0,0,0,0,0,1,0,0,0,0,0,0,0,0,0,0,0
"phytoplankton_dec_1_NB_SampleID_23",532734.000009348,7381293.00000207,1983,775.204083919524,-0.0333333760499926,192,0.31,1,0,1,0,1,1,1,1,1,0,1,1,1,1,1,0,1,1,1,0,1,0,1,0,0,0,0,1,0,0,0,0,0,0,0,1,0,1,0,1,0,0,0,0,1,0,0,0,1,0,1,1,1,0,0,0,0,0,0,1,0,1,0,0,0,1,0,1,0,1,0,0,0,1,0,0,1,0,1,0,0,1,1,0,0,0,0,1,1,1,0,0,0,0,0,1,1,0,1,1,0,1,1,1,1,0,0,0,1,1,1,1,0,0,0,0,1,0,0,0,0,0,0,1,0,0,1,1,1,1,1,0,1,0,0,1,0,1
"phytoplankton_dec_1_NB_SampleID_24",515427.000005915,7381477.00000961,1986,559.587658882141,-0.350000103314732,196,0.503333333333333,1,0,1,0,0,1,0,1,1,1,1,1,1,1,0,0,1,0,0,0,0,0,0,0,0,0,0,0,0,0,0,0,0,0,0,0,0,1,1,1,0,0,0,1,1,1,0,0,1,0,1,1,0,0,0,0,0,0,0,0,0,0,0,0,0,1,0,1,0,1,1,1,0,1,0,1,1,0,1,1,0,0,1,1,1,1,0,0,1,1,0,0,0,0,0,1,0,0,0,0,0,1,1,1,0,1,0,0,1,1,1,0,0,0,0,0,0,0,0,1,0,0,0,0,0,1,0,1,0,1,1,1,0,1,0,0,0,0
"phytoplankton_dec_1_NB_SampleID_25",538572.000003649,7383972.00000822,1983,778.574923038484,0.0416666169961258,195,0.31,1,0,0,0,1,1,1,0,1,0,1,1,1,0,1,0,1,1,1,0,1,0,1,0,1,0,0,1,0,0,0,0,0,0,0,1,0,1,0,1,0,0,0,0,1,1,0,0,1,0,1,1,1,0,0,0,0,0,0,1,0,1,0,0,0,1,0,1,0,1,1,0,0,1,0,0,1,0,1,0,0,1,1,1,0,1,0,1,1,1,0,0,0,0,0,1,1,0,1,1,0,1,1,0,0,0,0,0,1,1,1,1,1,1,1,0,0,0,0,0,0,0,0,0,0,0,1,1,1,0,1,1,1,0,0,1,0,1
"phytoplankton_dec_1_NB_SampleID_26",573921.00000692,7415278.00000797,1985,576.461468696594,-3.35833335419497,206,-0.183333333333333,0,0,0,0,0,0,0,0,0,0,0,0,0,0,0,0,0,0,0,0,0,0,0,0,0,0,0,0,0,0,0,0,0,0,0,0,0,0,0,0,0,0,0,0,0,1,0,0,0,0,0,1,0,0,0,0,0,0,0,0,0,0,0,0,0,0,0,1,0,1,0,0,0,0,0,0,0,0,0,0,0,0,0,1,0,0,0,0,1,0,0,0,0,1,0,0,0,0,0,0,0,0,0,0,0,0,0,0,0,1,0,0,0,0,0,1,0,0,0,0,0,0,0,0,0,0,0,0,0,0,0,0,0,0,0,0,1,0
"phytoplankton_dec_1_NB_SampleID_27",530979.000001342,7523531.00000134,1978,391.092280983925,-2.80833319822947,218,0.3175,0,0,1,1,1,0,1,0,1,1,0,0,0,0,1,0,0,0,0,0,1,0,0,0,0,0,0,0,0,0,0,0,1,1,0,0,0,0,0,1,0,1,1,0,0,0,0,0,1,0,0,0,0,0,0,0,0,0,0,0,1,1,0,0,0,1,0,1,0,0,0,0,0,0,0,0,0,0,0,0,0,0,1,0,1,1,0,0,1,0,0,0,0,0,0,1,0,0,0,0,0,0,0,0,0,0,0,0,0,1,1,1,1,0,0,0,0,0,0,0,0,0,0,0,0,0,0,0,0,0,0,0,0,0,0,0,0,0
"phytoplankton_dec_1_NB_SampleID_28",530979.000009427,7523531.00000449,1980,385.897169113159,-2.52499997615814,212,-0.4125,0,0,0,1,0,0,1,0,1,1,0,0,0,0,0,0,0,0,0,0,0,0,0,0,0,0,0,0,0,0,0,0,1,0,0,0,0,0,0,1,0,1,0,0,1,0,0,0,0,0,0,1,0,1,0,0,0,0,0,1,1,1,0,0,0,1,0,1,0,0,0,0,0,0,0,0,1,0,0,0,0,0,1,0,0,1,0,0,1,0,0,0,0,0,0,1,0,0,0,0,0,0,1,0,0,1,0,0,1,1,1,1,0,0,0,0,0,0,0,0,0,0,0,0,0,0,1,1,1,0,0,0,0,0,1,0,0,0
"phytoplankton_dec_1_NB_SampleID_29",530979.000006709,7523531.00000383,1981,770.207167625428,-2.98333347837131,214,-0.2125,0,0,0,0,1,1,0,0,1,1,1,0,0,1,0,1,0,0,1,0,0,0,0,0,0,0,0,0,0,0,0,0,0,0,0,0,0,0,1,0,0,1,0,0,0,0,0,0,0,0,0,0,0,0,0,0,0,0,0,0,0,0,0,0,0,1,0,1,0,0,0,1,0,0,0,0,0,0,0,0,0,0,1,0,0,0,0,0,1,0,0,0,0,0,1,0,0,0,0,0,0,0,0,0,0,0,0,0,0,1,0,0,0,0,0,0,0,0,0,0,0,0,0,0,0,0,0,0,1,0,0,1,0,0,0,0,0,0
"phytoplankton_dec_1_NB_SampleID_30",530979.000009999,7523531.00000935,1982,467.170215606689,-1.21666666368644,212,0.43,0,0,0,0,1,0,1,0,1,1,0,0,1,1,0,1,0,0,0,0,0,0,0,0,0,0,0,0,0,0,0,0,0,1,0,0,0,0,1,0,0,0,0,1,1,0,0,0,0,0,0,1,0,0,0,0,0,0,0,0,0,0,0,0,0,1,0,1,0,0,0,0,0,0,0,0,1,0,0,0,0,0,1,0,0,1,0,1,1,0,0,0,0,0,0,1,1,0,0,0,0,0,0,0,0,1,0,0,0,1,0,0,0,1,0,0,0,0,0,0,0,0,0,0,0,0,0,1,0,0,0,1,0,0,0,0,0,0
"phytoplankton_dec_1_NB_SampleID_31",530979.000004294,7523531.00000963,1983,691.813680648803,-1.5166667699814,199,0.31,0,0,0,0,0,1,0,0,1,1,0,0,0,0,0,0,0,0,1,0,0,0,0,0,0,0,0,0,0,0,0,0,0,0,0,0,0,1,0,0,0,0,0,0,0,0,0,0,0,0,0,1,0,0,0,0,0,0,0,1,0,0,0,0,0,0,0,1,0,0,0,0,0,0,0,0,1,1,0,0,0,0,1,0,0,0,0,0,0,0,0,0,0,0,1,0,0,0,0,0,0,0,0,0,0,0,0,0,0,1,0,0,0,0,0,0,0,0,0,0,0,0,0,0,0,0,0,1,1,0,0,0,0,1,0,0,0,0
"phytoplankton_dec_1_NB_SampleID_32",530979.000005754,7523531.0000034,1986,494.507886886596,-2.06666679183642,208,0.503333333333333,0,0,0,0,0,1,1,0,1,1,0,0,0,1,0,1,0,0,1,0,1,0,0,0,0,0,0,0,0,0,0,0,0,1,0,0,0,0,1,1,1,0,0,0,1,0,0,0,1,0,0,1,0,1,0,0,0,0,0,1,0,0,0,0,0,1,0,1,0,0,0,1,0,0,0,0,1,0,0,0,0,0,1,0,0,0,0,0,1,0,0,0,0,0,0,0,0,0,0,0,0,1,0,0,0,0,0,0,0,1,1,0,1,0,0,0,0,0,0,0,0,0,0,0,0,0,0,1,1,0,0,1,0,0,0,0,0,0
"phytoplankton_dec_1_NB_SampleID_33",375869.000003172,7537726.00000694,1982,573.111918449402,-1.34166661898294,211,0.43,0,0,1,1,0,1,1,0,1,1,0,0,1,1,1,1,0,1,1,0,1,1,1,0,1,0,0,1,0,0,0,0,1,1,0,1,1,1,1,1,1,0,0,1,1,1,0,0,0,0,1,1,1,0,0,0,1,0,0,0,1,0,0,0,0,1,0,1,0,1,1,0,0,0,1,0,1,0,1,0,0,0,0,1,1,1,1,1,1,1,1,0,0,0,0,1,1,0,1,0,0,0,0,1,1,1,1,1,1,1,1,1,1,1,1,1,1,0,0,0,0,1,0,0,1,1,1,1,1,1,1,1,1,1,0,0,0,0
"phytoplankton_dec_1_NB_SampleID_34",375869.00000663,7537726.0000085,1986,533.420678138733,-2.17500005910794,211,0.503333333333333,0,0,1,1,0,0,0,1,1,1,0,0,0,1,0,0,1,0,1,0,0,1,0,0,0,0,0,1,0,0,0,0,0,1,0,0,1,0,1,1,0,1,0,0,1,1,0,0,1,0,1,0,0,0,0,0,0,0,0,1,1,0,0,0,0,1,0,1,0,0,1,1,0,0,0,0,1,0,0,0,0,0,1,0,1,0,0,0,0,1,1,0,0,0,0,1,1,0,0,0,0,0,0,1,0,1,0,1,1,1,0,0,1,1,0,0,0,0,0,0,1,0,0,1,0,1,0,1,0,1,1,0,0,1,0,0,0,0
"phytoplankton_dec_1_NB_SampleID_35",489512.000006738,7539030.00000413,1978,454.042021274567,-2.96666675806046,232,0.3175,0,0,0,1,1,0,0,0,1,0,0,0,1,1,0,1,0,0,0,0,0,0,0,0,0,0,0,0,0,0,0,0,0,0,0,0,0,0,0,0,0,0,0,0,0,1,0,0,0,0,1,0,0,0,0,0,0,0,0,0,0,1,0,0,0,0,0,1,0,0,0,0,0,0,0,0,1,0,0,0,0,0,1,0,0,1,0,0,1,0,0,0,0,0,0,0,0,0,0,0,0,0,1,0,0,0,0,0,1,1,0,0,0,0,0,0,0,0,0,0,0,0,0,0,0,0,0,1,0,0,0,0,0,0,0,0,0,0
"phytoplankton_dec_1_NB_SampleID_36",489512.00000944,7539030.00000864,1980,442.270267486572,-2.62499994039534,227,-0.4125,0,0,0,0,0,0,0,0,1,0,0,0,1,1,1,0,0,0,0,0,1,0,0,0,0,0,0,0,1,0,0,1,0,0,0,0,0,0,0,0,0,0,0,0,0,0,0,0,0,0,0,1,0,0,0,0,0,0,0,1,0,1,0,0,0,1,0,1,0,0,0,0,0,0,0,0,1,0,0,0,0,0,1,0,0,0,0,0,1,0,0,0,0,0,0,1,0,0,0,0,0,0,0,0,0,0,0,0,1,1,0,0,1,0,0,0,0,0,0,0,0,0,0,0,0,1,1,1,1,0,0,0,0,1,0,0,0,0
"phytoplankton_dec_1_NB_SampleID_37",489512.000004305,7539030.00000649,1982,511.378900527954,-1.17499988277753,213,0.43,0,0,0,0,1,0,1,0,1,0,0,0,1,1,0,1,0,0,0,0,1,0,0,0,0,0,0,0,0,0,0,0,1,1,0,0,0,0,0,0,0,0,0,0,0,0,0,0,0,0,0,1,0,0,0,0,0,0,0,0,0,1,0,0,0,1,0,0,0,0,0,0,0,0,1,1,1,0,0,0,0,0,0,0,0,1,0,1,1,1,0,0,0,0,0,0,0,0,0,0,0,0,0,0,0,0,0,0,0,1,0,0,1,0,0,0,0,0,0,0,0,0,0,0,0,1,0,1,1,0,0,1,0,1,0,0,0,0
"phytoplankton_dec_1_NB_SampleID_38",489512.000004422,7539030.00000151,1986,508.725615501404,-1.90833337108295,210,0.503333333333333,0,0,0,0,0,0,0,0,1,1,0,1,1,0,0,0,1,0,0,0,0,0,0,0,0,0,0,0,0,0,0,0,0,1,0,0,0,0,1,0,0,0,0,0,1,1,0,0,1,0,0,0,0,1,1,0,0,0,0,1,0,0,0,0,0,0,0,1,0,0,0,0,0,0,0,0,1,0,0,0,0,0,1,0,0,0,0,0,1,0,0,0,0,0,0,0,1,0,0,0,0,0,0,0,0,0,0,0,1,1,1,0,1,0,0,0,0,0,0,0,0,0,0,0,0,0,0,1,1,0,0,0,0,0,0,0,0,0
"phytoplankton_dec_1_NB_SampleID_39",382353.000007149,7548904.0000019,1982,583.120163917542,-1.57500005761782,211,0.43,0,0,0,0,0,0,1,0,1,0,0,0,1,0,0,0,0,0,1,0,0,0,1,0,0,0,0,0,0,0,0,0,0,0,0,1,0,1,0,0,0,0,0,0,0,1,0,1,1,0,0,1,0,0,0,0,0,0,0,1,0,0,0,0,0,0,0,1,0,0,0,0,0,0,0,0,0,0,0,0,0,0,0,0,0,0,0,0,0,0,0,0,0,0,0,0,0,0,0,0,0,1,0,0,0,0,0,0,1,1,0,0,0,1,0,0,0,0,0,0,0,0,0,0,0,1,1,1,0,0,0,0,0,0,0,0,0,0
"phytoplankton_dec_1_NB_SampleID_40",382353.000004939,7548904.00000455,1986,512.526082992553,-2.34166678165395,212,0.503333333333333,0,0,0,0,0,0,0,0,1,0,1,1,1,0,0,0,0,0,0,0,1,0,0,0,0,0,0,0,0,0,0,0,0,0,0,1,0,0,0,1,0,0,0,0,1,1,0,0,0,0,1,0,0,0,0,0,0,0,0,0,0,0,0,0,0,0,0,1,0,0,0,0,0,0,0,0,0,0,0,0,0,0,0,0,0,0,0,0,0,0,0,0,0,0,1,1,1,0,0,0,0,1,0,0,0,1,0,0,1,1,1,0,0,0,1,0,0,0,0,0,0,0,0,0,0,0,0,1,0,0,1,0,1,0,0,0,0,0
"phytoplankton_dec_1_NB_SampleID_41",551993.000001,7639992.00000177,1982,610.104088783264,-0.508333188171178,215,0.43,0,0,1,0,0,0,0,0,1,0,0,0,0,0,0,0,1,0,0,1,0,0,0,0,0,0,0,0,0,0,0,0,0,0,0,1,0,1,0,0,0,0,0,1,0,1,0,0,1,0,0,0,0,0,0,0,0,0,0,0,0,0,0,0,0,1,0,1,0,0,0,0,0,0,0,1,1,0,1,1,0,0,0,1,1,0,0,1,1,0,0,0,0,0,0,1,0,0,0,0,0,1,0,0,0,0,0,0,1,1,1,1,0,0,0,0,0,0,0,0,0,0,0,0,1,0,1,1,0,1,0,0,0,0,0,0,0,0
"phytoplankton_dec_1_NB_SampleID_42",503227.000005538,7644208.0000032,1982,615.56234073639,-1.0833332935969,214,0.43,0,0,0,0,0,0,1,0,1,0,1,0,0,0,0,0,0,1,1,0,0,0,0,0,1,0,0,0,0,0,0,0,0,0,0,1,0,1,0,1,0,0,0,1,0,1,0,1,1,0,0,1,0,0,0,0,0,0,0,0,0,1,0,0,0,1,0,1,0,1,1,0,0,0,0,0,1,0,0,1,0,1,0,0,0,0,1,1,1,0,0,0,0,0,0,1,0,0,1,0,0,1,0,0,0,0,0,0,1,1,1,0,0,0,0,0,0,0,0,0,0,0,0,0,1,1,1,1,0,1,0,0,0,0,0,0,0,0
"phytoplankton_dec_1_NB_SampleID_43",552745.000002789,7671388.00000856,1982,595.885625839233,-0.724999977896608,214,0.43,0,0,0,0,0,0,1,0,1,0,1,0,1,0,0,0,0,1,1,1,0,0,0,0,0,0,0,0,0,0,0,0,1,0,0,1,0,0,0,1,0,0,0,1,0,1,0,0,1,1,0,0,0,0,0,0,0,0,0,0,0,0,0,0,0,0,0,1,0,1,0,0,0,0,0,1,1,0,0,0,0,1,0,1,0,0,0,1,0,0,0,0,0,0,0,0,0,0,0,0,0,0,0,0,0,0,0,0,1,1,0,0,1,0,0,1,0,0,0,0,0,0,0,0,1,0,0,0,0,1,0,0,0,0,0,0,0,0
"phytoplankton_dec_1_NB_SampleID_44",552745.000007081,7671388.00000219,1984,560.795367240906,-0.36666671435038,222,0.2475,0,0,0,0,0,0,0,0,1,0,1,0,1,0,0,0,0,0,1,1,0,0,0,0,0,0,0,0,0,0,0,0,0,1,0,1,0,0,0,0,0,0,0,1,1,0,0,0,1,0,0,0,0,0,0,0,0,0,0,0,0,0,0,0,0,1,0,0,0,0,0,1,0,0,0,0,0,0,0,0,0,0,0,0,0,0,0,0,0,0,0,0,0,0,0,1,0,0,0,1,0,0,0,0,0,0,0,0,0,0,0,0,0,0,0,0,0,0,0,0,0,0,0,0,0,0,0,1,1,0,0,0,0,0,0,0,0,0
"phytoplankton_dec_1_NB_SampleID_45",552745.000004935,7671388.00000086,1985,457.397164821625,-2.84166661898295,215,-0.183333333333333,0,0,0,0,0,0,0,1,1,0,1,1,1,0,0,0,0,1,1,1,0,0,0,0,1,0,1,0,0,0,0,0,1,1,0,0,0,1,0,0,0,0,0,1,1,1,0,1,1,1,1,0,0,1,1,0,0,0,0,0,0,1,0,0,0,0,1,1,1,1,0,0,0,0,0,0,0,1,0,1,0,0,0,1,0,0,0,1,0,0,0,0,0,0,0,1,0,0,0,1,0,1,0,0,0,0,0,0,1,1,0,0,0,0,0,0,0,0,0,0,0,0,0,0,0,0,0,1,1,1,0,0,0,0,0,0,0,1
"phytoplankton_dec_1_NB_SampleID_46",552745.000007219,7671388.00000262,1986,415.22871017456,-1.31666682163875,209,0.503333333333333,0,0,0,0,0,0,0,0,1,0,1,0,1,0,0,0,0,0,0,1,0,0,1,0,0,0,0,0,0,0,0,0,1,0,0,0,1,0,0,0,0,0,0,1,1,1,0,0,1,0,0,0,0,0,1,0,0,0,0,0,0,0,0,0,0,0,0,1,0,1,0,0,0,0,0,0,0,1,0,1,0,0,1,0,1,0,0,0,0,0,0,0,0,0,0,0,0,0,0,0,1,1,0,0,0,1,0,0,1,1,0,0,0,0,0,0,0,0,0,0,0,0,0,0,0,0,0,0,0,1,0,0,0,0,0,0,0,0
"phytoplankton_dec_1_NB_SampleID_47",552745.000006033,7671388.00000357,1987,427.195690155029,-2.4583332935969,206,-0.1225,0,0,0,1,0,0,0,0,1,0,1,0,1,0,0,0,0,1,0,1,0,0,0,0,1,0,0,0,0,0,0,0,1,0,0,1,0,0,0,0,0,0,0,1,1,1,0,0,0,1,0,0,0,1,0,0,0,0,0,0,0,0,0,0,0,0,0,1,0,0,0,0,0,0,0,0,0,1,0,0,0,0,0,1,1,0,0,0,0,0,0,0,0,0,0,1,0,0,0,0,0,0,0,0,0,0,0,0,1,1,0,0,0,0,0,0,0,0,0,0,0,0,0,0,0,0,0,1,0,1,0,0,0,1,0,0,0,0
"phytoplankton_dec_1_NB_SampleID_48",567652.000003621,7684072.00000249,1983,563.974935531616,-1.45833334637184,206,0.31,0,0,0,0,0,1,0,0,0,0,0,0,0,0,0,0,0,1,0,0,0,0,0,0,1,0,0,1,0,0,0,0,0,0,0,0,0,0,0,0,0,0,1,1,0,1,0,0,1,0,0,0,0,0,0,0,1,0,0,0,0,0,0,0,0,1,0,1,0,1,0,0,0,0,0,0,0,0,0,0,0,1,0,1,0,0,0,1,1,0,1,0,0,0,0,1,0,0,0,0,0,0,0,0,0,0,0,0,0,1,0,0,1,0,0,1,0,0,0,0,0,0,0,0,0,0,0,0,1,1,0,0,0,1,0,0,0,0
"phytoplankton_dec_1_NB_SampleID_49",575132.000006554,7692393.00000035,1983,561.097339630127,-1.31666664344568,206,0.31,0,0,0,0,0,0,0,1,0,0,0,0,0,0,0,0,0,0,1,0,0,0,0,0,1,0,0,0,1,0,0,0,1,0,0,0,0,0,0,0,0,0,1,1,0,1,0,0,0,0,0,0,0,0,0,0,0,0,0,0,0,0,0,0,0,0,0,1,0,1,0,0,0,0,0,0,0,0,0,0,0,0,0,1,0,0,0,1,0,0,0,0,0,0,0,1,0,0,0,0,0,0,0,0,0,0,0,0,0,1,0,0,0,0,0,0,0,0,0,0,0,0,0,0,0,0,0,1,1,1,0,0,0,0,0,0,0,1
"phytoplankton_dec_1_NB_SampleID_50",488373.000000187,7694787.00000177,1980,313.356064796448,-2.83333346247673,222,-0.4125,0,0,0,0,0,0,0,1,0,1,1,0,0,0,0,0,0,1,1,0,0,0,0,1,0,0,1,0,0,0,0,0,0,0,0,1,0,0,0,0,0,0,0,1,0,1,1,0,1,1,0,0,0,0,1,1,0,0,1,0,0,0,1,0,0,0,0,1,0,1,0,0,0,0,0,0,0,0,0,1,0,0,0,1,0,0,0,0,0,0,0,0,1,0,0,0,0,0,0,0,0,0,0,1,0,0,0,0,0,1,0,0,0,0,0,0,0,0,0,1,0,0,0,1,0,0,0,1,1,0,0,0,0,1,1,0,1,0
"phytoplankton_dec_1_NB_SampleID_51",489333.000002553,7695147.00000942,1980,313.356064796448,-2.83333346247673,222,-0.4125,0,0,0,0,0,0,0,0,0,0,1,0,0,0,0,0,0,1,1,0,0,0,1,0,0,1,1,0,1,1,1,0,0,0,1,1,1,0,0,0,1,0,0,0,0,0,0,1,0,0,0,1,0,0,1,1,0,0,1,0,0,0,1,1,1,1,0,1,0,0,0,0,1,0,1,1,0,0,0,1,1,1,0,0,0,0,1,0,0,0,1,1,1,1,0,0,0,0,0,0,0,0,0,1,0,0,0,0,0,1,0,0,1,1,1,0,0,0,0,0,0,0,1,0,0,1,0,1,1,1,0,0,0,1,1,0,1,0
"phytoplankton_dec_1_NB_SampleID_52",583255.000007205,7700227.00000186,1983,546.115610122681,-1.30833326590558,206,0.31,0,0,0,0,0,0,1,0,0,0,0,0,0,0,0,0,0,1,0,0,0,0,0,0,1,0,0,0,1,0,0,0,1,0,0,0,0,1,0,0,0,0,0,1,0,0,0,0,0,0,0,0,0,0,0,0,0,0,0,0,0,0,0,0,0,0,0,1,0,1,0,0,0,0,0,1,0,0,1,0,0,0,0,0,0,0,0,1,0,0,0,0,0,0,0,0,0,0,0,0,0,0,0,0,0,1,0,0,0,1,0,0,0,0,0,0,0,0,0,0,0,1,0,0,0,0,0,0,0,1,0,0,0,0,0,0,0,0
"phytoplankton_dec_1_NB_SampleID_53",585018.000001118,7702016.0000031,1983,561.323343276978,-1.21666663947203,205,0.31,0,0,0,0,0,0,1,0,0,0,0,0,0,0,0,0,0,1,1,0,0,0,0,0,0,0,0,1,0,0,0,0,0,1,0,0,0,0,0,1,0,0,1,1,0,1,0,0,0,0,0,0,0,0,0,0,0,0,1,0,0,0,0,0,0,0,0,1,0,1,0,0,0,0,0,0,0,0,0,0,0,1,0,1,0,1,0,1,1,0,0,0,1,0,0,0,0,0,0,0,0,0,0,0,0,0,0,1,0,1,0,0,1,0,0,0,0,0,0,0,0,0,0,0,0,0,0,0,0,1,0,0,0,0,0,0,0,0
"phytoplankton_dec_1_NB_SampleID_54",486114.00000355,7703104.00000667,1980,291.21902179718,-3.08333346247674,222,-0.4125,0,0,0,0,0,0,0,0,1,0,1,0,0,0,0,0,0,1,1,0,0,0,0,1,0,1,0,0,0,0,0,0,0,0,1,0,0,0,0,0,0,0,0,1,0,1,1,1,1,1,0,0,0,0,1,0,0,0,0,0,0,0,1,1,1,0,0,1,0,1,0,0,0,0,0,1,0,0,0,0,0,0,0,0,0,0,0,0,0,0,0,1,1,0,0,0,0,0,1,0,0,0,0,0,0,0,0,0,0,1,0,0,1,0,0,1,0,0,0,0,0,0,0,0,0,0,0,1,1,0,0,0,0,1,1,0,0,0
"phytoplankton_dec_1_NB_SampleID_55",470700.000005808,7703274.00000552,1980,313.212578773499,-3.14166661103566,222,-0.4125,0,1,0,0,0,0,0,1,1,1,0,0,1,0,0,0,0,1,1,1,1,0,0,1,0,0,0,0,0,1,0,0,0,0,0,0,1,0,0,0,1,0,0,1,1,1,0,1,1,0,0,1,0,0,0,0,0,0,1,0,0,0,0,1,0,1,0,1,0,0,0,0,0,0,0,1,1,0,0,0,0,0,0,0,0,0,0,0,0,0,0,1,0,0,0,0,0,1,0,0,0,1,0,0,0,0,0,0,0,1,0,0,1,1,0,0,0,1,0,0,0,1,1,1,0,0,0,1,1,0,0,0,0,0,0,0,0,0
"phytoplankton_dec_1_NB_SampleID_56",470061.000005906,7704104.00000389,1980,313.212578773499,-3.14166661103566,222,-0.4125,0,1,0,0,0,0,0,1,1,0,0,0,0,0,0,0,0,1,1,1,0,0,1,1,0,0,0,0,0,0,0,0,1,0,1,1,1,0,0,0,0,0,0,1,1,0,1,1,1,0,1,1,0,0,1,1,0,0,0,0,0,0,1,1,0,1,0,1,0,0,0,0,0,0,0,0,1,0,0,0,0,0,0,0,0,0,0,0,0,0,0,1,1,0,0,0,0,0,0,0,1,0,0,0,1,0,0,0,0,1,0,0,0,1,0,0,1,1,0,0,1,0,1,1,0,1,0,1,1,0,0,0,0,1,1,0,0,0
"phytoplankton_dec_1_NB_SampleID_57",492132.000006574,7706243.00000086,1980,291.21902179718,-3.08333346247674,222,-0.4125,0,1,0,0,0,0,0,1,1,1,1,0,1,0,0,0,0,1,1,0,0,0,0,0,1,0,1,1,1,0,0,1,0,0,0,0,0,0,1,0,1,0,0,1,1,1,0,1,0,1,0,1,0,0,1,1,0,0,1,0,0,0,1,1,1,1,1,1,0,0,0,0,0,0,1,1,0,0,0,1,0,1,0,1,0,0,0,0,0,1,0,0,1,0,0,0,1,1,0,0,0,0,0,0,1,0,0,0,1,1,0,1,1,0,0,1,0,0,1,1,1,0,0,1,0,1,0,1,1,1,0,0,0,1,1,1,1,0
"phytoplankton_dec_1_NB_SampleID_58",469574.000002348,7718338.00000401,1980,286.456377506256,-3.33333335320154,217,-0.4125,0,1,0,0,0,0,0,1,1,0,0,0,0,0,0,0,0,0,1,0,0,0,1,1,0,0,0,0,1,0,1,0,0,0,0,0,0,0,0,1,0,0,0,1,1,1,0,1,1,0,0,1,0,0,1,1,0,1,1,0,0,0,1,0,1,1,0,1,0,0,0,0,1,0,0,1,1,0,0,0,0,0,0,1,0,0,0,0,0,1,0,0,1,0,0,0,1,0,0,0,0,0,0,0,0,0,0,0,1,1,1,1,1,0,1,0,0,1,0,1,1,0,0,1,0,1,0,1,1,1,0,0,0,1,1,0,1,0
"phytoplankton_dec_1_NB_SampleID_59",497390.000009147,7719547.00000296,1980,248.807236671448,-2.97499990463257,222,-0.4125,0,1,0,0,0,0,0,1,1,1,0,0,1,0,0,0,0,1,1,0,0,0,0,0,0,1,1,1,0,0,0,0,0,0,0,0,0,0,0,1,0,0,0,1,0,0,0,1,1,0,0,1,0,0,1,1,1,0,1,0,0,1,0,1,1,0,1,1,0,0,0,0,0,0,1,0,0,0,0,0,0,0,0,0,0,0,0,0,1,1,1,1,0,0,0,0,0,0,0,1,0,0,0,0,1,0,0,0,0,0,0,0,0,1,1,1,0,1,0,1,1,0,1,0,0,0,0,1,1,1,0,0,0,1,1,0,1,0
"phytoplankton_dec_1_NB_SampleID_60",516302.000005731,7726694.00000353,1980,244.024261474609,-3.11666664481162,221,-0.4125,0,0,0,0,0,0,0,0,0,0,0,0,0,0,0,0,0,1,0,0,0,1,0,0,1,1,0,1,1,1,1,1,0,0,0,0,0,1,0,0,0,0,1,1,0,0,1,1,1,0,0,1,0,0,1,1,1,1,1,0,0,0,1,1,1,0,0,1,1,0,0,0,0,0,1,0,0,1,0,0,1,1,0,0,0,0,0,0,0,0,0,0,1,0,0,1,0,0,0,1,1,0,0,0,0,0,0,0,0,1,0,0,1,1,0,0,0,0,0,0,1,1,1,0,0,0,0,1,1,1,0,0,0,1,1,0,1,0
"phytoplankton_dec_1_NB_SampleID_61",524189.000006298,7726694.00000026,1980,254.158265113831,-3.0166666507721,222,-0.4125,0,0,0,0,0,0,0,0,0,0,0,0,0,0,0,0,0,1,1,0,0,1,0,0,1,1,1,0,1,1,0,0,0,0,1,0,0,0,0,0,0,0,1,1,1,1,0,1,1,0,0,0,0,0,1,0,1,1,1,0,0,0,0,1,1,0,0,1,1,0,0,0,0,0,0,0,0,0,0,0,0,1,0,0,0,0,0,0,0,0,1,1,0,0,0,1,0,0,0,0,0,0,0,0,0,0,0,0,0,1,0,0,1,0,1,1,0,0,0,0,1,0,1,0,0,0,0,1,1,0,0,0,0,0,1,0,1,1
"phytoplankton_dec_1_NB_SampleID_62",499529.000005699,7727974.00000819,1980,264.971656799317,-3.00833339492481,217,-0.4125,0,0,0,0,0,0,0,1,1,0,1,0,0,0,0,0,0,1,1,1,0,0,0,0,0,0,0,0,0,0,0,0,0,0,0,1,0,0,0,0,0,0,0,1,0,1,0,1,1,0,0,1,0,0,0,1,0,0,1,0,0,0,0,1,0,0,0,1,1,0,0,0,1,0,0,1,0,0,0,0,0,0,0,1,0,0,0,0,0,0,0,1,1,1,0,0,0,0,0,0,0,0,0,0,0,0,0,0,0,1,0,0,1,0,0,0,0,0,0,1,0,0,0,0,0,0,0,1,0,0,0,0,0,1,1,0,1,0
"phytoplankton_dec_1_NB_SampleID_63",500569.000000707,7728694.00000362,1980,264.971656799317,-3.00833339492481,217,-0.4125,0,1,0,0,0,0,0,0,1,0,1,0,0,0,0,0,0,1,1,0,0,0,1,1,0,1,1,0,0,0,0,0,0,0,1,1,0,0,0,0,0,0,0,1,0,0,1,0,1,0,0,0,0,0,0,0,0,0,0,0,0,0,1,0,1,0,0,1,0,1,0,0,1,0,0,0,0,0,0,0,0,0,0,1,0,0,0,0,0,0,0,1,1,0,0,1,0,1,0,0,1,0,0,0,0,0,0,0,0,1,0,0,0,1,0,1,0,1,0,0,0,0,0,0,0,0,0,1,0,0,0,0,0,0,0,0,0,0
"phytoplankton_dec_1_NB_SampleID_64",509225.000000559,7729313.00000463,1980,251.91431427002,-3.13333326578141,221,-0.4125,0,0,0,0,0,0,0,0,0,0,0,0,0,0,0,0,0,1,1,0,0,1,0,0,0,1,1,0,1,0,0,0,1,0,1,1,0,0,0,0,0,0,0,1,0,1,0,0,1,0,0,0,0,0,1,1,1,0,1,0,0,0,1,0,1,0,1,1,0,1,0,0,0,0,0,0,0,0,0,0,0,0,0,1,0,0,0,0,0,0,0,0,1,0,0,0,0,0,0,0,0,0,0,0,0,0,0,0,0,1,0,0,1,0,1,1,1,0,0,0,0,0,1,0,0,0,0,0,0,0,0,0,0,0,0,0,1,0
"phytoplankton_dec_1_NB_SampleID_65",507946.000003756,7730293.00000929,1980,251.91431427002,-3.13333326578141,221,-0.4125,0,1,0,0,0,0,0,0,0,0,0,0,0,0,0,0,0,1,1,0,0,0,0,0,0,1,1,0,1,1,1,0,0,0,1,0,0,0,0,0,0,0,0,1,0,0,0,0,1,0,0,1,0,0,0,1,1,1,1,0,0,0,1,0,1,0,0,1,0,0,0,0,1,0,1,0,0,0,0,1,1,0,0,1,0,0,1,0,0,0,0,1,1,0,0,0,1,0,0,0,0,0,0,0,0,0,0,0,0,1,0,0,1,1,0,0,0,0,0,0,1,0,1,0,0,0,0,0,0,0,0,0,0,0,1,0,1,0
"phytoplankton_dec_1_NB_SampleID_66",515682.000006707,7731072.00000673,1980,245.803818702698,-3.04166671633722,222,-0.4125,0,1,0,0,0,0,1,0,0,0,0,0,1,0,0,0,0,1,1,0,1,0,0,0,0,1,1,0,1,1,0,0,0,1,0,1,1,0,0,1,0,0,1,1,0,1,0,0,1,0,0,1,0,0,1,1,0,0,1,0,0,0,1,1,1,0,0,0,1,0,0,0,0,0,1,0,0,0,0,1,0,1,0,0,0,0,0,0,0,0,0,1,1,1,0,1,0,0,0,0,0,1,0,0,0,0,0,0,0,1,0,0,1,1,0,1,0,0,1,1,0,0,0,0,0,0,0,1,1,1,0,0,0,0,1,0,1,0
"phytoplankton_dec_1_NB_SampleID_67",523969.000003539,7731332.00000724,1980,253.06706905365,-3.1499999264876,222,-0.4125,0,1,0,0,0,0,0,0,1,0,0,0,0,0,0,0,0,0,1,0,0,0,0,0,0,1,0,0,0,1,0,0,0,0,0,0,1,0,0,0,0,0,0,1,1,0,0,0,1,0,0,1,0,0,0,1,0,0,1,0,0,0,0,1,0,0,0,1,0,0,0,0,0,0,1,0,0,0,0,0,0,1,0,0,0,0,0,0,0,0,0,0,0,0,0,1,0,0,0,0,0,0,0,0,1,0,0,0,0,0,0,0,0,0,0,0,0,0,1,1,0,0,0,1,0,0,0,1,1,0,0,0,0,1,0,0,1,0
"phytoplankton_dec_1_NB_SampleID_68",519146.000004005,7733777.00000091,1980,245.803818702698,-3.04166671633722,222,-0.4125,0,0,0,0,0,0,0,1,1,1,0,0,1,0,0,0,0,1,1,0,0,1,0,0,1,1,0,0,1,1,1,1,0,1,0,0,1,0,0,0,1,0,1,1,1,1,0,0,1,0,0,1,0,0,1,0,0,1,1,0,0,0,1,1,1,0,0,1,1,0,1,0,0,0,0,0,0,0,0,0,0,1,0,0,0,0,0,0,0,0,1,1,1,0,0,1,0,0,0,0,0,0,0,0,1,0,0,0,0,1,0,0,1,0,0,0,1,0,1,0,0,0,0,1,0,0,0,1,0,1,0,0,0,0,1,0,1,0
"phytoplankton_dec_1_NB_SampleID_69",535315.000003169,7734571.00000441,1980,260.082760810852,-3.02499998609224,222,-0.4125,0,0,0,0,0,0,0,1,0,0,1,0,1,0,0,0,0,1,1,0,0,0,0,0,0,1,1,0,1,1,1,0,1,0,0,0,1,0,0,0,0,0,0,1,1,1,0,1,1,0,1,1,0,0,1,0,1,0,1,0,0,0,1,1,1,1,0,1,1,1,0,0,0,0,1,1,0,1,0,1,0,0,0,0,1,0,0,0,0,0,1,0,1,1,0,1,0,0,0,1,0,0,0,0,0,0,0,1,0,1,0,0,1,0,0,0,0,0,0,0,0,0,0,0,0,0,0,0,1,1,0,0,0,1,1,0,1,0
"phytoplankton_dec_1_NB_SampleID_70",504767.000005663,7735051.00000055,1980,251.91431427002,-3.13333326578141,221,-0.4125,0,0,0,0,1,0,0,1,0,0,0,0,0,0,0,0,0,1,1,0,0,1,0,0,0,1,0,0,0,0,1,1,1,0,0,0,0,0,0,0,0,0,0,1,0,0,0,0,1,0,0,0,0,0,0,1,0,0,1,0,0,0,1,0,1,0,0,1,0,0,0,0,0,0,1,1,0,0,0,0,0,1,0,0,0,0,0,0,1,0,0,1,1,1,0,1,0,0,0,0,0,0,0,0,0,0,0,0,0,1,0,0,0,0,0,0,0,0,0,0,0,0,0,0,0,0,0,0,1,1,0,0,0,0,1,0,1,0
"phytoplankton_dec_1_NB_SampleID_71",503647.000001861,7736131.00000798,1980,264.971656799317,-3.00833339492481,217,-0.4125,0,1,0,0,1,0,0,0,0,0,0,0,0,0,0,0,0,1,1,0,0,0,0,0,0,1,0,0,0,1,0,0,1,0,1,0,0,0,0,0,0,0,0,0,0,0,1,0,0,1,0,1,0,0,0,0,0,1,1,0,0,0,0,0,0,0,0,1,0,0,0,0,0,0,0,1,0,0,0,0,0,0,0,0,0,0,0,0,0,0,0,1,1,0,0,0,0,0,0,0,0,0,0,0,0,0,0,0,0,1,0,0,1,0,0,0,0,1,0,1,0,0,0,0,0,0,0,1,1,0,0,0,0,1,1,0,1,0
"phytoplankton_dec_1_NB_SampleID_72",518961.000004288,7739999.00000444,1980,267.165065765381,-3.03333335121473,222,-0.4125,0,1,0,0,0,0,0,1,0,0,0,0,0,0,0,0,0,1,1,0,0,1,0,1,1,1,1,1,0,0,0,1,0,0,0,0,0,0,0,1,0,0,0,1,0,0,0,0,1,1,0,1,0,0,0,1,1,0,1,0,0,0,0,0,1,0,1,1,0,0,0,0,0,0,0,0,0,1,0,0,1,0,0,0,0,0,0,0,0,0,0,0,0,0,0,1,1,1,1,1,0,0,0,0,0,0,0,0,0,1,0,0,1,1,0,1,0,1,0,1,1,1,0,0,0,0,0,1,1,1,0,0,0,1,0,0,1,0
"phytoplankton_dec_1_NB_SampleID_73",521860.000006732,7741108.0000039,1980,267.165065765381,-3.03333335121473,222,-0.4125,0,0,0,0,0,0,0,0,0,0,0,0,0,0,0,0,0,1,0,0,0,0,0,0,0,1,0,0,1,1,1,0,0,0,0,0,0,0,0,0,0,0,1,0,0,0,0,0,1,1,0,0,0,0,1,1,1,1,1,0,0,0,0,1,1,0,1,1,1,1,0,0,0,0,1,0,0,0,0,0,1,1,0,0,0,0,0,0,1,0,1,0,1,0,0,1,1,0,0,0,0,0,0,0,0,0,0,0,0,1,0,0,1,0,0,0,0,0,0,1,0,0,0,0,0,1,0,1,1,1,0,0,0,1,1,0,1,0
"phytoplankton_dec_1_NB_SampleID_74",533495.000002334,7745247.00000168,1980,263.112138748169,-3.15000012516976,222,-0.4125,0,0,0,0,0,0,0,0,0,0,1,0,0,0,0,0,0,0,1,0,0,0,0,1,0,1,0,0,0,1,0,0,0,0,1,1,0,0,0,0,0,0,0,1,1,1,0,1,0,0,0,1,0,0,0,0,0,0,0,0,0,0,1,0,1,0,0,1,0,0,1,0,0,0,0,0,1,1,0,1,1,0,0,0,1,0,0,0,0,0,0,0,0,0,0,0,0,0,0,1,0,0,0,0,0,0,0,0,0,1,0,0,0,0,0,0,0,0,0,0,0,0,0,0,0,0,0,1,1,0,0,0,0,1,1,0,0,0
"phytoplankton_dec_1_NB_SampleID_75",491672.000002636,7748326.0000037,1980,327.184112548828,-3.15000008543333,218,-0.4125,0,1,0,0,0,0,0,0,1,0,1,0,0,0,0,0,0,1,1,0,0,0,0,0,0,0,0,0,1,0,0,0,0,0,0,1,1,0,0,0,0,0,0,1,0,1,0,1,0,0,0,1,0,0,0,0,0,0,1,0,0,0,0,0,1,0,0,1,0,0,0,0,0,0,0,1,0,0,0,1,0,0,0,1,0,0,0,0,0,0,0,0,0,0,0,0,0,0,0,0,0,0,0,0,0,0,0,0,0,1,0,0,0,0,0,0,0,0,0,0,0,0,0,0,0,0,0,1,0,0,0,0,1,1,1,0,0,0
"phytoplankton_dec_1_NB_SampleID_76",490113.000009809,7748885.00000974,1980,327.184112548828,-3.15000008543333,218,-0.4125,0,1,0,0,0,0,0,0,0,0,1,0,0,0,0,0,0,1,1,0,0,0,1,1,0,0,1,1,0,0,0,0,0,0,0,0,1,0,0,0,0,0,0,0,0,1,1,0,0,1,0,1,0,0,1,0,0,0,1,0,0,0,1,1,1,1,1,1,0,0,0,0,0,0,0,0,0,0,0,1,0,0,1,0,0,0,0,0,0,0,0,1,0,0,0,0,0,0,0,0,0,0,0,0,0,0,0,0,1,1,0,0,0,0,0,0,0,0,0,0,0,0,0,0,0,0,0,1,1,1,0,0,0,1,0,0,1,0
"phytoplankton_dec_1_NB_SampleID_77",520601.000008875,7749305.000002,1980,282.963414192199,-2.97500003377598,221,-0.4125,0,0,0,0,1,0,0,0,0,0,0,0,0,0,0,0,0,1,1,0,0,0,0,0,0,1,1,0,1,0,0,1,1,0,0,0,0,0,0,0,0,0,1,0,0,0,0,0,0,0,0,0,0,0,1,1,1,1,1,0,0,0,1,0,0,1,0,0,0,0,0,0,0,0,1,1,0,0,0,1,1,1,0,0,0,0,0,0,0,0,0,1,1,0,0,1,0,0,0,0,0,0,0,0,1,0,0,0,0,1,0,0,1,0,0,0,0,0,0,0,0,0,1,0,0,0,0,0,1,1,0,0,0,0,1,0,1,0
"phytoplankton_dec_1_NB_SampleID_78",533455.000001545,7752734.00000202,1980,272.421629905701,-2.99999991059303,222,-0.4125,0,0,0,0,0,0,0,1,0,1,1,0,0,0,0,0,0,1,1,1,0,0,1,0,0,0,1,0,0,0,1,0,0,0,0,0,0,0,0,0,0,0,0,0,1,1,1,1,0,0,0,1,0,0,1,0,0,0,0,1,0,0,0,0,1,1,1,1,0,0,0,0,0,0,0,1,1,1,0,0,0,0,0,1,0,0,0,0,0,0,0,0,1,0,0,0,1,0,1,0,0,0,0,0,1,0,0,0,0,1,0,0,1,0,0,0,1,0,0,0,0,0,0,0,0,0,0,1,1,0,0,0,0,1,0,1,1,0
"phytoplankton_dec_1_NB_SampleID_79",481916.000003576,7753804.00000063,1980,327.877511024475,-3.10833335916201,218,-0.4125,0,1,0,0,0,0,0,0,0,0,0,0,0,0,0,0,0,1,1,0,0,0,0,0,0,0,0,1,0,0,0,0,0,0,0,0,0,0,0,0,0,0,1,1,1,1,1,1,1,1,0,0,0,0,0,0,0,0,1,0,0,0,0,0,1,0,1,1,0,0,0,0,0,0,1,0,0,0,0,0,0,1,0,0,0,0,0,0,0,0,0,0,0,0,0,1,0,0,0,0,0,0,0,0,0,0,0,0,0,0,0,0,0,0,0,0,0,0,0,0,0,0,0,0,0,0,0,1,1,0,0,0,0,0,0,0,1,0
"phytoplankton_dec_1_NB_SampleID_80",523819.000000859,7754643.00000425,1980,272.421629905701,-2.99999991059303,222,-0.4125,0,0,0,0,0,0,0,0,0,1,0,0,0,0,0,0,0,1,1,0,0,1,1,0,0,1,0,0,0,0,0,1,0,0,0,1,0,0,0,0,0,0,1,1,1,0,0,0,1,0,1,1,0,0,1,1,0,0,1,0,0,0,1,1,1,0,0,1,0,0,0,0,0,0,0,0,0,0,0,1,1,0,0,1,1,0,0,0,0,0,0,0,1,1,0,1,0,0,0,0,0,0,1,0,0,0,0,0,0,1,0,0,1,0,0,0,1,1,0,0,0,0,0,0,0,0,0,1,1,0,0,0,0,0,1,0,1,0
"phytoplankton_dec_1_NB_SampleID_81",521220.000000534,7757282.00000293,1980,297.06604385376,-2.89166651169459,219,-0.4125,0,0,0,0,0,0,0,1,0,0,1,0,0,0,0,0,0,1,1,1,1,0,0,0,0,1,0,0,1,1,0,1,1,0,1,0,1,0,0,0,0,0,1,0,0,0,1,0,0,0,0,1,0,0,1,0,0,0,1,0,0,0,0,0,1,0,0,1,0,0,0,0,0,0,0,1,1,0,0,0,0,0,0,1,0,0,0,0,0,0,0,1,1,0,0,0,0,0,0,0,0,0,0,0,0,0,0,0,0,1,0,0,1,0,0,0,0,0,0,0,0,0,0,0,0,0,0,1,1,0,0,0,0,1,0,0,0,0
"phytoplankton_dec_1_NB_SampleID_82",535415.00000713,7758061.000008,1980,275.570249557495,-2.49999995032947,222,-0.4125,0,0,0,0,0,0,0,1,0,0,1,0,1,0,0,0,0,1,1,1,0,0,1,0,0,0,0,0,1,0,1,0,1,0,0,1,1,0,0,0,1,0,1,1,1,0,0,0,1,0,0,1,0,0,1,0,1,1,1,0,0,0,1,0,1,0,0,1,0,0,0,0,0,0,0,1,1,0,0,1,1,1,0,1,0,0,0,0,0,0,0,0,0,1,0,0,0,0,0,1,0,0,0,0,0,0,0,1,0,1,0,0,1,1,1,0,0,1,0,0,1,1,0,0,0,0,0,1,0,0,0,0,0,1,1,0,1,0
"phytoplankton_dec_1_NB_SampleID_83",538337.000006634,7762688.00000763,1982,572.560103416443,-1.30833331743877,221,0.43,0,1,0,0,0,0,0,1,1,0,1,0,0,0,0,0,0,0,1,0,0,0,0,0,0,0,0,0,0,0,0,0,0,0,0,0,0,0,0,0,1,0,0,0,1,1,1,1,1,0,0,0,0,0,0,0,0,0,0,0,0,0,1,0,0,0,0,1,0,0,0,0,0,0,0,0,0,0,0,0,0,0,0,0,0,0,0,0,0,0,0,0,0,0,0,0,0,0,0,0,0,0,0,0,0,0,0,0,0,1,0,0,0,0,0,0,0,0,0,0,0,0,0,0,0,1,0,0,1,1,0,0,1,1,0,0,0,1
"phytoplankton_dec_1_NB_SampleID_84",528358.00000266,7766598.00000871,1980,283.652575492859,-2.82499992847442,222,-0.4125,0,1,0,0,0,0,0,1,1,1,0,0,1,0,0,0,0,1,1,0,0,0,1,0,0,0,1,0,0,1,0,0,0,0,1,1,1,0,0,0,0,0,1,1,1,1,0,1,1,1,0,1,0,0,1,1,1,1,1,0,0,0,0,0,1,1,1,1,0,0,0,0,0,0,0,1,1,1,0,1,0,0,0,0,0,0,1,0,0,0,0,0,1,1,0,0,0,0,0,0,0,0,0,0,0,0,0,0,0,1,0,0,1,1,0,1,0,1,0,0,0,0,1,1,0,1,0,1,1,1,0,0,0,1,1,0,1,0
"phytoplankton_dec_1_NB_SampleID_85",532236.000008569,7771896.00000444,1980,299.412174224853,-2.4416667620341,218,-0.4125,0,0,0,0,0,0,0,0,1,0,0,0,1,0,0,0,0,1,1,0,0,1,0,1,0,1,1,0,0,1,0,0,0,0,1,1,0,0,0,0,0,0,0,1,0,0,0,1,0,1,0,1,0,0,0,0,1,0,1,0,0,0,1,0,1,1,0,1,0,0,0,0,0,0,0,0,1,0,0,0,0,1,0,1,0,0,0,0,0,0,0,0,0,0,0,0,0,0,0,0,0,0,0,0,0,0,0,0,0,1,0,0,1,0,0,0,0,0,0,0,0,0,0,0,0,0,0,0,1,0,0,0,0,0,1,0,1,0
