"sampleID","x-coordinate","y-coordinate","Year","annuprec","annutemp","annusnowcount","annuNAO","Acanthis flammea","Acrocephalus schoenobaenus","Actitis hypoleucos","Anthus pratensis","Anthus trivialis","Apus apus","Asio flammeus","Bombycilla garrulus","Buteo lagopus","Calidris falcinellus","Calidris pugnax","Certhia familiaris","Charadrius hiaticula","Corvus corax","Corvus corone cornix","Cuculus canorus","Dendrocopos major","Dryocopus martius","Erithacus rubecula","Falco columbarius","Ficedula hypoleuca","Fringilla coelebs","Fringilla montifringilla","Gallinago gallinago","Grus grus","Jynx torquilla","Lagopus lagopus","Lagopus muta","Lanius excubitor","Limosa lapponica","Loxia curvirostra","Loxia leucoptera","Loxia pytyopsittacus","Luscinia svecica","Lymnocryptes minimus","Lyrurus tetrix","Motacilla alba","Motacilla flava","Muscicapa striata","Numenius phaeopus","Oenanthe oenanthe","Parus major","Perisoreus infaustus","Phoenicurus phoenicurus","Phylloscopus collybita","Phylloscopus trochilus","Pica pica","Picoides tridactylus","Pinicola enucleator","Pluvialis apricaria","Poecile cinctus","Poecile montanus","Prunella modularis","Pyrrhula pyrrhula","Regulus regulus","Rhadina sibilatrix","Saxicola rubetra","Schoeniclus pusillus","Schoeniclus rusticus","Schoeniclus schoeniclus","Seicercus borealis","Spinus spinus","Surnia ulula","Tetrao urogallus","Tetrastes bonasia","Tringa erythropus","Tringa glareola","Tringa nebularia","Tringa ochropus","Turdus iliacus","Turdus philomelos","Turdus pilaris","Turdus viscivorus"
"birds_dec_1_NB_SampleID_1",619779.910008655,7286951.48000594,1986,582.242340087891,-0.708333472410834,132,0.503333333333333,1,0,0,0,1,0,0,0,0,0,0,0,0,0,0,1,0,0,1,0,1,1,1,0,0,0,0,0,0,0,0,0,0,0,0,0,0,0,1,0,0,0,1,1,1,1,0,0,0,0,0,0,1,0,0,1,0,0,0,0,0,1,0,0,0,0,0,0,0,1,1,0,1
"birds_dec_1_NB_SampleID_2",599787.930008283,7296947.40000592,1987,768.778957843779,-1.98333328962326,190,-0.1225,1,0,0,0,1,1,0,0,0,0,0,0,0,0,0,1,0,0,0,0,0,1,1,1,0,0,0,0,0,0,1,0,1,0,0,1,0,1,1,0,0,1,0,1,0,1,0,0,0,0,0,1,0,0,0,0,0,1,1,1,0,1,0,0,0,0,1,1,0,1,0,0,0
"birds_dec_1_NB_SampleID_3",609783.900002704,7296947.4300088,1987,701.262801170349,-1.93333333730698,191,-0.1225,1,0,0,1,1,0,0,0,0,0,0,0,0,0,1,1,0,0,0,0,0,1,1,0,0,0,0,0,0,0,0,0,1,0,0,1,0,1,0,0,0,0,0,1,0,1,0,0,0,0,0,0,0,0,0,0,0,1,0,0,0,1,0,0,0,0,1,1,0,1,1,0,0
"birds_dec_1_NB_SampleID_4",619779.880009216,7296947.45000766,1986,519.536220550537,-0.699999988079062,130,0.503333333333333,1,0,0,1,1,0,0,1,0,0,0,0,0,0,1,1,0,0,1,0,1,1,1,0,0,0,0,0,0,0,0,0,0,0,0,0,0,0,1,0,0,0,0,1,0,1,0,0,1,0,0,0,1,0,0,0,0,0,1,0,0,1,0,0,0,0,0,0,0,1,1,0,1
"birds_dec_1_NB_SampleID_5",599787.900004842,7306943.370001,1979,870.832475662232,-0.416666706403093,221,0.135,0,1,0,1,0,0,0,0,0,0,1,0,1,0,0,0,0,0,0,0,0,0,0,1,0,0,0,0,0,0,0,0,0,0,0,0,0,1,0,0,0,0,0,0,0,1,0,0,0,0,0,0,0,0,0,0,0,0,1,1,1,0,0,0,0,0,1,1,0,0,0,0,0
"birds_dec_1_NB_SampleID_6",599787.900003827,7306943.37000944,1984,689.87559223175,0.658333301544193,220,0.2475,0,1,0,0,0,0,0,0,0,0,1,0,1,0,0,0,0,0,0,0,0,0,0,1,0,0,0,0,0,0,0,0,0,1,0,0,0,1,0,0,0,0,0,0,0,1,0,0,0,0,0,0,0,0,0,0,0,0,0,1,0,0,0,0,0,0,1,1,0,0,0,0,0
"birds_dec_1_NB_SampleID_7",599787.900001211,7306943.37000025,1985,665.246605873108,-2.8916666607062,213,-0.183333333333333,0,1,0,0,0,0,0,0,0,0,1,0,0,0,0,0,0,0,0,0,0,0,0,1,0,0,0,0,0,0,0,0,0,0,0,0,0,1,0,0,0,0,0,0,0,1,0,0,0,0,0,0,0,0,0,0,0,0,1,1,0,0,0,0,0,0,1,1,0,0,0,0,0
"birds_dec_1_NB_SampleID_8",599787.900004114,7306943.37000699,1987,731.848013401031,-1.99166671435038,188,-0.1225,1,0,0,1,1,0,0,0,0,0,0,0,0,0,1,1,0,0,0,0,1,1,1,1,0,0,1,0,0,0,1,0,0,0,0,0,0,0,0,0,0,0,1,0,0,1,1,0,0,0,0,1,1,0,0,0,1,1,1,0,0,1,0,1,0,0,1,0,1,1,1,1,1
"birds_dec_1_NB_SampleID_9",589791.900004715,7316939.32000936,1986,664.895399093628,-0.958333402872094,136,0.503333333333333,1,0,0,0,1,0,0,0,0,0,0,0,0,1,1,1,0,0,1,0,0,1,1,0,0,0,0,0,0,0,0,0,0,0,0,0,0,1,1,0,0,0,0,1,0,1,1,0,0,0,0,1,0,1,0,0,0,0,1,0,0,1,0,0,0,0,1,0,1,1,1,0,0
"birds_dec_1_NB_SampleID_10",589791.900002834,7316939.32000042,1987,692.364060401916,-2.14166669050852,195,-0.1225,1,0,0,0,1,0,0,0,0,0,0,0,0,0,1,1,0,0,0,0,1,1,1,0,0,0,0,0,0,0,1,0,0,0,0,0,0,0,1,1,0,0,0,1,0,1,1,0,0,0,0,1,1,1,0,0,1,1,1,0,0,1,0,0,0,0,1,0,0,1,1,0,0
"birds_dec_1_NB_SampleID_11",599787.88000342,7316939.35000523,1981,920.477648735045,-1.22500004371007,206,-0.2125,1,0,0,1,1,0,1,0,0,0,0,0,0,0,0,0,0,0,0,0,0,0,1,0,0,1,0,0,0,0,0,0,0,0,0,1,1,1,0,1,1,1,0,0,0,1,0,0,0,0,0,0,0,0,0,0,1,0,1,0,0,0,1,0,0,0,1,1,0,1,0,0,0
"birds_dec_1_NB_SampleID_12",559803.920000219,7336931.20000833,1986,628.058403968811,-0.966666618982963,135,0.503333333333333,1,0,0,1,1,1,0,0,0,0,0,1,0,0,0,1,0,0,1,0,1,1,1,1,0,1,1,0,0,0,1,0,0,0,0,1,0,1,1,0,0,1,1,1,1,1,0,1,1,0,1,1,1,1,1,1,0,0,1,1,0,1,0,1,1,1,1,1,1,1,1,0,1
"birds_dec_1_NB_SampleID_13",569799.900004255,7336931.22000522,1986,632.370571136475,-1.01666675011317,137,0.503333333333333,1,0,0,1,1,0,0,0,0,0,0,0,0,0,0,0,0,0,1,0,1,1,1,1,0,0,1,0,0,0,0,0,1,0,0,1,1,1,1,0,0,0,1,1,0,1,0,0,0,0,0,0,1,0,0,0,1,0,1,0,0,1,0,0,0,0,1,0,1,1,1,0,0
"birds_dec_1_NB_SampleID_14",559803.890008819,7346927.17000362,1986,624.277479171753,-0.941666642824812,135,0.503333333333333,1,0,0,1,1,0,0,0,0,0,0,0,0,0,0,1,0,0,1,0,1,0,1,1,0,0,0,0,0,0,0,0,0,0,0,0,0,1,1,0,0,0,0,1,0,1,0,0,1,1,0,0,1,0,0,0,0,0,1,1,0,1,0,0,0,0,1,1,0,1,1,0,1
"birds_dec_1_NB_SampleID_15",569799.870002396,7346927.20000129,1985,658.61200428009,-3.29166670640309,214,-0.183333333333333,1,0,0,1,1,0,0,1,0,0,0,0,0,0,0,1,1,0,1,0,1,1,1,1,0,0,0,0,0,0,1,0,0,0,0,1,0,1,1,0,0,1,0,1,1,1,0,0,0,1,0,1,1,1,0,1,1,0,1,0,0,1,0,1,0,0,1,1,0,1,1,0,0
"birds_dec_1_NB_SampleID_16",569799.870004518,7346927.20000255,1986,619.975217819214,-1.16666657725969,136,0.503333333333333,1,0,0,1,1,0,0,0,0,0,0,0,0,0,0,1,0,0,0,0,1,0,1,0,0,0,0,0,0,0,1,0,0,0,0,1,0,1,1,0,0,0,0,1,0,1,0,0,0,0,0,0,0,0,0,0,0,0,1,0,0,1,0,0,0,1,1,1,0,0,1,0,0
"birds_dec_1_NB_SampleID_17",599787.800002277,7346927.28000035,1980,502.177647590637,-1.72500006854535,212,-0.4125,1,0,0,0,1,0,0,0,0,0,0,0,0,0,1,1,0,0,1,0,1,1,1,0,0,0,0,0,0,0,1,0,0,0,0,0,0,1,1,0,0,0,0,1,1,1,0,0,0,0,0,0,0,1,0,0,0,0,1,0,0,1,0,0,1,0,1,0,1,1,1,0,0
"birds_dec_1_NB_SampleID_18",599787.80000483,7346927.28000802,1981,848.155106544495,-1.75833336512247,211,-0.2125,1,0,0,0,1,1,0,0,0,0,0,1,0,0,0,1,0,0,1,0,1,1,1,0,0,0,0,0,0,0,1,0,1,0,0,0,1,0,1,0,0,1,0,1,1,1,0,0,0,0,0,1,0,1,1,0,0,0,1,0,0,1,0,0,1,0,0,0,0,1,1,0,1
"birds_dec_1_NB_SampleID_19",599787.80000318,7346927.28000683,1982,691.16244316101,-0.466666797796887,213,0.43,1,0,0,0,1,0,0,0,0,0,0,0,0,1,0,1,1,1,1,0,1,1,1,0,0,0,0,0,0,0,1,0,1,0,0,0,0,0,1,0,0,1,1,1,1,1,0,0,0,0,0,1,0,1,1,0,0,0,1,1,1,1,0,0,1,0,0,0,0,1,1,1,1
"birds_dec_1_NB_SampleID_20",599787.800004627,7346927.28000961,1983,820.908711433411,-0.6416666507721,201,0.31,1,0,0,0,1,0,0,0,0,0,0,0,0,0,1,1,0,1,1,0,1,1,1,0,0,0,0,0,0,0,1,0,0,0,0,0,0,0,1,0,0,1,1,1,1,1,0,0,0,0,1,1,0,1,1,0,0,0,1,0,0,1,0,0,1,0,1,0,1,1,1,0,1
"birds_dec_1_NB_SampleID_21",599787.800004851,7346927.28000184,1984,717.559883117677,0.400000023345153,215,0.2475,1,0,0,1,1,0,0,1,0,0,0,1,0,0,0,1,1,0,1,0,1,1,1,0,0,0,0,0,0,0,1,0,0,0,0,0,0,0,1,0,0,1,0,1,1,1,0,0,0,0,1,1,0,0,1,1,0,0,1,1,0,1,0,1,1,0,1,0,1,1,1,1,0
"birds_dec_1_NB_SampleID_22",599787.800009989,7346927.28000006,1985,655.867248535156,-3.49999994039536,205,-0.183333333333333,0,0,0,0,1,0,0,0,0,0,0,0,0,0,1,1,1,1,1,0,1,1,1,0,0,0,0,0,0,0,0,0,0,0,0,0,0,0,1,0,0,1,0,1,1,1,1,0,0,0,1,0,0,1,1,0,0,0,1,0,0,1,0,0,1,0,1,0,0,0,1,0,1
"birds_dec_1_NB_SampleID_23",599787.800008269,7346927.28000645,1986,574.937990188599,-1.24166674415271,133,0.503333333333333,1,0,1,0,1,1,0,0,0,0,0,1,0,0,1,1,1,1,1,0,1,1,1,0,0,0,0,0,0,0,0,0,0,0,0,0,0,0,1,0,0,1,1,1,1,1,0,0,0,0,1,0,0,1,0,0,0,0,1,0,0,1,0,1,1,0,1,0,1,0,1,0,0
"birds_dec_1_NB_SampleID_24",599787.800007511,7346927.28000601,1987,619.120897293091,-2.57499992847441,189,-0.1225,1,1,1,1,1,1,0,0,0,1,1,1,1,0,1,1,1,0,0,0,1,1,1,1,1,0,1,0,0,0,1,1,1,0,0,1,0,1,1,0,0,1,1,1,1,1,0,1,0,0,1,1,0,1,0,0,1,1,1,1,1,1,0,1,1,1,1,1,1,1,1,0,1
"birds_dec_1_NB_SampleID_25",609783.77000031,7346927.3000037,1987,618.45493888855,-2.625,190,-0.1225,1,0,1,1,1,0,0,1,0,0,0,1,0,0,0,1,1,0,0,0,1,1,1,1,1,0,0,0,0,0,1,1,0,0,0,1,1,1,1,0,1,0,1,1,0,1,0,1,0,0,1,1,0,1,0,1,1,1,1,1,0,1,0,1,1,0,1,0,1,1,1,0,1
"birds_dec_1_NB_SampleID_26",579795.820002991,7356923.20000513,1985,650.780210494995,-3.39166672031084,209,-0.183333333333333,1,1,1,1,1,1,1,0,0,1,0,0,0,1,1,1,1,0,1,0,1,1,1,1,1,0,1,0,0,0,1,0,0,0,1,1,0,1,1,1,0,0,1,1,0,1,0,1,1,0,0,1,0,1,0,0,1,0,1,1,0,1,0,1,0,1,1,1,0,1,1,1,1
"birds_dec_1_NB_SampleID_27",579795.820004927,7356923.20000432,1986,594.48715877533,-1.20000010728837,136,0.503333333333333,1,1,0,1,1,0,0,0,0,0,1,0,0,0,0,1,0,0,1,0,1,1,1,1,0,0,0,0,0,0,0,0,0,0,1,0,0,1,1,0,0,0,0,1,0,1,0,0,0,0,0,0,0,1,0,0,1,0,1,1,0,1,0,0,0,1,1,1,1,1,1,0,0
"birds_dec_1_NB_SampleID_28",599787.770000968,7356923.25000579,1987,609.132986545563,-2.73333338896434,188,-0.1225,1,0,1,1,1,1,0,1,0,1,1,1,0,1,1,1,1,1,1,0,1,1,1,1,1,0,1,0,0,0,1,1,1,1,0,1,1,1,1,1,1,1,1,1,1,1,0,1,0,0,1,1,1,1,0,1,1,1,1,1,0,1,0,1,1,1,1,1,1,1,1,0,1
"birds_dec_1_NB_SampleID_29",509823.960001674,7366919.00000065,1987,625.499516487122,-1.66666666666667,189,-0.1225,1,1,1,1,1,1,0,0,0,0,0,0,0,1,1,1,1,0,1,0,1,1,1,1,0,0,0,0,0,0,0,0,1,0,0,1,1,1,1,1,1,0,0,1,0,1,1,0,0,0,0,1,1,1,0,0,1,1,1,1,0,1,0,0,0,0,1,0,0,1,1,1,1
"birds_dec_1_NB_SampleID_30",609783.720000931,7366919.25000916,1987,607.137946605682,-2.84999998410543,190,-0.1225,1,0,0,1,1,0,0,0,0,0,0,0,0,0,0,1,0,0,0,0,1,0,1,1,1,0,0,0,0,0,1,1,0,1,0,0,0,1,1,1,0,0,0,1,0,1,0,1,0,0,1,0,0,1,0,0,1,1,1,1,0,1,0,1,0,1,1,1,1,1,1,0,0
"birds_dec_1_NB_SampleID_31",459843.990001174,7396906.82000886,1983,803.505854606629,-0.16666670391957,198,0.31,1,0,0,1,1,0,0,0,0,0,0,0,0,1,0,1,0,0,0,0,1,1,1,1,0,0,0,0,0,0,1,0,0,0,0,1,0,1,1,1,1,0,0,1,0,1,1,0,1,1,0,1,0,0,1,0,1,0,0,0,0,1,0,0,0,0,1,1,0,1,1,0,1
"birds_dec_1_NB_SampleID_32",419860.040007644,7406902.7100028,1982,579.695921897888,-0.0666666142642509,215,0.43,1,0,1,0,1,0,0,0,0,0,0,0,0,1,1,1,1,0,1,0,1,1,1,1,0,1,0,0,0,0,1,0,0,0,0,0,0,1,1,0,0,1,1,1,1,1,1,0,0,0,0,1,0,1,0,0,1,0,1,1,0,1,0,1,0,0,1,1,1,1,1,0,1
"birds_dec_1_NB_SampleID_33",419860.040002494,7406902.71000315,1983,739.694655418396,-0.283333410819375,195,0.31,1,0,1,0,1,0,0,0,0,0,0,0,0,1,0,1,0,1,1,0,1,1,1,1,1,0,1,0,0,0,1,0,0,0,1,0,0,1,1,0,0,1,1,1,0,1,1,1,1,0,1,1,0,0,0,0,1,0,1,0,0,1,0,0,0,1,1,1,0,1,1,1,0
"birds_dec_1_NB_SampleID_34",419860.040005848,7406902.71000758,1984,638.302433013916,0.441666674489775,202,0.2475,1,0,0,1,1,0,0,0,0,0,0,0,0,0,1,1,1,0,1,0,1,1,1,0,0,0,0,0,0,0,1,0,0,0,0,0,0,1,0,0,0,0,1,1,1,1,0,0,0,0,1,1,0,1,1,0,1,0,1,0,0,1,0,0,0,1,1,1,0,1,1,0,1
"birds_dec_1_NB_SampleID_35",419860.040004401,7406902.71000633,1985,624.200904846191,-2.77499999602636,195,-0.183333333333333,0,0,0,1,1,0,0,0,0,0,0,0,0,1,0,1,0,0,0,0,1,1,1,1,0,1,0,0,0,0,1,0,0,0,0,0,0,1,1,1,0,1,1,1,1,1,1,1,0,0,1,1,0,0,0,1,1,0,1,0,0,1,0,1,1,1,1,1,0,1,1,0,0
"birds_dec_1_NB_SampleID_36",419860.04000827,7406902.71000991,1986,612.032403945922,-0.741666704416277,130,0.503333333333333,1,0,0,0,1,1,0,0,0,0,0,0,0,1,0,1,1,1,0,0,1,1,1,1,0,0,0,0,0,0,1,0,1,0,0,0,0,1,0,1,0,1,0,1,1,1,0,0,0,0,1,1,0,0,0,0,0,0,1,0,0,1,0,0,0,0,1,1,0,0,1,0,1
"birds_dec_1_NB_SampleID_37",409864.030008237,7416898.66000409,1987,571.21148109436,-1.74166682362557,191,-0.1225,1,0,1,1,1,0,0,0,0,0,0,0,0,0,0,1,0,0,0,0,1,1,1,1,0,0,0,0,0,0,0,1,0,0,0,1,0,1,1,1,0,0,0,1,0,1,0,0,0,1,0,1,0,0,0,0,1,0,1,0,0,1,0,0,0,0,1,1,0,1,1,0,0
"birds_dec_1_NB_SampleID_38",429856.000009232,7416898.71000501,1980,533.77854347229,-1.0666666229566,192,-0.4125,1,1,0,0,1,0,0,0,0,0,0,0,0,1,0,1,0,0,0,0,1,1,1,1,0,0,0,0,0,0,0,0,0,1,0,0,0,1,1,1,1,0,0,1,0,1,0,0,0,0,0,0,0,0,0,0,1,0,1,1,0,1,0,0,0,0,1,1,0,1,0,0,0
"birds_dec_1_NB_SampleID_39",429856.00000293,7416898.71000842,1981,912.17074584961,-1.48333330949148,213,-0.2125,1,0,0,0,1,1,0,0,0,0,0,0,0,0,0,1,1,0,0,0,0,1,1,0,0,0,0,0,0,0,0,0,0,0,0,0,0,1,0,1,1,0,0,1,0,1,0,0,0,0,0,1,0,0,0,0,0,0,0,1,0,1,0,0,0,0,1,0,0,1,1,1,0
"birds_dec_1_NB_SampleID_40",509823.750004325,7456882.81000002,1987,621.1568608284,-2.41666672627131,201,-0.1225,1,1,0,1,1,0,1,0,0,0,0,0,0,1,1,1,1,0,0,0,1,1,1,1,0,0,0,0,0,0,0,1,0,1,0,1,1,1,1,1,1,1,0,1,0,1,0,0,0,1,0,1,0,1,0,0,1,1,1,1,0,1,0,0,0,0,1,1,0,1,1,0,0
"birds_dec_1_NB_SampleID_41",559803.610005494,7466878.89000387,1985,614.391996383667,-3.61666662494342,217,-0.183333333333333,1,0,0,1,1,1,0,0,0,1,0,1,0,0,0,1,0,1,0,0,1,0,1,1,1,0,0,0,1,0,1,0,0,0,0,0,0,1,1,1,1,0,1,1,0,1,0,0,0,1,1,0,0,0,0,0,0,0,0,1,0,1,0,0,0,1,1,1,0,1,1,0,0
"birds_dec_1_NB_SampleID_42",559803.590001119,7476874.87000857,1985,610.360239982605,-3.62500006953876,214,-0.183333333333333,1,0,0,1,1,0,0,0,0,0,1,0,1,1,1,1,0,0,0,0,1,0,1,1,1,0,0,0,0,0,0,0,1,0,1,0,0,1,1,1,1,0,1,1,0,1,0,0,0,1,1,0,0,0,0,0,1,0,0,0,0,1,0,0,0,1,1,1,0,0,0,0,0
"birds_dec_1_NB_SampleID_43",569799.570006686,7476874.89000843,1985,577.304542541504,-3.74999983112016,217,-0.183333333333333,1,1,0,1,1,0,0,1,0,0,0,0,0,1,0,1,0,0,1,0,1,0,1,1,0,0,1,0,0,0,1,0,1,1,0,0,0,1,1,1,1,0,1,1,0,1,0,1,1,1,1,0,1,0,0,0,0,0,1,1,0,1,1,1,0,0,1,1,1,1,1,0,1
"birds_dec_1_NB_SampleID_44",569799.570007939,7476874.89000277,1986,546.446345329285,-1.90833319723606,137,0.503333333333333,1,0,0,1,0,1,0,0,0,0,0,0,0,0,1,1,0,0,0,0,0,0,1,1,0,0,0,0,0,0,0,0,0,0,0,0,1,1,1,1,1,0,0,1,0,1,0,0,0,1,0,0,0,0,0,0,0,0,0,0,0,0,0,0,0,0,1,1,0,0,0,0,0
"birds_dec_1_NB_SampleID_45",569799.570003319,7476874.89000516,1987,611.526790618897,-2.93333339691162,200,-0.1225,1,0,1,1,0,0,0,1,0,0,0,0,0,1,1,0,0,0,0,1,0,1,1,0,0,0,0,0,0,0,0,0,0,0,0,0,1,1,0,0,1,0,0,0,0,1,1,0,0,1,0,0,0,0,0,0,0,0,0,0,0,0,0,0,0,0,0,1,0,1,0,0,0
"birds_dec_1_NB_SampleID_46",549807.590007087,7486870.83000522,1985,616.183793067932,-3.74166677892209,214,-0.183333333333333,1,0,0,1,1,0,0,0,0,0,0,0,0,0,0,0,0,0,0,0,0,0,1,0,0,0,0,0,0,0,0,0,0,0,0,0,0,1,0,1,0,0,1,0,0,1,0,0,0,0,0,0,0,0,0,0,0,0,0,0,0,0,0,0,0,0,0,0,0,1,0,0,0
"birds_dec_1_NB_SampleID_47",549807.590005875,7486870.83000204,1986,575.509450912476,-1.9666668623686,136,0.503333333333333,1,0,0,1,1,0,0,0,0,0,0,0,0,0,1,1,0,0,0,0,0,0,1,0,0,0,0,0,0,0,0,0,0,0,0,1,0,1,1,1,1,0,0,1,0,1,0,0,0,0,0,0,0,0,0,0,0,0,0,0,0,0,0,0,0,0,1,0,0,1,0,0,0
"birds_dec_1_NB_SampleID_48",549807.590006103,7486870.83000305,1987,655.408853530884,-2.94166666269302,201,-0.1225,1,0,0,0,1,0,0,0,0,0,0,0,0,0,1,1,0,0,0,0,0,0,1,0,1,0,0,0,0,0,0,1,0,1,0,1,0,1,0,1,1,1,0,1,0,1,0,0,0,1,0,0,0,0,0,0,0,0,0,0,0,0,1,0,0,0,1,1,0,1,0,0,0
"birds_dec_1_NB_SampleID_49",559803.570002281,7486870.85000116,1985,575.146986961365,-3.70000009735425,213,-0.183333333333333,1,0,0,0,1,0,0,0,0,0,0,0,0,0,0,1,0,0,0,0,0,0,1,0,0,0,0,0,0,0,1,0,0,0,0,0,0,0,0,0,1,0,0,1,0,1,0,0,0,0,1,0,0,0,0,0,0,0,0,0,0,0,0,0,0,0,1,0,0,0,0,0,0
"birds_dec_1_NB_SampleID_50",559803.570001956,7486870.85000647,1986,556.824596405029,-1.91666672130427,136,0.503333333333333,1,0,0,1,1,1,0,0,0,0,0,0,0,0,0,1,0,0,0,0,1,0,1,0,0,0,0,0,0,0,0,0,0,0,0,0,0,1,1,1,1,0,0,1,0,1,0,1,0,0,0,0,0,0,0,0,0,0,0,0,0,0,0,0,0,0,0,0,0,1,0,0,0
"birds_dec_1_NB_SampleID_51",559803.570004387,7486870.85000725,1987,610.734860420227,-2.90000011523565,200,-0.1225,1,0,0,1,1,1,0,0,0,0,0,0,0,0,0,1,0,0,0,0,0,0,1,0,0,0,0,0,0,0,0,0,0,0,0,0,1,1,1,0,0,0,0,0,0,1,0,0,0,0,1,0,0,0,0,0,0,0,0,0,0,0,0,0,0,0,0,1,0,1,0,0,0
"birds_dec_1_NB_SampleID_52",569799.550008558,7486870.87000553,1985,540.904087066651,-3.74999985098838,215,-0.183333333333333,1,0,0,1,1,0,0,0,0,0,0,0,0,0,0,1,0,0,0,0,1,0,1,0,0,0,0,0,0,0,1,0,0,0,0,0,0,1,0,1,1,0,0,1,0,1,0,0,0,0,0,0,0,0,0,0,1,0,0,0,0,0,0,0,0,0,1,0,0,1,1,0,0
"birds_dec_1_NB_SampleID_53",569799.550008939,7486870.87000446,1986,545.111426353455,-1.94166661798955,136,0.503333333333333,1,0,0,1,1,0,0,0,0,0,0,0,0,0,0,1,0,0,0,0,0,0,1,0,0,1,0,0,0,0,0,0,0,1,0,0,0,1,1,1,1,0,0,1,0,1,0,0,0,0,1,0,0,0,0,0,1,1,0,0,0,0,0,1,0,0,1,1,0,1,0,0,1
"birds_dec_1_NB_SampleID_54",569799.550006352,7486870.87000864,1987,573.435392379761,-2.9333334962527,200,-0.1225,1,0,0,1,1,0,0,0,0,0,0,0,0,0,0,1,0,0,0,0,0,0,1,0,0,0,0,0,0,0,0,1,0,1,0,0,0,1,0,0,1,0,0,1,0,1,0,0,0,1,0,0,0,0,0,0,0,0,0,0,0,0,0,0,0,0,1,0,0,1,0,0,0
"birds_dec_1_NB_SampleID_55",579795.520006659,7486870.89000053,1985,533.857434272766,-3.83333323399227,216,-0.183333333333333,1,0,0,1,1,1,0,0,0,0,0,0,0,0,0,1,0,0,0,0,1,0,1,0,0,0,1,0,0,0,0,0,0,0,1,0,0,1,0,1,1,0,1,1,0,1,0,1,0,1,0,0,0,0,0,0,1,0,0,1,0,0,0,0,0,1,1,1,0,1,1,0,0
"birds_dec_1_NB_SampleID_56",579795.520001211,7486870.89000287,1986,543.14972114563,-2.00833338995775,137,0.503333333333333,1,0,0,1,1,0,0,0,0,0,0,0,0,0,0,1,0,0,0,0,0,0,1,1,0,0,0,0,0,0,0,0,0,0,1,1,0,1,0,1,1,0,1,1,0,1,0,1,0,1,0,0,0,0,0,0,0,1,0,0,1,0,0,1,0,1,1,1,0,1,1,0,0
"birds_dec_1_NB_SampleID_57",579795.520003846,7486870.89000271,1987,561.928086280823,-2.99999994039535,201,-0.1225,1,0,0,1,1,0,0,0,0,1,1,0,0,0,0,1,0,0,0,0,0,0,1,0,0,0,1,0,0,0,0,1,0,1,0,0,0,1,0,1,1,0,1,1,0,1,0,0,0,1,1,0,0,0,0,0,0,0,0,0,0,0,0,0,0,1,1,1,1,1,0,0,1
"birds_dec_1_NB_SampleID_58",589791.500003546,7486870.91000184,1985,553.395874977112,-3.92499990016223,222,-0.183333333333333,1,0,0,0,1,0,0,0,1,0,0,0,0,1,0,1,0,0,0,0,0,0,1,1,0,0,0,0,0,0,1,0,1,0,0,0,0,1,0,0,1,0,1,1,0,1,0,0,0,0,0,0,0,0,0,0,0,0,0,0,0,0,0,0,0,0,1,0,0,1,1,0,0
"birds_dec_1_NB_SampleID_59",589791.500008285,7486870.91000308,1986,551.879728317261,-2.10000002384186,143,0.503333333333333,1,0,0,1,1,0,0,0,0,0,0,0,0,0,0,1,0,0,0,0,0,0,1,0,0,0,0,0,0,0,1,0,0,0,1,1,0,1,0,1,1,0,0,1,0,1,0,0,0,0,0,0,0,0,0,0,0,0,0,0,0,0,0,0,0,0,0,0,0,1,0,0,0
"birds_dec_1_NB_SampleID_60",589791.500001578,7486870.91000742,1987,574.507464408875,-3.0666667620341,203,-0.1225,1,0,0,1,1,0,0,0,0,0,0,0,0,1,0,1,0,0,0,0,0,0,1,0,0,0,0,0,1,0,0,1,0,0,0,0,0,1,0,1,1,0,1,0,0,1,0,1,0,1,0,0,0,0,0,0,0,0,0,0,0,0,0,0,0,0,1,1,0,1,1,0,0
"birds_dec_1_NB_SampleID_61",609783.450005551,7486870.95000383,1985,582.720275878906,-3.94166660495103,222,-0.183333333333333,1,1,0,1,1,0,0,0,0,0,0,0,0,1,1,1,0,0,0,0,1,0,1,1,0,0,1,0,0,0,0,0,0,1,0,0,0,1,0,1,1,0,0,1,0,1,0,0,0,1,0,0,0,0,0,0,1,1,0,1,0,0,0,0,0,0,1,0,0,1,0,0,0
"birds_dec_1_NB_SampleID_62",609783.450006351,7486870.95000881,1986,566.567627906799,-2.21666680152219,143,0.503333333333333,1,1,0,1,0,0,0,0,0,0,0,0,0,1,0,1,0,0,0,0,0,0,1,1,0,0,0,0,0,1,0,0,0,1,0,1,0,1,1,1,1,0,0,1,0,1,0,0,0,1,1,0,0,0,0,0,0,1,0,1,0,0,0,0,0,0,1,0,0,1,0,0,0
"birds_dec_1_NB_SampleID_63",609783.450000533,7486870.95000571,1987,588.601702690125,-3.08333339293797,203,-0.1225,1,1,0,1,1,0,0,0,0,0,0,0,0,1,0,1,0,0,0,0,1,0,1,0,0,0,0,0,0,0,0,0,0,1,0,0,0,1,0,1,1,0,0,1,0,1,0,0,0,1,0,1,0,1,0,0,1,0,1,0,0,0,0,0,0,0,1,0,0,1,0,1,0
"birds_dec_1_NB_SampleID_64",559803.550009053,7496866.82000811,1985,529.100778579712,-3.77500009040038,214,-0.183333333333333,1,0,0,0,0,0,0,0,0,0,0,0,0,1,1,1,0,0,0,0,0,0,1,0,0,0,0,0,0,0,1,0,0,0,0,0,0,1,0,1,1,0,1,0,0,1,0,0,0,1,0,0,0,0,0,0,0,0,0,0,0,0,0,0,0,1,1,1,0,1,0,0,0
"birds_dec_1_NB_SampleID_65",559803.550001988,7496866.82000915,1986,539.594158172607,-2.08333346247673,136,0.503333333333333,1,0,0,0,0,0,0,0,0,1,0,0,0,0,0,1,0,0,0,0,1,0,1,0,0,0,0,0,0,0,0,0,0,0,0,0,0,1,0,1,1,0,0,1,0,1,0,0,0,1,0,0,0,0,0,0,0,0,0,0,0,0,0,0,0,1,1,1,0,1,1,0,1
"birds_dec_1_NB_SampleID_66",559803.550007453,7496866.82000009,1987,563.716905593872,-3.01666651169458,201,-0.1225,1,0,0,1,0,0,0,0,0,0,0,0,0,0,0,1,0,0,0,0,0,0,1,0,0,0,0,0,0,0,0,0,0,0,0,0,0,1,0,0,1,0,0,1,0,1,0,0,0,1,1,0,0,0,0,0,0,0,0,0,0,0,0,0,0,0,1,0,0,1,0,0,0
"birds_dec_1_NB_SampleID_67",579795.500007673,7496866.86000912,1985,483.853325843811,-3.81666680673759,216,-0.183333333333333,1,0,0,1,1,0,0,0,0,1,1,0,0,0,1,1,0,1,0,0,0,0,1,1,1,0,1,0,0,0,1,0,0,0,1,1,0,1,1,1,1,0,1,1,0,1,0,0,1,1,1,0,0,1,0,0,0,0,0,1,0,1,0,0,0,1,1,1,0,1,1,0,0
"birds_dec_1_NB_SampleID_68",579795.500003439,7496866.86000994,1986,525.38996887207,-2.09166675806045,137,0.503333333333333,1,0,0,1,1,0,0,0,0,1,1,0,0,1,1,1,0,0,0,0,1,0,1,1,0,0,1,0,1,0,1,0,0,0,1,1,0,1,1,1,0,0,0,1,0,1,0,0,0,1,1,0,0,0,0,0,0,0,0,1,0,0,0,0,0,1,1,1,0,1,1,0,1
"birds_dec_1_NB_SampleID_69",579795.500001906,7496866.86000885,1987,512.144515991211,-3.03333336114884,201,-0.1225,1,0,0,1,1,0,0,0,1,1,1,0,0,1,0,1,0,0,0,0,0,0,1,1,1,0,0,0,1,0,1,1,0,0,0,0,0,1,0,1,0,0,1,1,0,1,0,0,1,1,1,0,0,0,0,0,1,0,0,1,0,0,0,0,0,1,1,1,0,1,1,0,1
"birds_dec_1_NB_SampleID_70",609783.430009961,7496866.93000109,1985,576.561615943909,-3.82500002781551,222,-0.183333333333333,1,1,0,1,0,0,0,0,0,0,1,0,0,0,0,1,0,0,0,1,0,0,1,1,0,0,0,0,0,0,0,0,0,1,0,0,1,1,0,1,1,0,0,1,0,1,0,0,0,1,0,0,0,0,0,0,1,0,0,1,0,0,0,0,0,0,1,0,0,1,0,1,0
"birds_dec_1_NB_SampleID_71",609783.430009611,7496866.93000143,1986,550.940709114075,-2.19166661488514,143,0.503333333333333,1,0,0,1,1,0,0,0,1,0,0,0,0,1,0,1,0,0,0,0,0,0,1,1,0,0,0,0,0,0,0,0,0,1,0,0,1,1,0,1,1,0,0,0,0,1,0,0,0,1,0,0,0,0,0,0,0,1,0,1,0,0,1,0,0,0,1,0,0,1,1,0,0
"birds_dec_1_NB_SampleID_72",609783.430006307,7496866.93000384,1987,583.904915809631,-2.99166657527288,203,-0.1225,1,0,0,1,0,0,0,0,0,0,0,0,0,1,0,1,0,0,0,0,0,0,1,1,0,0,0,0,0,0,0,1,0,1,0,0,0,1,0,1,1,0,1,1,0,1,0,0,1,1,0,0,0,0,0,0,1,0,0,0,0,0,0,0,0,0,1,0,0,1,1,1,0
"birds_dec_1_NB_SampleID_73",549807.550000705,7506862.78000478,1985,539.180605888367,-3.82500003961226,214,-0.183333333333333,1,0,0,0,1,0,0,0,0,0,0,0,0,0,0,0,0,0,0,0,0,0,1,0,0,0,0,0,0,0,0,0,0,0,0,0,0,0,0,0,0,0,0,0,0,1,0,0,0,0,1,0,0,0,0,0,1,0,0,0,0,0,0,0,0,1,0,0,0,1,0,0,0
"birds_dec_1_NB_SampleID_74",549807.550009467,7506862.78000674,1986,528.80393409729,-2.20000003526607,136,0.503333333333333,1,0,0,1,0,0,0,0,0,0,0,0,0,0,0,1,0,0,0,0,0,0,1,1,0,0,1,0,0,0,0,0,0,0,0,1,0,1,0,1,1,0,0,1,0,1,0,0,0,0,0,0,0,0,0,0,0,0,0,0,0,0,0,0,0,0,1,1,0,1,0,0,0
"birds_dec_1_NB_SampleID_75",549807.550006548,7506862.78000312,1987,570.93112373352,-3.13333334525426,201,-0.1225,1,0,0,0,1,0,0,0,0,0,0,0,0,0,0,1,0,0,0,0,0,0,1,1,1,0,0,0,0,0,0,0,0,1,0,1,0,1,0,0,1,0,0,1,0,1,0,0,0,1,0,0,0,0,0,0,0,0,0,0,0,0,0,1,0,0,0,1,0,1,0,0,0
"birds_dec_1_NB_SampleID_76",569799.510000556,7506862.82000361,1985,468.394439697266,-3.70833332836627,214,-0.183333333333333,1,0,1,1,1,0,0,0,0,1,1,0,0,1,1,1,0,0,0,0,1,0,1,1,1,0,1,0,0,1,0,0,0,0,1,1,0,1,0,1,1,0,0,1,0,1,0,0,0,1,0,0,0,0,0,0,1,0,0,1,0,0,0,1,0,1,1,1,0,1,1,0,0
"birds_dec_1_NB_SampleID_77",569799.510005036,7506862.82000009,1986,517.640198707581,-2.03333335121472,137,0.503333333333333,1,0,0,1,1,0,0,0,0,0,1,0,0,1,1,1,0,0,0,0,0,0,1,1,0,0,1,0,0,1,0,0,0,1,0,1,1,1,0,1,1,0,0,1,0,1,0,0,0,1,0,0,0,0,0,0,0,1,0,1,0,1,0,0,0,1,1,1,0,1,0,0,0
"birds_dec_1_NB_SampleID_78",569799.510006015,7506862.8200095,1987,503.277122497559,-2.96666663885115,202,-0.1225,1,0,0,1,1,0,0,0,0,0,1,0,0,0,1,1,0,0,0,0,0,0,1,1,0,0,1,0,0,1,0,1,0,1,0,0,0,1,0,1,1,0,0,1,0,1,0,0,0,1,1,0,0,0,0,0,1,1,1,1,0,0,0,0,0,0,1,1,0,1,0,0,0
"birds_dec_1_NB_SampleID_79",579795.480007371,7506862.84000458,1985,472.734342575073,-3.71666673570872,220,-0.183333333333333,1,0,0,1,1,0,0,1,0,0,0,0,0,0,0,1,0,0,0,0,0,0,1,1,1,0,0,0,1,0,1,0,0,1,0,0,1,1,0,1,1,0,1,1,0,1,0,1,0,1,1,0,0,0,0,0,0,0,0,0,0,1,0,0,0,1,1,1,1,1,1,0,1
"birds_dec_1_NB_SampleID_80",579795.480001737,7506862.84000994,1986,516.672662734985,-2.00833343466123,143,0.503333333333333,1,0,0,1,1,0,0,0,0,0,1,0,0,1,1,1,0,0,0,0,0,0,1,1,0,0,1,0,1,0,1,0,1,1,1,1,0,1,1,1,1,0,0,1,0,1,0,1,0,1,1,0,0,0,0,0,0,0,1,1,0,0,0,1,0,1,1,1,0,1,1,0,0
"birds_dec_1_NB_SampleID_81",579795.480002046,7506862.84000477,1987,505.250386714935,-2.95833335320155,203,-0.1225,1,0,0,1,1,0,0,0,0,0,0,0,0,1,1,1,0,0,0,0,0,0,1,0,0,0,0,0,0,1,0,1,0,0,1,1,1,1,1,1,1,0,1,1,0,1,0,0,1,1,1,0,0,0,0,0,0,0,1,1,0,0,0,0,0,1,1,1,0,1,1,0,1
"birds_dec_1_NB_SampleID_82",589791.460007732,7506862.86000339,1985,508.291723251343,-3.74166649952529,222,-0.183333333333333,1,0,0,1,1,0,0,0,1,0,0,0,0,1,1,1,0,1,0,0,1,1,1,1,0,1,1,0,0,1,0,0,0,1,0,1,1,1,1,1,1,0,1,1,0,1,0,1,0,1,1,1,0,1,0,0,1,0,1,0,0,1,0,1,0,1,1,1,0,1,1,1,1
"birds_dec_1_NB_SampleID_83",589791.460005177,7506862.86000793,1986,521.135541915894,-2.0749999160568,143,0.503333333333333,1,0,0,1,1,0,0,1,1,0,0,0,0,1,0,1,0,1,1,0,1,0,1,1,0,1,1,0,0,1,0,0,0,1,0,1,1,1,1,1,1,0,1,1,0,1,0,1,0,1,1,1,0,1,0,0,1,1,1,1,0,0,0,1,0,0,1,1,1,1,1,0,1
"birds_dec_1_NB_SampleID_84",589791.460009989,7506862.86000501,1987,536.001595497131,-2.96666671832402,203,-0.1225,1,0,0,1,1,0,0,1,1,0,0,0,0,1,1,1,0,0,0,0,1,0,1,1,1,0,1,0,0,1,1,1,1,1,0,1,1,1,1,1,1,0,1,1,0,1,0,1,1,1,1,0,0,0,0,0,1,1,1,0,0,0,0,1,0,1,1,1,0,1,1,0,1
"birds_dec_1_NB_SampleID_85",599787.430006994,7506862.88000469,1985,550.946683883667,-3.70000003154079,222,-0.183333333333333,1,0,0,1,1,0,0,1,0,0,0,0,0,1,1,1,0,0,0,0,1,0,1,1,1,1,1,0,0,0,1,0,0,1,0,1,1,1,1,1,1,0,1,1,0,1,0,1,1,1,1,1,1,0,0,0,1,0,0,1,0,1,0,1,0,0,1,1,0,1,1,1,1
"birds_dec_1_NB_SampleID_86",599787.430004616,7506862.88000097,1986,529.331969261169,-2.08333318928877,143,0.503333333333333,1,1,0,1,1,0,0,0,1,0,0,0,0,0,1,1,0,0,0,1,1,0,1,1,0,1,1,0,0,0,0,0,1,1,0,0,0,0,1,1,1,0,1,1,0,1,0,1,0,0,1,1,1,0,0,1,0,1,1,1,1,0,0,1,0,0,1,0,0,1,1,0,1
"birds_dec_1_NB_SampleID_87",599787.43000353,7506862.88000381,1987,570.814086914063,-2.9416665037473,203,-0.1225,1,1,1,1,1,0,0,0,0,0,0,1,0,1,0,1,0,0,0,0,1,0,1,1,0,1,1,0,0,0,1,1,1,1,0,1,1,1,1,1,1,0,1,1,0,1,0,0,1,1,1,1,1,0,0,1,1,1,1,1,1,0,0,1,0,0,1,0,1,1,1,0,1
"birds_dec_1_NB_SampleID_88",609783.410007202,7506862.90000148,1985,580.579743385315,-3.6916666229566,222,-0.183333333333333,1,0,0,1,1,0,0,1,1,0,1,0,0,1,0,1,0,0,1,0,1,0,1,1,1,0,1,0,0,0,1,0,1,1,0,0,1,1,1,1,1,0,1,1,0,1,0,0,1,1,1,0,1,0,0,0,0,1,1,0,1,1,0,1,0,0,1,1,1,1,1,1,1
"birds_dec_1_NB_SampleID_89",609783.410004937,7506862.90000965,1986,532.430058479309,-2.15000000782311,143,0.503333333333333,1,1,0,1,1,0,0,1,0,0,0,0,0,0,0,1,0,1,0,0,1,0,1,1,0,0,1,1,0,0,1,0,0,1,1,0,1,1,1,1,1,0,1,1,0,1,0,1,1,1,1,0,1,0,0,0,0,0,1,0,1,0,0,1,0,0,1,1,1,1,1,1,1
"birds_dec_1_NB_SampleID_90",609783.410008524,7506862.90000089,1987,591.573344230652,-2.91666650772094,203,-0.1225,1,0,0,1,1,0,0,0,1,0,0,0,0,1,1,1,0,0,0,0,1,0,1,1,0,0,1,0,0,0,1,1,0,1,1,0,1,1,1,1,1,0,1,1,0,1,0,1,1,1,1,0,1,0,0,1,0,0,1,1,1,1,1,1,0,0,1,0,0,1,1,1,1
"birds_dec_1_NB_SampleID_91",469839.71000547,7516858.60000937,1983,689.57043838501,-1.61666670627892,200,0.31,1,0,0,1,1,0,1,0,0,0,0,0,0,1,0,1,0,0,0,0,1,0,1,1,0,0,0,0,0,0,0,0,0,0,1,0,0,1,1,0,0,0,1,1,0,1,0,0,1,0,0,0,0,0,1,0,1,0,1,1,0,0,1,0,0,0,1,1,0,1,1,0,0
"birds_dec_1_NB_SampleID_92",469839.710000454,7516858.60000535,1984,658.898820877076,-0.758333375056582,223,0.2475,1,0,0,1,1,0,0,0,0,0,0,0,0,0,0,1,0,0,0,0,0,0,1,0,1,0,0,0,1,0,1,0,0,0,0,0,0,1,1,0,0,0,1,1,0,1,0,0,0,1,0,0,0,0,0,0,1,0,1,0,0,1,0,0,0,0,1,1,0,1,1,0,0
"birds_dec_1_NB_SampleID_93",469839.710003302,7516858.60000088,1985,542.893678188324,-3.84166662891705,219,-0.183333333333333,1,0,0,1,1,0,0,0,1,0,1,0,0,1,0,1,0,0,0,0,0,1,1,1,0,0,1,0,0,0,0,0,0,1,0,1,0,1,1,0,0,0,0,1,0,1,0,0,0,0,0,0,0,0,0,0,0,0,1,0,0,0,0,0,0,0,1,0,0,1,1,0,1
"birds_dec_1_NB_SampleID_94",469839.710006015,7516858.60000135,1986,562.686779022217,-2.03333328664303,136,0.503333333333333,1,0,0,1,1,0,0,0,1,0,0,0,0,0,1,1,0,0,0,0,1,0,1,1,0,0,0,0,0,0,0,0,0,0,0,0,0,1,1,0,0,0,1,1,0,1,0,0,0,0,1,1,0,0,0,0,1,0,1,1,0,0,1,0,0,0,1,0,0,1,1,0,0
"birds_dec_1_NB_SampleID_95",559803.51000225,7516858.78000934,1985,496.843448638916,-3.75833323784172,215,-0.183333333333333,1,1,0,1,0,0,0,0,0,0,0,0,0,0,0,1,0,0,0,0,0,0,1,1,0,0,0,0,0,0,0,0,0,0,0,0,0,1,0,1,0,0,0,0,0,1,0,0,0,1,0,0,0,0,0,0,0,0,0,0,0,0,0,0,0,0,1,1,0,1,0,1,0
"birds_dec_1_NB_SampleID_96",559803.510005669,7516858.78000134,1986,510.271653175354,-2.19166670988004,137,0.503333333333333,1,1,0,1,1,0,0,0,0,1,0,0,0,0,0,1,0,0,0,0,0,0,1,1,0,0,0,0,0,0,0,0,0,0,1,0,0,1,0,1,0,0,0,0,0,1,0,0,0,0,0,0,0,0,0,0,0,0,0,0,0,0,0,0,0,0,1,0,0,1,0,0,1
"birds_dec_1_NB_SampleID_97",559803.510002218,7516858.78000829,1987,533.029064178467,-3.08333323399226,201,-0.1225,1,1,0,1,1,0,0,0,0,1,1,0,0,0,0,1,0,0,0,0,0,0,1,1,0,0,0,0,0,0,1,0,0,0,1,0,0,1,0,1,0,0,0,0,0,1,0,0,0,1,0,0,0,0,0,0,1,0,0,1,0,0,0,0,0,1,1,0,0,1,0,0,0
"birds_dec_1_NB_SampleID_98",569799.49000014,7516858.80000975,1985,471.537551879883,-3.74166654733321,214,-0.183333333333333,1,0,0,1,1,0,0,0,0,0,0,0,0,1,0,1,0,0,0,0,0,0,1,1,0,0,1,0,0,0,0,0,0,1,0,0,1,1,0,1,1,0,0,1,0,1,0,0,0,1,1,0,0,1,0,0,1,0,0,0,0,0,0,0,0,0,1,0,0,1,1,0,0
"birds_dec_1_NB_SampleID_99",569799.490005995,7516858.80000018,1986,503.720844268799,-2.14166663835447,137,0.503333333333333,1,0,0,1,1,0,0,0,0,0,0,0,1,1,1,1,0,0,0,0,0,0,1,1,0,0,0,0,0,1,1,0,0,1,1,1,1,1,1,1,1,0,0,1,0,1,0,0,1,1,0,0,0,0,0,0,1,0,0,1,0,0,0,0,0,0,1,1,0,1,1,0,0
"birds_dec_1_NB_SampleID_100",569799.490006829,7516858.80000989,1987,511.341211795807,-3.01666647195815,201,-0.1225,1,0,0,1,1,0,0,1,0,0,0,0,0,0,1,1,0,0,0,1,1,0,1,1,0,0,1,0,0,0,1,1,0,1,0,0,1,1,0,1,1,0,0,1,0,1,0,0,0,1,0,0,0,0,0,0,1,0,0,1,0,0,0,0,0,0,1,0,0,1,0,0,0
"birds_dec_1_NB_SampleID_101",579795.460004027,7516858.8200059,1985,476.338388442993,-3.64166669547557,220,-0.183333333333333,1,0,0,1,1,0,0,0,0,0,0,0,0,1,0,1,0,0,0,0,1,0,1,0,0,0,0,0,0,0,0,0,0,0,0,0,0,1,0,1,1,0,1,1,0,1,0,0,0,1,0,0,0,0,0,0,1,0,0,0,0,0,0,0,0,0,1,1,0,1,1,1,0
"birds_dec_1_NB_SampleID_102",579795.460007787,7516858.82000725,1986,506.874855995178,-2.00833341479301,143,0.503333333333333,1,0,0,1,1,0,0,1,0,0,0,0,0,1,0,1,0,0,0,0,1,0,1,0,1,0,0,0,0,0,1,0,0,0,0,1,0,1,1,1,1,0,0,1,0,1,0,0,0,1,0,0,0,0,0,0,1,0,0,0,0,0,0,1,0,0,1,1,0,1,1,0,0
"birds_dec_1_NB_SampleID_103",579795.460007426,7516858.82000256,1987,516.855431079865,-2.92500013113022,203,-0.1225,1,0,0,1,1,0,0,0,0,0,0,0,0,0,0,1,0,0,0,1,0,0,1,0,0,1,0,0,0,0,0,0,0,0,0,0,1,1,0,1,1,0,0,1,0,1,0,0,0,1,0,0,0,0,0,0,0,0,0,0,0,0,0,1,0,0,0,1,0,1,0,0,0
"birds_dec_1_NB_SampleID_104",589791.440004056,7516858.84000981,1985,507.379475593567,-3.55000014851491,222,-0.183333333333333,1,0,1,1,1,0,0,0,0,0,1,0,1,0,0,1,0,0,0,0,1,0,1,1,0,1,1,0,1,0,1,0,0,1,1,1,1,1,1,0,1,0,0,1,0,1,0,0,0,1,1,0,0,0,0,0,1,0,1,1,0,0,0,0,0,0,1,1,0,1,1,0,0
"birds_dec_1_NB_SampleID_105",589791.44000114,7516858.8400028,1986,517.189991950988,-1.94166657328605,143,0.503333333333333,1,0,0,1,1,0,0,0,0,0,0,0,0,1,0,1,0,0,0,0,1,0,1,1,0,0,0,0,0,0,1,0,0,1,0,1,0,1,1,0,1,0,0,1,0,1,0,0,0,0,0,0,0,0,0,0,0,1,0,1,0,0,0,0,0,0,1,1,0,1,0,1,1
"birds_dec_1_NB_SampleID_106",589791.440003831,7516858.84000471,1987,544.507376194,-2.84166659911473,203,-0.1225,1,0,0,1,1,0,1,0,0,0,0,0,0,0,0,1,0,0,0,0,1,1,1,1,0,0,1,0,1,0,1,1,1,1,0,0,0,1,1,0,1,0,1,1,0,1,0,1,0,0,0,1,0,0,0,0,1,1,1,1,0,1,1,0,0,0,1,0,1,1,1,1,0
"birds_dec_1_NB_SampleID_107",599787.410008354,7516858.86000342,1985,546.449135780335,-3.51666676749786,222,-0.183333333333333,1,1,0,1,1,0,1,1,1,0,1,1,0,1,1,1,0,0,0,0,1,0,1,1,0,0,1,0,0,0,1,0,0,1,0,1,0,1,1,1,1,0,1,1,0,1,0,0,1,1,1,1,0,0,0,0,1,1,1,1,0,0,0,1,0,0,1,1,1,1,1,1,1
"birds_dec_1_NB_SampleID_108",599787.410000061,7516858.86000898,1986,524.271361351013,-1.8916666607062,143,0.503333333333333,1,1,0,1,1,0,0,1,1,0,0,0,0,0,0,1,0,1,0,0,1,0,1,1,0,1,0,0,0,0,1,0,1,1,0,1,0,1,1,0,1,0,1,1,0,1,0,0,0,1,0,1,0,0,0,0,0,1,1,1,0,0,0,1,0,0,1,0,1,1,1,0,1
"birds_dec_1_NB_SampleID_109",599787.410002496,7516858.86000824,1987,574.572910308838,-2.77500007549921,203,-0.1225,1,0,0,1,1,0,0,0,1,0,0,0,0,0,1,1,0,0,0,0,1,0,1,1,0,1,1,0,0,0,1,1,0,1,0,0,1,1,1,1,1,0,1,1,0,1,0,1,1,1,1,1,1,1,0,0,1,1,0,1,1,1,1,1,0,0,1,0,1,1,1,0,1
"birds_dec_1_NB_SampleID_110",609783.390002051,7516858.88000629,1985,578.759199142457,-3.50833327944081,221,-0.183333333333333,1,0,0,1,1,0,0,0,0,0,0,0,0,1,0,1,0,0,0,0,1,0,1,0,0,0,0,0,0,0,0,0,0,0,0,0,0,1,0,1,1,0,1,1,0,1,0,1,0,0,1,0,0,0,0,0,0,0,0,0,0,0,0,0,0,0,0,1,0,1,1,0,1
"birds_dec_1_NB_SampleID_111",609783.390009291,7516858.88000637,1986,528.634447097778,-1.95833332836629,143,0.503333333333333,1,0,0,0,1,0,0,0,0,0,0,0,0,1,0,1,0,0,0,0,1,0,1,0,0,0,0,0,0,0,0,0,0,0,0,0,0,0,1,1,1,0,1,1,0,1,0,0,0,0,0,0,0,0,0,0,0,0,0,0,0,0,0,1,0,0,1,0,1,1,1,0,1
"birds_dec_1_NB_SampleID_112",609783.390007026,7516858.88000377,1987,597.253619194031,-2.75833322604498,203,-0.1225,1,0,0,0,1,0,0,0,0,0,0,0,0,1,0,1,0,0,0,0,1,0,1,0,0,1,0,0,0,0,0,1,0,0,0,0,0,0,0,0,1,0,1,1,0,1,0,0,0,0,0,0,0,0,0,0,0,0,0,0,0,0,0,0,0,0,1,0,0,1,0,0,1
"birds_dec_1_NB_SampleID_113",469839.690003215,7526854.58000713,1983,693.77823638916,-1.68333339691162,206,0.31,1,0,0,1,1,0,1,0,0,0,0,0,0,0,0,1,0,0,0,0,1,0,1,0,0,0,0,0,0,0,0,0,0,0,0,0,0,1,1,0,0,0,1,1,0,1,0,0,0,0,1,0,0,0,0,0,0,0,1,0,0,1,1,0,0,0,1,0,0,1,1,0,0
"birds_dec_1_NB_SampleID_114",469839.690002617,7526854.58000785,1984,661.019117355346,-0.824999988079061,224,0.2475,1,0,1,1,1,0,0,0,0,0,0,0,0,0,0,1,0,1,0,0,1,0,1,1,0,0,0,0,0,0,1,0,0,1,0,0,0,1,1,0,0,0,1,1,0,1,0,0,1,0,0,0,0,0,0,0,0,0,1,1,0,1,0,0,0,0,1,0,0,1,1,0,0
"birds_dec_1_NB_SampleID_115",469839.690004145,7526854.58000626,1985,554.882798194885,-3.90833336922029,219,-0.183333333333333,1,1,0,1,1,0,0,0,0,1,0,0,0,1,0,1,0,0,0,0,1,0,1,1,0,1,0,0,0,0,0,0,0,1,0,1,0,1,0,0,0,0,0,1,0,1,0,0,0,0,0,0,0,0,0,0,0,0,1,0,0,1,0,0,0,0,1,1,0,1,1,0,0
"birds_dec_1_NB_SampleID_116",469839.690007308,7526854.58000402,1986,568.400360107422,-2.10833343863488,136,0.503333333333333,1,0,0,1,1,0,0,0,0,0,1,0,0,1,0,1,0,0,0,0,1,0,1,0,0,0,0,0,0,0,0,0,0,0,0,0,0,1,1,1,0,0,1,1,0,1,0,0,0,0,0,0,0,0,0,0,0,0,1,0,0,0,1,0,0,0,1,0,1,1,1,0,0
"birds_dec_1_NB_SampleID_117",469839.690009374,7526854.58000209,1987,620.533311128616,-3.05833339691162,205,-0.1225,1,1,0,1,1,0,0,0,0,0,0,0,0,0,0,1,0,0,0,0,1,0,1,1,0,0,1,0,0,0,0,1,0,1,1,1,0,1,1,0,0,0,1,1,0,1,0,0,0,1,1,0,0,1,0,0,0,0,1,1,0,0,0,0,0,0,1,0,0,1,1,0,1
"birds_dec_1_NB_SampleID_118",579795.440004083,7526854.79000999,1985,475.265588760376,-3.55000011622906,214,-0.183333333333333,1,0,0,1,1,0,0,0,1,0,1,0,0,1,1,1,0,0,0,0,0,0,1,1,1,1,0,0,1,0,0,0,0,1,1,1,1,1,0,1,1,0,0,0,0,1,0,0,0,1,0,0,0,0,0,0,0,0,0,1,0,0,0,0,0,0,1,1,0,1,1,1,0
"birds_dec_1_NB_SampleID_119",579795.440008119,7526854.79000678,1986,500.64626121521,-1.958333303531,137,0.503333333333333,1,0,0,1,1,0,0,0,0,0,0,0,0,1,0,1,0,1,0,0,1,0,1,1,1,1,0,0,0,0,0,0,0,0,1,1,1,1,0,1,1,0,0,1,0,1,0,1,0,1,0,0,0,0,0,0,1,0,0,1,0,0,1,0,0,0,1,1,0,1,1,1,0
"birds_dec_1_NB_SampleID_120",579795.44000671,7526854.79000425,1987,527.082102298737,-2.85000012318294,200,-0.1225,1,0,0,1,1,0,0,0,0,0,1,0,0,1,1,1,0,0,0,0,1,0,1,1,0,1,0,0,0,0,1,0,0,1,1,1,1,1,0,1,1,0,0,0,0,1,0,0,0,1,0,0,0,0,0,0,0,0,0,0,0,0,0,0,0,0,1,0,0,1,0,0,0
"birds_dec_1_NB_SampleID_121",369879.850006646,7536850.37000934,1986,528.776243209839,-2.07499997814496,132,0.503333333333333,1,0,0,1,1,0,0,0,0,0,0,0,0,0,0,1,0,1,1,0,1,1,1,0,0,0,0,0,0,0,1,0,1,0,0,0,0,0,1,0,0,0,1,1,0,1,0,0,1,0,1,1,1,1,0,1,0,0,1,1,0,0,0,0,0,0,1,0,1,1,1,0,1
"birds_dec_1_NB_SampleID_122",379875.840007014,7536850.39000676,1986,533.420678138733,-2.17500005910794,136,0.503333333333333,1,0,0,0,1,0,0,0,0,0,0,0,0,0,0,1,0,0,0,0,1,1,1,1,0,0,0,0,0,0,0,0,1,0,0,0,0,0,1,0,0,0,0,1,1,1,0,0,0,0,0,0,1,1,0,0,0,0,1,0,0,1,0,0,1,0,0,0,0,1,1,0,0
"birds_dec_1_NB_SampleID_123",369879.830008151,7546846.3600029,1986,510.529894828797,-2.16666676600774,133,0.503333333333333,1,0,0,1,1,0,0,0,0,0,0,0,0,1,0,1,0,0,0,0,1,0,1,1,0,0,1,0,0,0,1,0,1,0,1,0,0,1,1,0,1,0,1,1,0,1,0,0,1,0,1,1,1,0,0,0,1,0,1,1,0,1,0,0,0,0,1,1,1,1,1,0,0
"birds_dec_1_NB_SampleID_124",379875.820009118,7546846.37000688,1986,512.526082992553,-2.34166678165395,136,0.503333333333333,1,0,0,0,1,0,0,1,1,0,0,0,0,0,0,1,0,0,1,0,1,1,1,0,0,0,0,0,0,0,0,0,1,1,0,0,0,0,1,0,0,0,1,1,0,1,0,0,0,0,1,1,1,1,1,0,0,0,1,0,0,0,0,0,1,0,1,0,0,1,1,0,0
"birds_dec_1_NB_SampleID_125",499827.590009518,7546846.60000677,1987,664.225971698761,-3.09166665871938,203,-0.1225,1,0,1,1,1,0,0,0,0,0,0,0,1,1,1,1,0,0,0,0,1,1,1,1,0,1,1,0,0,0,0,0,0,1,0,1,1,1,0,1,1,1,0,1,0,1,1,0,0,1,0,1,0,1,0,0,1,0,0,1,0,1,0,0,0,1,1,1,1,1,1,0,0
"birds_dec_1_NB_SampleID_126",489831.590002061,7556842.56000851,1983,767.697116851807,-1.64166682648163,211,0.31,1,1,0,1,1,0,1,0,0,0,0,0,0,0,0,1,0,0,0,0,0,0,1,1,0,0,1,0,0,0,0,0,0,0,1,0,0,1,0,0,1,0,1,1,0,1,0,0,0,0,0,1,0,0,0,0,0,0,0,1,0,0,1,1,0,0,1,0,0,1,1,0,0
"birds_dec_1_NB_SampleID_127",489831.590005309,7556842.56000368,1984,716.909721374512,-0.79166666666667,226,0.2475,1,1,1,1,1,0,0,0,0,0,0,0,0,0,0,1,0,0,0,0,0,0,1,0,0,0,0,0,0,0,1,0,0,0,1,0,0,1,0,0,1,0,0,0,0,1,0,0,0,0,0,0,0,0,0,0,0,1,0,1,0,0,0,0,0,0,1,0,0,1,0,0,0
"birds_dec_1_NB_SampleID_128",489831.590008565,7556842.56000266,1985,618.52790927887,-3.72500015919408,223,-0.183333333333333,1,1,1,1,1,0,0,0,0,0,0,0,0,1,0,1,0,0,0,0,1,0,1,1,1,1,0,0,0,0,0,0,0,1,1,0,0,1,1,0,0,0,0,1,0,1,0,0,0,1,0,0,0,0,0,0,0,0,0,1,0,0,0,1,0,1,1,0,0,1,1,1,0
"birds_dec_1_NB_SampleID_129",489831.590008991,7556842.56000249,1986,551.749856948852,-2.0750000377496,137,0.503333333333333,1,0,0,1,1,0,0,0,0,0,0,0,0,0,0,1,0,0,0,1,0,0,1,1,0,0,0,0,0,0,0,0,0,0,0,0,0,1,1,0,0,0,1,1,0,1,0,1,0,0,1,0,0,0,0,0,0,1,0,1,0,0,0,0,0,0,1,0,0,1,0,0,0
"birds_dec_1_NB_SampleID_130",489831.590000782,7556842.56000549,1987,666.757180690765,-3.03333328167597,206,-0.1225,1,0,0,1,1,0,0,0,0,0,0,0,0,0,1,1,0,0,0,0,1,0,1,1,1,1,0,0,0,0,0,0,0,1,1,1,1,1,0,0,1,0,1,1,0,1,0,1,0,0,0,0,0,0,0,0,0,1,0,1,0,0,0,0,0,0,1,0,0,1,1,1,0
"birds_dec_1_NB_SampleID_131",499827.570008713,7556842.57000131,1982,569.847581863403,-1.38333333532015,223,0.43,1,0,0,1,0,0,0,0,0,0,0,0,0,0,0,1,0,0,0,0,0,0,1,1,0,0,0,0,0,0,0,1,0,0,1,0,1,1,0,0,0,0,0,1,0,1,0,0,1,0,1,0,0,0,1,0,0,0,0,1,0,0,0,1,0,0,1,0,0,1,1,0,0
"birds_dec_1_NB_SampleID_132",499827.570003004,7556842.57000102,1983,813.171051025391,-1.64166670727233,211,0.31,1,0,0,0,1,0,0,0,0,0,0,0,0,0,0,1,0,0,1,0,0,1,1,1,0,0,0,0,0,0,0,0,0,0,0,0,0,1,0,0,0,0,0,1,0,1,0,0,0,0,1,0,0,0,1,0,0,0,1,1,0,0,0,1,0,0,1,0,0,1,1,0,0
"birds_dec_1_NB_SampleID_133",499827.570001878,7556842.57000494,1984,740.277725219727,-0.766666730244953,226,0.2475,1,0,0,1,1,0,0,0,0,0,0,0,0,0,0,1,0,0,0,0,0,0,1,1,0,0,0,0,0,0,1,0,1,0,0,0,0,1,1,0,0,0,0,1,0,1,0,0,1,0,1,0,0,0,1,1,0,0,0,1,0,1,0,1,0,0,1,0,0,1,1,0,0
"birds_dec_1_NB_SampleID_134",499827.570005206,7556842.57000803,1985,636.167987823486,-3.69166677817703,223,-0.183333333333333,1,0,0,1,1,0,0,0,0,0,0,0,0,0,0,1,0,0,1,0,1,0,1,0,1,0,0,0,0,0,0,0,0,1,0,0,0,1,0,0,0,0,0,1,0,1,0,0,1,0,1,0,0,0,0,0,0,0,1,0,0,1,0,0,0,0,1,0,1,1,1,0,0
"birds_dec_1_NB_SampleID_135",499827.570009345,7556842.57000762,1986,548.529404640198,-2.06666673223177,137,0.503333333333333,1,0,0,1,1,0,0,0,0,0,0,0,0,0,0,0,0,1,0,0,0,0,1,1,0,0,1,0,0,0,0,0,0,0,1,0,0,1,1,0,0,0,0,1,0,1,0,0,1,0,1,1,0,0,0,0,0,0,1,0,0,0,0,0,0,0,1,0,0,1,1,0,0
"birds_dec_1_NB_SampleID_136",499827.570008805,7556842.57000947,1987,678.977336406708,-3.03333334128062,204,-0.1225,1,0,0,1,1,0,0,0,0,0,0,0,0,1,0,1,0,0,0,0,1,0,1,1,0,0,0,0,0,0,1,1,0,0,1,0,0,1,0,0,0,0,0,1,0,1,0,0,0,0,0,0,1,0,0,0,0,0,0,1,0,0,0,0,0,0,1,0,0,1,1,0,0
"birds_dec_1_NB_SampleID_137",509823.550006958,7556842.59000935,1982,580.155900001526,-1.46666669845581,221,0.43,1,0,0,1,1,0,1,0,1,0,0,0,0,0,0,1,0,0,0,0,0,0,1,1,0,0,1,1,0,0,1,0,0,1,1,0,0,1,0,1,1,0,1,1,0,1,0,0,1,1,1,1,1,0,0,1,0,0,1,1,0,0,0,1,0,0,1,1,0,1,1,0,0
"birds_dec_1_NB_SampleID_138",509823.55000282,7556842.59000578,1983,842.331521987915,-1.7416667441527,207,0.31,1,0,0,1,1,0,0,0,0,0,0,0,0,1,0,1,0,0,0,0,0,0,1,0,0,0,1,0,0,0,1,0,0,0,0,0,0,1,0,0,0,0,1,1,0,1,0,0,0,1,1,0,1,0,1,0,0,0,0,1,0,0,1,1,0,0,1,0,0,1,1,0,0
"birds_dec_1_NB_SampleID_139",509823.550003596,7556842.59000719,1984,752.846942901611,-0.849999884764361,224,0.2475,1,0,0,1,1,0,0,0,0,0,0,0,0,1,0,1,0,0,0,0,0,0,1,0,0,0,1,0,0,0,1,0,0,1,0,0,0,1,1,0,1,0,1,1,0,1,0,0,1,1,0,0,0,0,0,0,0,0,0,1,0,1,0,0,0,0,1,0,0,1,1,0,0
"birds_dec_1_NB_SampleID_140",509823.550007963,7556842.5900027,1985,639.704426765442,-3.73333347092073,223,-0.183333333333333,1,0,0,1,1,0,0,0,0,1,0,0,0,0,0,1,0,0,0,0,0,0,1,0,1,0,1,0,0,0,0,0,0,0,1,0,0,1,0,0,1,0,1,1,0,1,0,0,1,0,1,0,0,0,0,0,0,0,1,0,0,0,0,1,0,0,1,0,0,1,1,0,0
"birds_dec_1_NB_SampleID_141",509823.550006019,7556842.59000316,1986,542.504669189453,-2.17499999950331,136,0.503333333333333,1,0,0,1,1,0,0,0,0,0,0,0,0,0,0,1,0,0,0,0,0,0,1,1,0,0,1,0,0,0,1,0,0,0,1,0,0,1,0,0,1,0,0,1,0,1,0,0,0,0,1,0,1,0,0,0,0,0,1,1,1,0,0,0,0,1,1,0,0,1,1,0,0
"birds_dec_1_NB_SampleID_142",509823.550004615,7556842.59000087,1987,675.144325256348,-3.0916666785876,202,-0.1225,1,0,0,1,1,0,0,0,0,0,0,0,0,0,0,1,0,0,0,0,1,0,1,1,0,0,1,0,0,0,0,1,1,1,1,0,0,1,1,0,1,0,0,1,0,1,0,0,0,1,1,0,1,0,0,0,0,0,1,1,0,0,0,1,0,0,1,0,0,1,1,0,0
"birds_dec_1_NB_SampleID_143",339891.850006396,7566838.27000613,1987,543.380386352539,-3.09999998410543,215,-0.1225,1,1,0,1,1,0,0,0,1,1,1,0,0,1,1,0,1,0,0,0,0,0,1,1,0,0,0,0,0,0,0,0,0,0,1,0,0,1,1,1,0,1,1,1,0,1,0,0,0,1,1,0,0,1,0,0,0,0,0,1,1,0,0,1,0,1,1,1,0,1,0,0,0
"birds_dec_1_NB_SampleID_144",339891.830002447,7576834.25000632,1987,525.493777275085,-3.1583334406217,215,-0.1225,1,0,0,1,1,0,0,1,1,0,0,0,0,0,1,1,0,0,0,0,1,0,1,1,0,0,0,0,0,0,0,0,0,0,1,0,1,1,1,1,1,1,0,1,0,1,1,0,0,0,1,1,0,0,0,0,0,0,0,1,0,1,0,0,0,0,1,0,0,1,0,1,0
"birds_dec_1_NB_SampleID_145",489831.550008536,7576834.51000769,1983,711.149654388428,-1.59166662705441,213,0.31,1,1,0,1,1,0,1,0,0,0,1,0,0,0,0,1,0,0,0,0,0,0,1,1,0,0,0,0,0,0,1,0,0,1,1,0,0,1,1,1,1,0,1,1,0,1,0,0,0,1,0,0,0,0,0,0,1,0,0,1,0,0,1,0,0,1,1,0,0,1,1,0,0
"birds_dec_1_NB_SampleID_146",489831.550008639,7576834.51000747,1984,695.500110626221,-0.849999974171317,226,0.2475,1,0,0,1,1,0,0,0,1,0,1,0,0,0,0,1,0,1,0,0,0,0,1,1,0,0,0,0,0,0,1,0,0,1,1,0,0,1,0,1,1,0,0,1,0,1,0,0,0,1,1,1,0,0,0,0,0,0,0,1,0,0,0,0,0,1,1,1,0,1,0,0,0
"birds_dec_1_NB_SampleID_147",489831.550002699,7576834.51000025,1985,610.841711044312,-3.54999999453624,224,-0.183333333333333,1,0,0,1,1,0,0,0,0,0,1,0,0,0,0,1,0,1,0,0,0,0,1,1,1,0,1,0,1,0,1,0,0,1,1,1,1,1,0,1,1,0,1,1,0,1,0,0,0,1,0,0,0,0,0,0,0,0,0,1,0,0,0,0,0,1,1,0,0,1,1,1,0
"birds_dec_1_NB_SampleID_148",489831.550002235,7576834.51000929,1986,532.629904747009,-2.01666651169459,136,0.503333333333333,1,1,0,1,1,0,0,0,0,0,0,0,0,0,0,1,0,0,0,1,0,0,1,1,0,0,0,0,0,0,0,0,0,1,0,1,0,1,1,1,1,0,0,1,0,1,0,0,0,1,0,0,0,0,0,0,0,0,0,1,0,0,0,0,0,1,1,1,0,1,0,0,0
"birds_dec_1_NB_SampleID_149",489831.550008784,7576834.51000035,1987,661.52833032608,-2.95000014702479,204,-0.1225,1,1,0,1,1,0,0,0,0,1,0,0,0,0,0,1,0,0,0,0,1,0,1,1,0,0,1,0,0,0,0,0,1,1,1,1,1,1,1,1,1,0,1,1,0,1,0,1,0,0,0,0,0,0,0,0,0,0,0,1,0,0,0,0,0,1,1,0,0,1,0,0,1
"birds_dec_1_NB_SampleID_150",519819.490002295,7576834.57000636,1982,666.220907211304,-1.34166660904884,221,0.43,1,0,1,1,0,0,0,0,0,0,0,0,0,0,0,0,0,0,0,0,0,1,1,0,0,0,0,1,0,0,0,0,0,1,0,0,0,1,0,1,1,0,0,1,0,1,0,0,0,1,0,0,0,0,0,0,0,0,0,0,0,0,0,0,0,0,1,0,0,1,0,0,0
"birds_dec_1_NB_SampleID_151",509823.490000016,7586830.53000737,1982,639.980432510376,-1.24166652560234,221,0.43,1,0,0,1,1,0,0,0,0,0,0,0,0,1,0,0,0,0,0,0,0,0,1,0,0,0,0,0,0,0,1,0,0,0,0,0,0,0,0,1,1,0,0,1,0,1,0,0,0,1,1,0,0,0,0,0,0,0,0,0,0,0,0,0,0,0,0,0,0,1,0,0,0
"birds_dec_1_NB_SampleID_152",469839.540000296,7606822.42000375,1983,549.727517127991,-1.7999999721845,214,0.31,1,0,0,1,1,0,1,1,1,0,0,0,0,0,0,1,0,0,0,0,0,0,1,1,0,0,0,0,0,0,1,0,0,0,0,0,0,1,0,1,1,0,1,1,0,1,0,0,0,0,1,0,0,0,0,0,0,0,0,1,0,0,1,0,0,0,1,1,0,1,1,0,0
"birds_dec_1_NB_SampleID_153",469839.540008909,7606822.42000684,1984,556.255353927612,-1.07499996821086,226,0.2475,1,0,1,1,1,0,0,1,0,0,0,0,0,0,0,1,0,0,0,0,1,0,1,0,0,0,1,0,0,0,0,0,0,0,0,0,0,0,0,1,1,0,0,1,0,1,0,0,0,0,1,0,0,0,0,0,0,0,0,0,0,0,0,0,0,1,1,1,0,1,1,0,0
"birds_dec_1_NB_SampleID_154",469839.540001944,7606822.42000735,1985,553.404551506043,-3.69999999801317,226,-0.183333333333333,1,0,0,1,1,0,0,1,0,0,0,0,0,0,0,1,0,0,0,0,1,0,1,0,0,0,1,0,0,0,0,0,0,1,0,0,0,0,1,1,1,0,1,1,0,1,0,0,0,1,1,0,0,0,0,0,0,0,0,0,0,0,0,0,0,0,1,0,0,1,1,0,1
"birds_dec_1_NB_SampleID_155",459843.550001441,7616818.38000057,1987,509.738755702973,-3.11666671435038,202,-0.1225,1,0,0,0,0,0,0,0,0,0,0,0,0,1,0,0,0,0,0,0,0,0,1,0,0,0,0,0,0,0,0,0,0,0,0,0,0,0,0,0,0,0,1,0,0,1,0,0,0,0,0,0,0,0,0,0,0,0,0,0,0,0,0,0,0,0,0,0,0,1,0,0,0
"birds_dec_1_NB_SampleID_156",469839.530009937,7616818.40000676,1983,516.682846069336,-1.72500004371008,213,0.31,1,0,0,1,1,0,0,0,1,0,0,0,0,1,0,1,0,0,0,0,0,0,1,0,0,0,0,0,0,0,0,0,0,1,0,0,0,1,0,1,1,0,0,1,0,1,0,0,0,0,0,0,0,0,0,0,1,0,0,0,0,0,0,0,0,0,1,1,0,1,1,1,0
"birds_dec_1_NB_SampleID_157",469839.530000587,7616818.40000235,1984,517.853569030761,-0.991666615009301,228,0.2475,1,0,0,1,1,0,0,1,0,1,0,0,1,0,1,1,0,0,0,1,0,0,1,0,0,0,0,0,0,0,0,0,0,1,0,0,1,1,0,1,1,0,0,1,0,1,0,0,0,0,0,0,0,0,0,0,1,0,0,1,0,1,0,0,0,0,1,1,0,1,1,0,0
"birds_dec_1_NB_SampleID_158",469839.530003558,7616818.40000273,1985,553.605735301971,-3.6166666150093,227,-0.183333333333333,1,1,0,1,1,0,0,0,0,0,1,0,0,1,1,1,0,0,0,0,1,0,1,1,0,0,0,0,0,0,0,0,0,1,0,0,0,1,1,1,1,0,0,1,0,1,0,0,0,0,1,0,0,0,0,0,0,0,0,1,0,0,0,0,0,1,1,1,0,1,1,0,0
"birds_dec_1_NB_SampleID_159",439851.560004092,7636810.31000976,1987,450.747713088989,-3.24166671435039,197,-0.1225,1,0,0,1,0,0,0,1,1,1,1,0,0,1,1,1,0,0,0,0,1,1,1,0,0,0,0,0,0,1,0,0,0,1,1,0,1,1,0,1,1,1,1,1,0,1,1,0,0,1,1,0,0,1,0,0,1,0,0,1,0,0,0,0,0,1,1,0,0,1,0,1,0
"birds_dec_1_NB_SampleID_160",239931.830000228,7666797.97000792,1980,455.090118408203,-3.19166648387908,214,-0.4125,1,0,1,1,0,0,0,0,0,0,0,0,0,1,1,1,0,0,0,0,0,0,1,0,0,0,1,1,0,0,0,0,0,1,0,0,0,0,0,0,1,0,0,0,0,1,0,0,0,1,0,0,1,0,0,0,0,0,0,0,0,0,0,0,0,0,0,0,0,1,0,1,0
"birds_dec_1_NB_SampleID_161",239931.830002337,7666797.97000464,1981,699.203280448914,-4.36666667461395,224,-0.2125,1,0,0,1,0,0,0,0,1,0,0,0,0,0,0,0,0,0,0,0,1,0,1,0,0,0,1,1,0,0,0,0,0,1,0,0,0,1,0,0,1,0,0,1,0,1,0,0,0,1,0,0,1,0,0,0,0,0,0,1,0,0,0,0,0,0,0,0,0,1,0,0,0
"birds_dec_1_NB_SampleID_162",239931.830009282,7666797.97000523,1982,659.507930755615,-2.16666659712791,230,0.43,1,0,1,1,0,0,0,0,1,0,0,0,0,1,1,1,0,0,0,1,0,0,1,1,0,0,1,1,0,0,0,0,0,1,0,0,0,1,0,0,1,0,0,0,0,1,1,0,0,1,0,0,1,0,0,0,0,0,0,1,0,0,0,0,0,0,1,0,0,1,0,1,0
"birds_dec_1_NB_SampleID_163",239931.830007003,7666797.97000009,1983,716.726063728333,-2.99166669448216,238,0.31,1,0,1,1,0,0,0,0,1,0,0,0,0,1,1,1,0,0,0,0,1,0,1,1,0,0,1,1,0,0,0,0,0,1,0,0,0,1,0,0,1,0,0,1,0,1,0,0,0,1,1,0,1,0,0,0,1,0,0,1,0,0,0,0,0,0,0,0,0,1,1,1,0
"birds_dec_1_NB_SampleID_164",239931.830005831,7666797.97000682,1984,521.581943511963,-1.73333332935969,224,0.2475,1,0,1,1,0,0,0,0,1,0,0,0,0,1,1,1,0,0,0,1,1,0,1,1,0,0,1,1,0,0,0,0,0,1,0,0,0,1,0,0,1,0,0,1,0,1,0,0,0,1,0,0,1,0,0,0,0,0,0,1,0,0,0,0,0,0,0,0,0,1,1,1,0
"birds_dec_1_NB_SampleID_165",239931.830000174,7666797.97000596,1985,631.595351696014,-4.06666677196821,228,-0.183333333333333,1,0,1,1,0,0,0,0,1,0,0,0,0,1,1,1,0,0,0,0,1,0,1,1,0,0,1,1,0,0,0,0,0,1,0,0,0,1,0,0,1,0,0,1,0,1,0,0,0,1,0,1,1,0,0,0,1,0,0,1,0,1,0,0,0,0,1,0,0,1,1,1,0
"birds_dec_1_NB_SampleID_166",239931.830007,7666797.97000927,1986,382.685174942016,-2.75833329558373,136,0.503333333333333,1,0,1,1,0,0,0,0,1,0,0,0,0,1,1,1,0,0,0,1,0,0,1,1,0,0,1,1,0,0,0,0,0,1,0,0,1,1,0,0,1,0,0,1,0,1,0,0,0,1,0,1,1,0,0,0,0,1,0,1,0,0,0,0,0,0,0,0,0,1,1,1,0
"birds_dec_1_NB_SampleID_167",529815.320002966,7666798.38000525,1987,458.620323181152,-2.65833330154418,206,-0.1225,1,0,0,1,1,0,0,1,1,1,1,0,1,1,1,1,0,0,0,0,1,0,1,1,0,0,1,0,0,0,0,0,0,1,1,0,1,1,1,1,1,1,1,1,0,1,1,0,0,0,1,1,0,0,0,0,1,0,0,1,0,0,0,0,0,1,1,1,0,1,0,1,0
"birds_dec_1_NB_SampleID_168",579795.190006659,7676794.43000539,1987,497.314940452576,-2.66666656732559,200,-0.1225,1,1,0,1,1,0,1,1,1,0,0,0,0,1,1,1,0,0,0,0,1,0,1,1,0,0,1,0,0,1,0,0,0,1,1,0,1,1,1,1,1,1,1,1,0,1,0,1,0,1,1,0,0,0,0,0,1,1,0,1,0,1,0,0,0,1,1,1,0,1,1,1,0
"birds_dec_1_NB_SampleID_169",589791.090002013,7736770.3000006,1987,506.395369529724,-2.44166658322017,198,-0.1225,1,0,0,1,0,0,1,0,0,0,0,0,1,0,1,0,0,0,0,0,0,0,1,0,0,0,1,1,0,0,0,0,0,1,0,0,1,0,0,1,1,1,0,1,0,1,1,0,0,1,0,0,1,0,0,0,0,0,0,1,0,0,0,0,0,0,0,0,0,1,0,1,0
"birds_dec_1_NB_SampleID_170",529815.200006908,7766758.16000956,1987,387.216608047486,-3.19166666269302,202,-0.1225,1,1,1,1,0,0,1,0,1,0,1,0,1,1,1,1,0,0,0,0,0,0,1,1,0,0,0,0,0,1,0,0,0,1,1,0,1,1,0,1,1,0,0,0,0,1,1,0,0,1,0,0,0,0,0,0,0,0,0,1,0,0,0,0,0,1,1,1,0,1,0,1,0
