"sampleID","x-coordinate","y-coordinate","Year","annuprec","annutemp","annusnowcount","annuNAO","Acanthis flammea","Accipiter gentilis","Acrocephalus schoenobaenus","Actitis hypoleucos","Alauda arvensis","Anthus pratensis","Anthus trivialis","Apus apus","Asio flammeus","Buteo buteo","Calidris falcinellus","Calidris pugnax","Certhia familiaris","Circus cyaneus","Columba palumbus","Corvus corax","Corvus corone cornix","Cuculus canorus","Curruca communis","Cursorius cursor","Delichon urbicum","Dendrocopos major","Dryocopus martius","Emberiza citrinella","Emberiza hortulana","Erithacus rubecula","Ficedula hypoleuca","Fringilla coelebs","Fringilla montifringilla","Gallinago gallinago","Garrulus glandarius","Grus grus","Hirundo rustica","Jynx torquilla","Lagopus lagopus","Lanius collurio","Lophophanes cristatus","Loxia curvirostra","Loxia pytyopsittacus","Lymnocryptes minimus","Lyrurus tetrix","Motacilla alba","Motacilla flava","Muscicapa striata","Numenius arquata","Numenius phaeopus","Oenanthe oenanthe","Parus major","Passer domesticus","Perisoreus infaustus","Phoenicurus phoenicurus","Phylloscopus collybita","Phylloscopus trochilus","Pica pica","Picoides tridactylus","Pluvialis apricaria","Poecile montanus","Prunella modularis","Pyrrhula pyrrhula","Regulus regulus","Rhadina sibilatrix","Riparia riparia","Saxicola rubetra","Schoeniclus rusticus","Schoeniclus schoeniclus","Scolopax rusticola","Spinus spinus","Sturnus vulgaris","Sylvia atricapilla","Sylvia borin","Tetrao urogallus","Tetrastes bonasia","Tringa erythropus","Tringa glareola","Tringa nebularia","Tringa ochropus","Tringa totanus","Troglodytes troglodytes","Turdus iliacus","Turdus merula","Turdus philomelos","Turdus pilaris","Turdus viscivorus","Vanellus vanellus"
"birds_dec_1_MB_SampleID_1",309906.030004132,6867119.26000101,1981,1092.3897190094,2.63333325833083,188,-0.2125,0,1,0,0,0,1,1,1,0,0,0,0,1,0,1,1,1,1,0,1,0,1,1,1,0,1,1,1,1,1,1,1,1,1,0,1,1,0,1,0,1,1,1,1,1,0,0,1,0,0,1,1,1,0,0,1,1,1,1,1,1,0,1,1,1,1,1,0,0,1,1,1,0,1,1,1,0,0,1,1,1,1,1,0
"birds_dec_1_MB_SampleID_2",309906.030009907,6867119.26000885,1982,696.909260749817,3.3666666150093,150,0.43,0,0,0,0,0,1,1,0,0,0,0,0,1,0,1,0,1,1,0,1,0,1,1,0,0,1,1,1,1,1,1,1,0,0,0,0,1,0,0,0,1,1,1,1,0,0,0,1,0,0,1,1,1,0,0,0,1,1,1,1,1,0,1,1,1,0,1,0,0,1,1,0,0,1,0,1,0,0,1,1,1,1,1,0
"birds_dec_1_MB_SampleID_3",309906.03000731,6867119.26000369,1985,754.5479221344,1.14166667436559,181,-0.183333333333333,0,0,0,0,0,0,1,1,0,0,0,0,1,0,1,1,1,1,0,1,0,1,1,0,0,1,1,1,1,0,0,1,0,0,0,0,1,1,0,0,1,0,0,1,0,0,0,1,0,0,1,1,1,0,1,0,1,1,1,1,1,0,0,1,0,1,1,0,0,1,1,0,0,0,1,1,0,0,1,0,1,1,0,0
"birds_dec_1_MB_SampleID_4",309906.030000967,6867119.26000284,1986,807.353027820588,2.5416667064031,266,0.503333333333333,0,0,0,0,0,0,1,1,0,0,0,0,1,0,0,1,1,1,0,1,0,1,1,0,0,1,1,1,1,1,1,0,0,0,0,0,1,1,0,0,0,0,0,1,1,0,0,1,0,0,1,1,1,0,0,0,1,1,1,1,1,0,0,1,0,1,1,0,1,1,0,0,0,0,0,1,0,0,1,0,1,0,1,0
"birds_dec_1_MB_SampleID_5",309906.030000748,6867119.26000466,1987,787.806170225143,1.11666671435037,167,-0.1225,0,1,0,0,0,1,1,0,0,0,0,0,1,0,1,1,1,1,0,1,1,1,1,1,0,1,1,1,1,0,1,1,1,0,1,0,1,1,0,0,1,0,1,1,1,0,0,1,0,0,1,1,1,0,1,1,1,1,1,1,1,0,1,1,0,1,1,0,1,1,1,1,0,1,0,1,0,0,1,0,1,0,1,0
"birds_dec_1_MB_SampleID_6",269922.050006552,6877115.0700043,1986,812.711264610291,2.56666666766008,276,0.503333333333333,1,0,0,0,0,1,1,0,0,0,0,0,1,1,1,1,1,1,0,0,0,1,1,0,0,1,1,1,1,1,1,1,0,1,0,0,1,1,0,0,1,1,1,1,1,0,0,1,0,0,1,0,1,0,1,1,1,0,1,1,1,0,0,1,1,0,1,0,0,1,1,0,0,1,1,0,0,0,1,0,1,0,0,0
"birds_dec_1_MB_SampleID_7",329897.950009181,6877115.33000019,1982,645.432024478913,3.19166659315428,145,0.43,0,0,0,1,0,0,1,0,0,0,0,0,1,0,1,1,1,1,0,1,0,1,1,1,0,1,1,1,1,0,1,1,0,0,0,0,1,1,1,0,1,1,0,1,0,0,1,1,0,0,1,1,1,0,0,0,1,1,1,1,1,0,0,1,0,0,1,0,0,1,1,0,0,0,0,1,0,1,1,1,1,1,1,0
"birds_dec_1_MB_SampleID_8",239934.050008081,6887110.93000651,1981,975.262864112854,2.73333333184321,179,-0.2125,0,0,0,0,0,0,1,0,0,0,0,0,1,0,0,0,0,1,0,0,0,1,0,0,0,1,1,1,1,0,0,1,0,0,0,0,0,0,0,0,0,0,0,1,0,0,0,1,0,0,1,1,1,0,0,0,1,0,0,1,1,0,0,1,0,0,1,0,0,0,1,0,0,0,0,1,0,1,1,0,1,0,1,0
"birds_dec_1_MB_SampleID_9",239934.050009616,6887110.93000952,1982,750.358139038086,3.55833328266939,151,0.43,0,0,0,0,0,1,1,0,0,0,0,0,0,0,0,1,1,1,0,0,0,1,0,0,0,1,1,1,1,1,0,1,0,0,0,0,0,1,1,0,1,0,1,1,0,0,0,1,0,0,1,0,1,0,0,1,1,0,0,1,0,1,0,1,1,0,1,0,0,1,0,0,0,1,0,1,0,0,1,0,1,1,1,0
"birds_dec_1_MB_SampleID_10",259926.020003735,6887111.0100072,1986,818.301414489746,2.58333341777325,273,0.503333333333333,1,0,0,0,0,1,1,0,0,0,0,0,0,0,1,0,1,1,0,1,0,1,0,0,1,1,1,1,1,1,0,1,0,0,0,1,0,0,0,0,0,0,1,1,1,0,0,0,0,0,1,0,1,0,1,1,1,0,0,0,1,0,1,1,0,0,1,0,0,1,0,0,0,1,0,1,0,0,0,0,1,0,1,1
"birds_dec_1_MB_SampleID_11",269922.000003406,6887111.06000834,1986,784.190434455872,2.4833334038655,272,0.503333333333333,0,0,0,0,0,1,1,0,0,0,0,0,0,0,0,1,1,1,0,0,0,0,0,0,0,1,1,1,1,0,0,0,0,1,0,0,0,0,0,0,1,0,1,1,0,0,0,0,0,0,1,0,1,0,0,1,1,0,0,0,1,0,1,1,0,0,1,0,0,1,0,0,0,1,0,0,0,0,0,0,1,0,0,0
"birds_dec_1_MB_SampleID_12",239934.000001686,6897106.91000457,1981,944.704928398132,2.62499996523062,184,-0.2125,0,0,0,1,0,1,1,0,0,0,0,0,1,0,1,1,0,1,0,1,0,1,1,0,0,1,1,1,1,1,1,1,1,1,0,0,1,1,1,0,1,1,1,1,0,0,0,1,0,0,1,0,1,0,1,1,1,0,0,1,1,0,0,1,0,0,1,0,0,1,1,1,0,1,1,0,0,0,1,0,1,0,1,0
"birds_dec_1_MB_SampleID_13",239934.000005193,6897106.91000799,1982,735.32211112976,3.45833337306976,150,0.43,0,0,0,0,0,0,1,0,0,0,0,0,0,0,0,0,0,1,0,0,0,0,0,0,0,1,1,1,1,0,0,1,0,1,0,0,0,1,1,0,1,0,0,1,0,0,0,1,0,0,1,1,1,0,0,0,0,0,0,1,1,0,0,1,0,0,1,0,0,0,1,1,0,0,0,0,0,0,1,0,1,0,1,0
"birds_dec_1_MB_SampleID_14",249929.990007419,6897106.96000431,1986,806.265089988709,2.4583334326744,118,0.503333333333333,1,0,0,0,0,1,1,0,0,0,0,0,0,0,1,1,0,1,0,0,0,1,0,1,0,1,1,1,1,1,0,1,0,0,0,1,1,0,0,0,1,1,1,1,1,0,0,1,0,0,1,0,1,0,0,1,1,0,0,0,0,0,0,1,0,0,1,0,0,1,0,0,0,1,1,1,0,0,1,0,0,0,1,0
"birds_dec_1_MB_SampleID_15",259925.980005412,6897107.00000726,1986,791.702893257141,2.43333339691162,118,0.503333333333333,1,0,0,0,0,1,1,1,1,0,0,1,0,0,1,1,0,1,0,1,0,1,0,0,0,0,1,1,1,1,0,1,1,1,1,0,0,1,1,0,1,1,1,1,1,1,0,1,0,0,1,0,1,0,1,1,1,0,0,1,0,0,1,1,1,0,1,0,1,1,0,0,0,1,1,1,1,0,1,0,1,0,1,1
"birds_dec_1_MB_SampleID_16",229937.850000788,6937090.82000822,1981,1013.85189819336,2.51666661600272,169,-0.2125,0,0,0,0,1,1,1,0,0,0,0,0,0,0,0,0,1,1,0,1,1,1,1,1,1,1,0,1,1,0,1,1,1,0,0,0,1,0,0,0,1,1,1,1,1,0,1,1,1,0,1,1,1,1,0,0,1,1,1,1,0,0,1,0,0,0,1,1,0,1,0,1,0,0,0,0,0,1,1,0,1,1,0,1
"birds_dec_1_MB_SampleID_17",229937.850003779,6937090.82000178,1982,696.876943588257,3.47499995927016,129,0.43,0,0,0,0,1,1,1,0,0,0,0,0,0,0,1,0,1,1,0,1,0,1,0,1,0,1,0,1,0,0,1,1,1,0,0,0,1,1,0,0,1,1,1,1,1,0,1,1,1,0,1,1,1,1,0,0,1,1,0,1,0,0,1,0,0,0,1,1,0,1,1,0,0,0,0,1,0,0,1,0,1,1,0,1
"birds_dec_1_MB_SampleID_18",229937.850004085,6937090.82000866,1983,832.054482221603,3.90833328167597,128,0.31,0,0,0,0,1,1,1,0,0,0,0,0,0,0,1,0,1,1,0,0,1,0,0,1,1,1,1,1,0,0,0,1,1,0,0,0,1,1,0,0,0,0,1,1,1,0,0,1,1,0,0,1,1,0,0,0,1,0,1,1,0,0,1,0,0,0,1,1,0,1,1,0,0,0,0,0,0,0,0,0,1,1,0,1
"birds_dec_1_MB_SampleID_19",229937.850002457,6937090.82000633,1984,946.735094070435,4.10833330452442,137,0.2475,0,0,0,0,1,1,1,0,0,0,0,0,1,0,1,1,1,1,0,1,0,0,1,1,1,0,1,1,0,0,1,0,1,0,0,0,1,1,0,0,0,0,1,1,1,0,0,1,1,0,1,1,1,1,0,0,0,0,0,1,0,0,1,0,0,1,1,1,0,1,0,0,0,0,0,0,0,0,1,1,1,1,0,1
"birds_dec_1_MB_SampleID_20",229937.850003731,6937090.82000195,1985,669.270832061768,1.17500016093253,158,-0.183333333333333,0,0,0,0,1,0,1,1,0,0,0,0,1,0,1,0,1,1,0,0,0,0,0,1,1,1,0,1,0,0,1,0,1,0,0,0,1,0,0,0,0,0,1,1,1,0,1,1,1,0,0,1,1,1,0,0,1,0,1,0,0,0,1,0,0,0,1,1,0,1,0,0,0,0,0,0,0,0,1,0,1,0,0,1
"birds_dec_1_MB_SampleID_21",229937.850000017,6937090.82000123,1986,720.600576400757,2.63333335518838,101,0.503333333333333,0,0,0,0,1,0,1,0,0,0,0,0,0,0,1,0,1,0,1,0,0,1,0,1,1,1,0,1,0,0,0,1,1,0,0,0,1,1,1,0,0,1,0,1,1,0,0,1,1,0,1,1,1,1,0,0,1,1,1,0,0,0,1,0,0,0,1,1,0,1,1,1,0,0,0,0,0,0,1,0,1,1,0,1
"birds_dec_1_MB_SampleID_22",279917.740000081,6947087.01000905,1978,459.798470020294,1.82499992350738,141,0.3175,0,0,0,0,1,1,1,0,0,0,0,0,0,0,0,0,0,0,0,0,0,0,0,0,0,0,0,0,0,0,0,1,0,0,0,0,0,0,0,0,0,0,1,0,0,0,0,0,0,0,0,0,0,0,0,1,0,0,0,0,0,0,0,0,0,0,0,0,0,0,0,0,0,0,0,0,0,0,0,0,0,0,0,0
"birds_dec_1_MB_SampleID_23",279917.740007641,6947087.01000219,1987,632.506976604462,1.14166669050853,152,-0.1225,0,0,0,0,0,1,1,0,0,0,0,0,0,0,0,0,1,0,0,0,0,0,0,0,0,0,0,0,0,1,0,0,0,0,0,1,0,0,0,0,0,0,1,0,0,1,0,0,0,0,0,0,0,0,0,1,0,0,0,0,0,0,1,0,0,0,0,0,0,0,0,0,0,0,0,0,0,0,0,0,0,0,0,0
"birds_dec_1_MB_SampleID_24",309905.690005496,6947087.13000415,1986,725.670560359955,2.39166657129924,115,0.503333333333333,0,0,0,0,0,1,1,0,0,0,0,0,0,0,0,0,0,1,0,0,0,0,0,0,0,0,0,0,0,0,0,0,0,0,0,0,0,0,0,0,0,0,1,0,1,1,0,0,0,0,0,0,0,0,0,1,0,0,0,0,0,0,0,0,0,0,0,0,0,0,0,0,0,1,0,1,0,0,0,0,0,0,0,1
"birds_dec_1_MB_SampleID_25",329897.660000447,6947087.2100015,1985,614.767314910889,0.608333354194956,189,-0.183333333333333,0,0,0,0,1,1,1,0,1,0,0,1,0,0,1,0,1,1,0,0,1,0,0,0,0,0,0,1,0,0,0,1,1,0,0,0,0,0,0,0,1,1,1,1,1,1,0,0,0,0,0,0,1,0,0,1,0,0,0,0,0,0,1,0,0,0,1,0,0,0,0,0,0,1,0,1,0,0,0,0,0,1,0,1
"birds_dec_1_MB_SampleID_26",239933.750002351,6957082.83000294,1985,612.378438949585,0.983333423733713,159,-0.183333333333333,0,0,0,0,1,0,1,1,0,0,0,0,0,0,1,1,1,1,1,1,0,1,0,1,1,1,1,1,0,1,0,0,1,0,0,0,1,0,0,0,1,1,0,1,1,0,1,1,0,0,0,1,1,0,0,0,1,0,1,1,0,0,1,0,0,0,1,0,0,0,0,0,0,0,0,0,0,0,1,0,1,0,0,1
"birds_dec_1_MB_SampleID_27",239933.750007301,6957082.83000821,1986,633.001163005829,2.49999996026358,96,0.503333333333333,0,0,1,0,1,0,1,0,0,0,0,0,0,0,1,1,1,0,1,1,1,1,0,1,1,1,1,1,0,0,0,1,1,0,0,0,1,1,0,0,1,1,0,1,1,0,0,1,0,0,0,1,1,0,0,0,1,0,0,1,0,0,1,0,1,0,1,0,0,1,0,1,0,0,0,1,0,0,1,0,1,1,0,1
"birds_dec_1_MB_SampleID_28",239933.750004758,6957082.83000881,1987,550.068895339966,1.30833334724109,157,-0.1225,0,0,1,0,1,0,1,0,0,0,0,0,0,0,1,0,1,1,1,0,0,1,0,1,1,1,1,1,0,0,0,0,1,0,0,0,1,1,0,0,0,1,0,1,1,0,0,1,0,0,1,1,1,1,0,0,1,0,1,1,0,0,1,0,1,0,1,0,0,1,0,1,0,0,0,1,0,0,1,0,1,1,0,0
"birds_dec_1_MB_SampleID_29",279917.700003734,6957083.0000004,1985,541.604452133178,0.975000051160654,163,-0.183333333333333,0,0,0,1,1,0,1,1,0,0,0,0,0,0,1,0,1,1,1,1,1,1,0,1,1,1,1,1,1,0,1,0,1,0,0,0,0,1,1,0,0,1,1,1,1,0,1,1,1,0,0,0,1,1,0,0,1,1,1,1,0,0,1,1,1,0,1,1,0,1,0,0,0,0,1,0,0,0,1,0,0,0,0,1
"birds_dec_1_MB_SampleID_30",279917.700008445,6957083.00000637,1986,683.551012992859,2.59999991953373,94,0.503333333333333,0,0,0,0,1,0,1,1,0,0,0,0,0,0,1,0,1,1,1,0,1,1,0,1,1,1,1,1,0,0,0,0,1,0,0,1,1,0,0,0,0,1,1,1,1,0,1,1,1,0,1,0,1,1,0,0,1,0,1,0,0,0,1,1,1,0,1,1,1,1,0,0,0,1,0,0,0,0,0,0,1,1,0,1
"birds_dec_1_MB_SampleID_31",289913.68000942,6957083.04000146,1985,564.867809295654,0.924999932448061,167,-0.183333333333333,0,0,0,0,0,1,1,0,1,0,0,0,0,0,0,0,0,1,0,0,0,0,0,0,0,0,0,0,0,0,0,1,0,0,0,0,0,0,0,0,0,0,1,0,0,0,0,0,0,0,0,0,0,0,0,1,0,0,0,0,0,0,0,0,0,0,0,0,0,0,0,0,0,1,0,1,0,0,0,0,0,0,0,0
"birds_dec_1_MB_SampleID_32",299909.67000461,6957083.08000712,1987,656.908049583435,0.941666742165887,163,-0.1225,0,0,0,0,0,1,0,0,0,0,0,1,0,0,0,0,0,0,0,0,0,0,0,0,0,0,0,1,0,1,0,0,0,0,0,0,0,0,0,0,0,1,1,1,0,0,0,0,0,0,0,0,0,0,0,0,0,0,0,0,0,0,0,0,1,0,0,0,0,0,0,0,0,1,0,0,0,0,0,0,0,0,0,1
"birds_dec_1_MB_SampleID_33",289913.640005167,6967079.02000722,1985,583.867303848266,0.925000039239732,154,-0.183333333333333,0,0,0,0,1,1,1,0,0,0,0,0,0,1,0,0,0,0,0,0,0,0,0,1,0,0,0,0,0,0,0,0,0,0,0,0,0,0,0,0,0,0,1,0,1,1,0,0,0,0,0,0,1,0,0,1,0,0,0,0,0,0,1,0,0,0,0,0,0,0,0,0,0,1,0,0,0,0,0,0,0,0,0,1
"birds_dec_1_MB_SampleID_34",299909.630006239,6967079.06000621,1978,501.040382385254,1.75833337195218,148,0.3175,0,0,0,0,1,1,0,0,0,0,0,1,0,0,0,0,0,0,0,0,0,0,0,0,0,0,0,0,0,1,0,0,0,0,0,0,0,0,0,0,0,0,1,0,0,0,0,0,0,0,0,0,0,0,0,0,0,0,0,0,0,0,0,0,0,0,0,0,0,0,0,0,0,1,0,0,0,0,0,0,0,0,0,0
"birds_dec_1_MB_SampleID_35",299909.630005306,6967079.06000885,1986,719.999272346497,2.46666664381821,97,0.503333333333333,0,0,0,0,1,1,1,0,0,0,0,0,0,0,0,0,1,1,0,0,0,0,0,0,1,0,0,0,0,1,0,0,0,0,1,0,0,0,0,0,0,0,1,0,1,1,0,0,0,0,0,0,0,0,0,1,0,0,0,0,0,0,0,0,0,0,0,0,0,0,0,0,0,0,0,0,0,0,0,0,0,0,0,1
"birds_dec_1_MB_SampleID_36",299909.630000847,6967079.06000764,1987,622.498879671097,0.950000047683713,164,-0.1225,0,0,0,0,0,1,0,0,0,0,0,1,0,0,0,0,0,0,0,0,0,0,0,0,0,0,0,0,0,1,0,0,0,0,0,0,0,0,0,0,0,0,1,0,0,0,0,0,0,0,0,0,0,0,0,1,0,0,0,0,0,0,0,0,0,0,0,0,0,0,0,0,0,1,1,0,0,0,0,0,0,0,0,1
"birds_dec_1_MB_SampleID_37",419861.420008539,6967079.54000404,1982,578.848789215088,2.49166666467985,166,0.43,0,0,0,0,0,1,1,0,0,0,0,0,1,0,1,1,1,1,0,0,1,1,0,0,0,1,1,1,1,0,0,0,0,0,0,0,1,1,1,0,0,0,1,1,0,0,0,1,0,0,1,1,1,0,1,0,1,0,1,1,1,0,0,1,0,0,1,0,0,1,0,1,0,1,1,1,0,0,1,0,1,1,1,0
"birds_dec_1_MB_SampleID_38",709744.700005046,6967080.6500035,1987,928.31413078308,-0.258333421001839,181,-0.1225,0,0,1,0,1,0,1,0,0,0,0,0,0,0,1,0,1,0,1,0,0,0,0,1,1,1,1,1,0,1,0,0,1,1,0,0,0,0,0,0,0,1,0,0,1,0,1,1,1,0,1,0,1,1,0,1,0,1,1,1,1,0,0,1,0,1,1,1,0,1,0,0,0,0,0,0,0,0,1,0,1,1,0,0
"birds_dec_1_MB_SampleID_39",319901.560005796,6977075.1300077,1987,713.241641998291,0.708333293596902,159,-0.1225,1,0,1,0,1,1,1,1,0,0,0,0,0,0,0,1,1,1,0,1,1,1,0,1,1,0,1,1,1,1,0,1,1,0,0,1,1,0,0,0,1,1,1,1,1,0,0,1,1,0,1,1,1,1,0,1,1,0,1,0,1,0,1,1,1,0,1,1,0,1,1,0,0,1,0,0,0,0,1,0,1,1,0,0
"birds_dec_1_MB_SampleID_40",719740.600005864,6987072.63000827,1984,770.227220535278,2.6666667262713,169,0.2475,0,0,1,0,1,1,1,1,0,0,0,1,1,1,1,1,1,1,1,1,0,1,1,0,0,1,1,1,1,1,0,1,1,0,0,0,1,1,1,0,1,0,1,1,1,1,0,1,0,0,1,1,1,0,1,1,1,0,1,1,1,0,1,1,1,1,1,0,0,1,1,1,1,1,1,1,0,1,1,0,1,1,1,1
"birds_dec_1_MB_SampleID_41",719740.600000738,6987072.63000293,1985,723.683717727661,-0.366666575272878,189,-0.183333333333333,0,0,0,0,0,1,1,1,0,0,0,0,0,0,1,1,0,1,0,1,0,1,1,0,0,1,1,1,1,1,0,0,1,0,0,0,1,1,0,0,1,1,1,1,1,1,0,1,0,1,1,0,1,0,1,1,1,0,1,1,1,0,1,1,1,0,1,0,0,1,0,1,0,1,1,0,0,0,1,0,1,1,1,1
"birds_dec_1_MB_SampleID_42",679756.680009101,6997068.45000407,1983,937.084547042846,2.25833336512248,183,0.31,0,0,1,1,0,1,1,1,0,0,0,1,1,0,0,1,1,1,0,1,1,1,0,0,0,1,1,1,1,1,0,1,0,1,1,0,1,1,0,1,1,1,1,1,1,1,0,1,0,0,1,1,1,0,0,1,1,0,1,1,1,0,1,1,1,0,1,0,0,1,0,1,0,1,1,1,0,1,1,0,1,1,1,1
"birds_dec_1_MB_SampleID_43",679756.680002356,6997068.4500015,1984,787.030124664306,2.76666676998138,172,0.2475,0,0,0,0,0,1,1,1,0,0,1,1,1,0,1,1,1,1,0,1,0,1,1,0,0,1,1,1,1,1,0,1,1,1,0,1,1,0,1,1,1,1,1,1,1,1,0,1,0,0,1,1,1,0,0,1,1,1,0,1,1,0,1,1,1,0,1,0,1,1,1,1,1,1,1,1,0,1,1,0,1,1,1,1
"birds_dec_1_MB_SampleID_44",679756.680002262,6997068.45000255,1987,963.556816101074,-0.433333389461036,183,-0.1225,1,0,0,0,0,0,1,1,0,0,0,0,0,0,0,1,0,1,0,0,0,1,0,0,0,0,1,1,1,0,0,1,0,0,1,0,1,1,0,0,0,1,1,1,0,0,0,0,0,0,1,0,1,0,0,0,1,0,0,0,0,0,0,1,0,0,1,0,0,0,0,0,0,1,0,0,0,0,0,0,1,0,1,0
"birds_dec_1_MB_SampleID_45",689752.650009346,6997068.49000925,1983,947.859086990356,2.32500008742015,182,0.31,0,0,1,1,0,0,1,1,0,0,0,0,0,0,0,1,1,1,0,0,0,1,0,0,0,1,1,1,1,0,0,0,0,0,0,0,1,0,1,0,0,1,0,1,0,1,0,1,0,0,1,0,1,0,0,0,1,0,0,0,1,0,0,0,1,0,1,0,0,1,0,0,0,0,0,0,0,0,1,0,1,0,0,0
"birds_dec_1_MB_SampleID_46",689752.650003415,6997068.49000099,1984,776.788887023925,2.83333331346512,172,0.2475,0,0,0,0,0,1,1,1,0,0,0,1,0,0,0,1,1,1,0,1,0,1,0,0,0,1,1,1,1,1,0,1,1,0,0,0,0,0,1,0,1,0,1,1,1,1,0,1,0,0,1,0,1,0,0,1,0,0,0,1,1,1,1,1,0,0,1,0,0,1,1,0,1,1,1,0,0,0,1,0,1,1,1,1
"birds_dec_1_MB_SampleID_47",279917.500002489,7007062.92000907,1985,459.90313243866,0.683333377043402,168,-0.183333333333333,0,0,0,0,1,0,1,0,0,0,0,0,0,0,1,1,1,1,0,0,0,0,0,1,1,1,1,1,0,1,0,1,0,0,1,0,0,0,0,0,1,1,0,0,1,1,0,1,0,0,1,0,1,1,0,0,1,0,0,1,0,0,0,0,0,0,1,0,0,1,0,0,0,0,0,0,0,0,1,0,1,1,0,0
"birds_dec_1_MB_SampleID_48",279917.500001455,7007062.92000326,1986,595.500138998032,2.39166663587094,97,0.503333333333333,1,0,0,0,1,1,1,0,0,0,0,0,0,0,1,1,1,1,1,1,1,1,0,1,1,1,1,1,1,0,1,0,1,0,0,0,1,0,0,0,1,1,0,1,1,0,1,1,1,0,1,1,1,1,0,0,1,0,1,0,1,1,1,1,1,0,1,0,0,1,1,0,0,1,1,0,0,0,1,0,1,1,1,1
"birds_dec_1_MB_SampleID_49",379877.340002486,7007063.3100064,1982,602.244265556335,2.34166665375232,171,0.43,1,0,1,1,0,1,1,1,0,1,0,1,1,0,0,1,0,1,0,1,0,1,0,0,0,1,1,1,1,1,1,1,1,1,0,0,1,1,0,1,1,1,1,1,1,0,0,1,0,0,1,0,1,0,0,1,1,0,0,1,1,0,0,1,1,0,1,0,0,1,0,0,0,1,1,1,0,0,1,0,1,1,1,1
"birds_dec_1_MB_SampleID_50",379877.340009004,7007063.31000249,1983,838.861610889435,2.66666664679846,174,0.31,0,0,1,1,0,1,1,1,0,0,0,0,1,0,0,1,1,1,0,1,0,1,0,0,0,1,1,1,1,1,1,1,1,1,1,0,1,1,0,1,1,1,1,1,1,0,1,1,0,0,1,0,1,0,1,0,1,0,0,1,1,0,0,1,1,0,1,0,0,1,1,1,0,1,1,1,0,0,1,0,1,1,1,1
"birds_dec_1_MB_SampleID_51",389873.320008651,7007063.34000781,1982,597.179273605347,2.33333331843216,168,0.43,1,0,0,1,0,1,1,0,0,0,0,0,0,0,0,1,1,1,0,1,1,1,0,0,0,1,1,1,1,1,0,1,1,1,0,0,1,1,1,0,1,1,1,1,0,0,0,1,0,0,1,0,1,0,0,1,1,1,0,1,1,0,1,1,1,0,1,1,0,1,0,1,0,1,1,1,0,0,1,0,1,1,1,0
"birds_dec_1_MB_SampleID_52",679756.640008144,7007064.42000517,1984,798.599842071533,2.69166668256123,174,0.2475,0,0,0,1,0,1,1,1,0,0,0,0,1,0,0,1,1,1,0,1,1,1,1,0,1,1,1,1,1,1,0,1,0,1,0,0,1,1,1,0,1,1,1,1,0,1,0,1,0,1,1,0,1,0,0,1,1,1,0,1,1,0,1,1,1,0,1,0,0,1,1,0,0,1,1,1,0,0,1,0,1,1,1,1
"birds_dec_1_MB_SampleID_53",379877.300004113,7017059.29000972,1982,568.790919303894,2.34166669348875,165,0.43,1,0,0,1,0,1,1,1,0,0,0,0,1,0,0,0,1,1,0,0,0,1,0,0,0,1,1,1,1,1,0,1,1,0,1,0,1,1,1,1,1,1,1,1,0,0,0,1,0,0,1,0,1,0,0,0,1,1,1,1,1,0,1,1,1,0,1,0,0,1,0,0,0,1,1,1,0,0,1,0,1,1,1,0
"birds_dec_1_MB_SampleID_54",379877.300004967,7017059.29000425,1983,818.39927482605,2.67499989271165,174,0.31,0,0,0,0,0,1,1,1,0,0,0,0,1,0,0,1,1,1,0,0,0,1,1,0,0,1,1,1,1,1,1,1,1,1,0,1,1,1,0,1,1,1,1,1,0,1,0,1,0,0,1,0,1,0,0,0,1,0,0,1,1,0,1,1,1,0,1,0,0,1,0,1,0,1,1,1,0,0,1,0,1,1,1,1
"birds_dec_1_MB_SampleID_55",389873.2800004,7017059.33000456,1982,580.615411758423,2.3500000089407,168,0.43,1,0,1,1,0,1,1,1,0,0,0,0,0,0,0,1,1,1,0,1,0,1,1,1,0,0,1,1,1,1,0,1,1,1,0,0,1,0,0,0,1,1,1,1,0,0,0,1,0,0,1,0,1,0,0,0,1,0,0,0,1,0,1,1,1,0,1,0,0,1,0,0,0,1,1,0,0,0,1,0,1,1,1,0
"birds_dec_1_MB_SampleID_56",659764.660004742,7017060.32000944,1979,692.057340621948,1.81666676700116,198,0.135,1,0,1,0,0,1,1,0,0,0,0,1,0,0,0,0,1,1,0,0,0,1,0,0,0,0,1,1,1,1,0,0,0,1,0,1,0,0,0,0,1,0,1,1,1,1,1,0,0,0,1,0,1,0,0,1,0,0,0,0,0,1,1,1,0,0,0,0,0,1,0,0,1,1,0,0,0,0,1,0,0,1,0,1
"birds_dec_1_MB_SampleID_57",339893.330009565,7027055.12000831,1981,1026.9209318161,1.91666662320495,197,-0.2125,0,0,0,0,0,1,1,0,0,0,0,1,0,1,0,0,0,0,0,0,0,0,0,1,0,0,0,0,0,1,0,1,0,0,0,0,0,0,0,0,0,0,1,0,1,1,0,0,0,0,0,0,0,0,0,1,0,0,0,0,0,0,0,0,0,0,0,1,0,0,0,0,0,1,1,1,1,0,0,0,0,0,0,1
"birds_dec_1_MB_SampleID_58",339893.330003369,7027055.1200007,1982,598.4825258255,2.65000008543333,175,0.43,0,0,0,0,0,1,1,0,0,0,1,1,0,0,0,0,0,0,0,0,0,0,0,0,0,0,0,0,0,1,0,1,0,0,0,0,0,0,0,0,0,0,1,0,1,1,0,0,0,0,0,0,0,0,0,1,0,0,0,0,0,0,0,0,0,0,0,0,0,0,0,0,0,1,0,0,1,0,0,0,0,0,0,1
"birds_dec_1_MB_SampleID_59",339893.330002865,7027055.12000908,1983,835.521326541901,3.00833342472712,172,0.31,0,0,0,0,0,1,1,0,0,0,1,1,0,0,0,0,0,0,0,0,0,0,0,0,0,0,0,0,0,0,0,1,0,0,0,0,0,0,0,0,0,0,1,0,1,0,0,0,0,0,0,0,0,0,0,1,0,0,0,0,0,0,0,0,0,0,0,0,0,0,0,0,0,1,0,0,1,0,0,0,0,0,0,1
"birds_dec_1_MB_SampleID_60",339893.330002513,7027055.12000859,1984,720.94848060608,3.4916667143504,156,0.2475,0,0,0,0,0,1,1,0,0,0,0,1,0,0,0,0,0,0,0,0,0,0,0,0,0,0,0,0,0,0,0,1,0,0,0,0,0,0,0,0,0,0,1,0,1,0,0,0,0,0,0,0,0,0,0,1,0,0,0,0,0,0,0,0,0,0,0,0,0,0,0,0,1,1,0,1,1,0,0,0,0,0,0,1
"birds_dec_1_MB_SampleID_61",339893.330007561,7027055.12000866,1985,607.941846847534,0.425000141064327,184,-0.183333333333333,0,0,0,0,0,1,1,0,0,0,0,1,0,0,0,0,0,0,0,0,0,0,0,0,0,0,0,0,0,1,0,1,0,0,0,0,0,0,0,0,0,0,1,0,1,1,0,0,0,0,0,0,0,0,0,1,0,0,0,0,0,0,0,0,0,0,0,0,0,0,0,0,0,1,0,0,1,0,0,0,0,0,0,1
"birds_dec_1_MB_SampleID_62",339893.33000617,7027055.12000513,1986,690.383207321167,2.06666662916541,277,0.503333333333333,0,0,0,0,0,1,1,0,0,0,1,1,0,0,0,0,0,0,0,0,0,0,0,0,0,0,0,0,0,1,0,0,0,0,0,0,0,0,0,0,0,0,1,0,1,1,0,0,0,0,0,0,0,0,0,1,0,0,0,0,0,0,0,0,0,0,0,0,0,0,0,0,0,1,0,0,1,0,0,0,0,0,0,1
"birds_dec_1_MB_SampleID_63",339893.33000342,7027055.12000487,1987,880.597912788392,0.616666764020922,169,-0.1225,0,0,0,0,0,1,1,0,0,0,1,1,0,0,0,0,0,0,0,0,0,0,0,0,0,0,0,0,0,0,0,0,0,0,0,0,0,0,0,0,0,0,1,0,1,1,0,0,0,0,0,0,0,0,0,1,0,0,0,0,0,0,0,0,0,0,0,0,0,0,0,0,0,1,0,0,1,0,0,0,0,0,0,1
"birds_dec_1_MB_SampleID_64",429857.130004274,7037051.44000048,1987,794.236309051513,0.349999974171331,169,-0.1225,1,0,1,0,1,0,1,0,0,0,0,0,0,0,1,0,1,1,1,1,1,0,0,1,1,1,1,1,0,0,1,0,1,0,0,0,1,0,0,0,0,1,0,1,1,0,1,1,0,0,1,1,1,1,0,0,1,1,1,1,0,0,1,1,0,1,1,0,0,1,0,1,0,0,0,0,0,0,1,0,1,1,0,1
"birds_dec_1_MB_SampleID_65",629776.670007861,7037052.16000922,1987,766.542678833008,-0.525000000993411,187,-0.1225,0,0,1,0,1,1,1,0,0,0,0,0,1,0,1,0,1,1,1,1,0,1,0,1,1,1,0,1,0,1,1,1,1,0,0,0,1,0,0,0,1,1,1,1,1,0,0,1,1,0,1,1,1,1,0,0,1,1,1,1,1,0,1,0,0,0,1,1,0,1,0,1,0,1,1,1,0,0,1,1,1,1,1,1
"birds_dec_1_MB_SampleID_66",559804.810005129,7047047.88000707,1984,776.76385307312,2.68333333730698,172,0.2475,0,0,0,1,0,1,1,0,0,0,0,0,0,0,0,0,1,1,0,1,0,1,0,0,0,1,1,1,1,1,0,1,0,0,0,0,0,1,0,0,1,1,1,1,1,1,0,1,0,0,1,0,1,0,0,1,1,0,0,0,1,0,0,1,1,0,1,0,0,0,0,0,0,1,1,0,0,0,1,0,1,1,0,1
"birds_dec_1_MB_SampleID_67",559804.780007975,7057043.86000021,1984,802.888416290283,2.59999992450077,173,0.2475,1,0,1,1,0,1,1,1,0,0,0,1,1,0,1,1,1,1,0,1,0,1,0,0,0,1,1,1,1,1,0,1,1,1,1,1,1,1,1,0,1,1,1,1,0,1,0,1,0,0,1,0,1,0,1,1,1,0,1,1,1,0,1,1,1,0,1,0,0,1,1,1,0,1,1,1,0,0,1,1,1,1,1,1
"birds_dec_1_MB_SampleID_68",609784.620008645,7067040.01000321,1987,785.660351753235,-0.658333341280616,181,-0.1225,0,0,0,0,0,0,1,1,0,0,0,0,0,0,1,0,1,1,0,1,1,0,1,1,1,1,1,1,1,0,0,1,1,0,0,0,0,0,0,0,1,0,1,1,0,1,0,1,0,0,1,0,1,1,0,0,1,1,1,0,0,0,0,1,0,0,1,0,0,1,0,0,0,1,0,1,0,0,1,0,1,1,0,0
"birds_dec_1_MB_SampleID_69",589792.630000437,7077035.92000966,1983,915.90871810913,1.79166662693024,198,0.31,0,0,0,1,0,1,1,0,0,0,0,0,1,0,0,1,0,1,0,1,0,1,0,0,0,1,1,1,1,0,0,1,0,0,0,0,1,1,0,0,0,0,0,1,0,0,0,1,0,0,1,1,1,0,1,0,1,1,1,1,1,0,0,1,1,0,1,0,0,0,1,1,0,1,1,1,0,1,0,0,1,0,1,0
"birds_dec_1_MB_SampleID_70",599788.610005314,7077035.95000769,1983,906.688468933106,1.79166662693024,198,0.31,1,0,0,1,0,0,1,1,0,1,0,0,1,0,1,1,1,1,0,0,0,1,1,0,0,1,1,1,1,1,0,1,1,0,0,0,1,1,0,0,0,1,1,1,0,0,0,1,0,1,1,1,1,0,1,0,1,1,1,1,1,0,0,1,0,0,1,0,0,1,1,1,0,1,1,1,0,1,1,0,1,0,1,0
"birds_dec_1_MB_SampleID_71",599788.610002609,7077035.95000801,1984,764.48896408081,2.4166667064031,172,0.2475,1,0,0,0,0,0,1,0,0,0,0,0,1,0,0,1,0,1,0,1,0,1,0,0,0,1,1,1,1,1,0,0,0,0,0,1,1,1,0,0,1,1,1,1,0,0,1,1,0,0,1,1,1,0,1,0,1,1,1,1,1,0,1,1,1,0,1,0,0,1,0,0,0,1,1,1,0,1,1,0,1,1,1,0
"birds_dec_1_MB_SampleID_72",449848.920001812,7087031.41000186,1978,490.875711560249,0.583333238959309,182,0.3175,0,0,1,0,1,0,1,0,0,0,0,0,0,0,0,0,1,1,0,0,1,1,0,1,0,0,0,1,1,0,1,0,1,0,0,0,0,1,0,0,1,1,1,0,1,1,0,1,0,0,0,0,1,1,0,1,0,0,0,0,0,0,1,0,1,0,1,0,0,1,0,0,0,1,0,1,0,0,1,0,0,1,0,1
"birds_dec_1_MB_SampleID_73",589792.600008772,7087031.89000752,1984,771.814079284668,2.40833342075348,171,0.2475,0,0,0,0,0,1,1,0,0,0,0,0,0,0,0,0,0,1,0,1,0,1,0,0,1,0,0,1,1,1,0,0,0,1,0,0,0,1,0,0,1,1,1,1,0,1,1,0,0,0,1,0,1,0,0,0,0,0,0,0,0,0,1,0,0,0,0,0,0,1,0,0,0,1,1,0,0,0,1,0,1,1,0,0
"birds_dec_1_MB_SampleID_74",599788.570009246,7087031.93000591,1983,925.181356430054,1.70833331346511,193,0.31,0,0,0,0,0,0,1,0,0,0,0,0,0,0,0,0,0,1,0,0,0,1,0,0,0,1,1,1,1,0,0,0,0,0,0,0,1,1,0,0,0,0,0,1,0,0,0,0,0,0,1,1,1,0,1,0,1,0,0,1,1,0,0,1,0,0,1,0,0,0,1,0,0,1,0,1,0,0,0,0,1,0,1,0
"birds_dec_1_MB_SampleID_75",599788.570006151,7087031.93000248,1984,761.864986419677,2.3833333849907,171,0.2475,0,0,0,1,0,1,1,0,0,0,0,0,0,0,0,1,0,1,0,1,0,1,0,0,0,1,1,1,1,0,0,0,0,0,0,1,0,1,0,0,1,1,1,1,0,0,0,1,0,0,1,1,1,0,1,0,1,1,1,0,1,0,1,1,0,0,1,0,0,1,0,0,0,1,1,1,0,1,1,0,1,1,1,1
"birds_dec_1_MB_SampleID_76",659764.420005791,7087032.13000199,1984,837.814018249512,2.13333328564962,187,0.2475,0,0,0,0,0,1,1,1,0,0,0,0,0,0,0,0,0,1,0,0,0,1,0,0,0,1,1,1,1,0,0,1,0,0,0,0,1,1,0,0,0,0,1,1,0,0,0,0,0,1,1,0,1,0,0,0,1,0,1,0,0,0,0,1,0,0,1,0,0,0,1,0,0,1,1,1,0,0,1,0,1,1,1,1
"birds_dec_1_MB_SampleID_77",289913.160004354,7097026.83000792,1980,466.896863937378,2.80833334227404,168,-0.4125,1,0,0,1,0,1,0,0,0,0,0,0,0,0,0,0,1,0,0,1,1,0,0,0,0,0,0,1,1,1,0,0,1,0,1,0,0,0,0,0,0,1,0,0,0,0,1,1,0,0,0,0,1,1,0,0,0,0,1,0,0,0,0,0,0,0,1,0,0,1,0,0,0,0,0,0,1,0,0,0,0,1,0,0
"birds_dec_1_MB_SampleID_78",459844.860000113,7097027.42000549,1978,497.524591565132,0.483333319425573,190,0.3175,1,0,1,0,1,1,1,0,0,0,0,0,0,0,1,0,1,1,0,1,1,1,0,1,1,1,1,1,1,0,0,0,1,0,1,0,0,0,0,0,1,1,1,1,1,0,0,1,0,0,1,1,1,0,0,1,1,0,1,1,0,0,1,0,1,0,1,1,0,1,0,0,0,0,0,1,0,0,1,0,1,1,1,1
"birds_dec_1_MB_SampleID_79",649768.410008476,7097028.07000458,1985,676.80605506897,-1.15833330154418,198,-0.183333333333333,0,0,0,0,0,0,1,0,0,0,0,0,0,0,0,0,0,1,0,1,0,0,0,0,0,1,1,1,1,1,0,1,0,0,0,0,0,0,0,0,1,1,1,0,0,0,0,0,0,0,1,0,1,0,0,0,1,1,0,0,0,0,0,1,0,0,1,0,0,0,0,0,0,0,0,0,0,0,1,0,1,0,0,0
"birds_dec_1_MB_SampleID_80",659764.380004277,7097028.10000226,1984,837.273069381715,2.10000004371008,188,0.2475,1,0,0,0,0,1,1,1,0,0,0,0,1,0,0,1,0,1,0,0,0,1,0,0,0,1,1,1,1,1,0,1,1,0,0,0,1,1,1,0,0,0,1,1,0,0,0,0,0,1,1,1,1,0,1,0,1,1,1,1,1,0,1,1,0,0,1,0,0,0,1,1,0,1,1,1,0,1,1,0,1,1,1,1
"birds_dec_1_MB_SampleID_81",659764.380008046,7097028.10000999,1985,670.046769142151,-1.26666657129923,201,-0.183333333333333,1,0,0,0,0,1,1,0,0,0,0,0,1,0,0,1,0,1,0,0,0,1,1,0,0,1,1,1,1,1,0,1,0,1,0,0,0,1,1,0,1,1,1,1,0,0,1,0,0,0,1,1,1,0,1,1,1,1,1,1,0,0,1,1,0,0,1,0,0,0,1,1,0,1,1,1,0,0,1,0,1,0,1,0
"birds_dec_1_MB_SampleID_82",449848.850006802,7107023.37000141,1978,492.449402332306,0.400000105301532,180,0.3175,1,0,1,0,1,1,1,0,0,0,0,0,0,0,0,1,1,1,0,0,0,1,1,1,1,0,1,1,1,0,0,0,1,0,0,0,0,1,0,0,1,1,1,0,1,0,0,1,0,0,0,1,1,0,0,0,1,0,1,0,0,0,1,0,1,0,1,0,0,1,0,0,0,0,0,1,0,0,1,0,1,1,0,1
"birds_dec_1_MB_SampleID_83",549808.630000934,7107023.71000041,1981,1118.59046173096,0.974999924500795,211,-0.2125,0,0,1,0,1,0,1,0,0,0,0,0,0,0,1,0,1,1,1,1,0,1,0,1,1,1,1,1,1,0,0,0,0,1,0,0,0,0,0,0,1,1,1,1,1,0,1,1,0,0,1,1,1,1,0,0,1,0,1,1,0,0,1,1,1,1,1,1,0,1,1,1,0,1,1,0,0,0,1,0,1,1,0,1
"birds_dec_1_MB_SampleID_84",549808.630009641,7107023.71000548,1982,844.105079650878,1.51666660606861,196,0.43,1,0,1,0,1,1,1,0,0,0,0,0,0,0,1,0,1,1,0,1,0,1,0,1,1,1,1,1,1,1,0,0,0,1,0,0,0,1,0,0,1,1,0,1,1,0,1,1,0,0,0,1,1,1,0,0,1,0,1,0,0,0,1,1,1,1,1,0,0,1,0,0,0,0,1,0,0,0,1,0,1,1,0,0
"birds_dec_1_MB_SampleID_85",549808.630009817,7107023.71000765,1983,1070.99142837524,1.82499992847443,205,0.31,1,0,1,0,1,0,1,0,0,0,0,0,0,0,1,0,1,1,1,0,0,1,0,1,1,1,1,1,1,1,1,0,0,0,0,0,0,1,0,0,1,0,0,1,1,0,0,1,0,0,1,1,1,1,0,0,1,0,0,0,1,0,0,1,0,0,1,1,0,1,0,0,0,1,0,0,0,0,1,1,1,1,0,0
"birds_dec_1_MB_SampleID_86",549808.630001077,7107023.71000686,1984,960.771718978881,2.4583332935969,187,0.2475,0,0,1,0,1,0,1,0,0,0,0,0,1,0,1,0,1,0,0,1,0,1,0,1,1,1,1,1,1,0,0,0,0,0,0,0,0,1,1,0,0,0,0,0,1,0,0,1,0,0,1,0,1,1,0,0,1,1,1,1,1,0,0,1,1,0,1,0,0,1,0,1,0,0,0,0,0,0,1,1,1,1,1,0
"birds_dec_1_MB_SampleID_87",549808.630006456,7107023.71000129,1985,712.761940002441,-0.841666569312412,202,-0.183333333333333,0,0,1,0,1,0,1,0,0,0,0,0,0,0,1,0,1,1,0,1,1,0,0,1,1,1,1,1,1,0,0,0,0,0,0,0,0,1,1,0,1,1,0,1,1,0,0,1,0,0,1,1,1,1,0,0,0,1,1,0,1,0,0,1,1,0,1,0,0,1,0,1,0,0,1,0,0,0,1,0,1,1,0,1
"birds_dec_1_MB_SampleID_88",549808.630002039,7107023.71000361,1986,862.059108734131,0.900000159939131,125,0.503333333333333,1,0,1,0,0,0,1,0,0,0,0,0,1,0,1,0,1,1,1,1,0,1,0,1,1,1,1,1,1,0,0,0,0,0,0,0,0,1,1,0,1,1,0,1,1,0,0,1,0,0,0,1,1,1,0,0,1,1,1,1,1,0,1,1,1,0,1,0,0,1,0,1,0,0,1,1,0,0,1,0,1,1,0,0
"birds_dec_1_MB_SampleID_89",549808.630003328,7107023.71000946,1987,864.504741668702,-0.575000032782552,184,-0.1225,0,0,1,0,0,0,1,0,0,0,0,0,0,0,1,0,1,0,1,1,0,1,0,1,0,1,1,1,1,0,1,0,1,0,0,0,0,1,1,0,0,1,0,1,1,0,0,1,0,0,1,1,1,1,0,0,1,1,0,0,1,0,0,1,1,1,1,0,1,1,0,1,0,0,0,0,0,0,1,1,1,1,0,0
"birds_dec_1_MB_SampleID_90",409864.820009214,7137011.17000669,1987,696.294916152954,0.0333333114782941,176,-0.1225,1,0,1,0,1,1,1,0,0,0,0,0,0,0,1,0,1,1,1,1,0,0,0,1,1,0,1,1,1,1,0,1,1,0,0,0,1,1,1,0,1,1,1,1,1,1,0,1,1,0,1,0,1,1,0,0,1,0,1,0,1,0,1,0,1,0,1,1,0,1,0,0,0,1,0,0,0,0,1,0,1,1,0,1
"birds_dec_1_MB_SampleID_91",449848.750006945,7137011.31000264,1985,636.188758850097,-0.399999996026364,175,-0.183333333333333,1,0,0,0,0,1,1,0,0,0,1,1,0,0,0,1,1,1,0,0,0,0,0,0,0,1,1,1,1,1,0,1,0,0,0,0,0,0,0,0,1,0,1,1,1,0,0,0,0,0,1,0,1,0,0,0,1,0,0,0,0,0,1,1,0,0,1,0,0,0,0,0,0,1,1,0,0,0,1,0,1,0,0,0
"birds_dec_1_MB_SampleID_92",459844.730009057,7137011.340007,1985,660.780897140503,-0.516666620969768,176,-0.183333333333333,0,0,0,0,1,1,1,0,0,0,0,1,0,0,0,1,1,1,0,0,0,0,0,0,0,0,1,1,1,1,0,1,0,1,0,0,0,1,0,1,1,0,1,1,1,1,0,0,0,0,0,0,1,0,0,1,0,0,0,0,0,0,1,0,1,0,1,0,0,0,0,0,0,1,1,0,0,0,1,0,0,0,0,1
"birds_dec_1_MB_SampleID_93",619780.360001318,7137011.86000764,1987,765.451025009155,-0.950000072518997,185,-0.1225,1,0,0,0,0,0,1,0,0,0,0,0,0,0,0,0,1,0,1,1,0,0,0,1,0,0,0,1,1,1,0,0,0,0,0,0,0,0,0,0,0,0,1,1,0,0,0,1,0,0,1,1,1,1,0,0,1,0,1,0,0,0,0,1,0,0,1,0,0,1,0,1,0,0,0,0,0,0,1,0,1,1,0,0
"birds_dec_1_MB_SampleID_94",459844.690008807,7147007.32000487,1985,686.517928123474,-0.583333253860467,176,-0.183333333333333,0,0,0,0,0,1,1,0,1,0,1,1,0,0,0,0,1,1,0,0,0,1,0,0,0,0,1,1,1,1,0,1,0,1,1,0,0,0,0,0,1,0,1,1,1,1,0,0,0,0,0,0,1,0,0,1,1,0,0,0,0,0,1,1,1,0,1,0,0,1,0,0,0,1,1,0,0,0,1,0,1,0,1,1
"birds_dec_1_MB_SampleID_95",389872.790002925,7157003.07000381,1987,564.493914604187,0.166666666666656,161,-0.1225,1,0,1,0,0,0,1,0,0,0,0,0,0,0,0,0,1,1,0,0,0,0,0,0,0,0,1,1,1,1,0,1,0,0,1,0,1,1,0,0,0,1,1,1,1,0,0,1,0,0,1,0,1,0,0,1,1,1,0,0,1,0,1,1,1,0,1,0,0,1,0,0,0,1,1,0,0,1,1,0,1,1,0,0
"birds_dec_1_MB_SampleID_96",469840.640002559,7157003.3300092,1985,722.414865493774,-0.725000033775974,176,-0.183333333333333,1,0,0,0,0,0,1,1,0,0,0,0,0,0,1,1,1,1,0,0,0,1,0,0,0,0,1,1,1,0,0,0,1,1,0,0,1,1,0,0,1,0,0,1,0,0,0,0,0,1,1,0,1,0,0,0,1,0,1,0,0,0,0,0,1,0,1,0,0,0,1,0,0,1,1,0,0,0,0,0,1,0,1,0
"birds_dec_1_MB_SampleID_97",539812.460005276,7166999.53000862,1984,843.372631072999,1.96666658918062,176,0.2475,1,0,0,0,0,0,1,0,0,0,0,0,1,0,1,0,0,1,0,0,0,1,0,0,0,1,1,1,1,0,1,0,0,0,0,0,0,1,0,0,0,0,0,1,0,0,0,0,0,1,1,1,1,0,0,0,1,1,1,1,1,0,0,1,0,0,1,0,0,0,1,1,0,0,1,1,0,1,1,0,1,1,1,0
"birds_dec_1_MB_SampleID_98",549808.430008737,7166999.57000471,1984,869.796768188476,1.8666667342186,176,0.2475,1,0,0,0,0,1,1,1,0,0,0,0,1,0,1,0,0,1,0,0,0,0,0,0,0,1,1,1,1,0,0,0,0,0,1,0,0,1,0,0,0,0,1,1,0,0,0,0,0,1,1,1,1,0,1,0,1,1,1,1,1,0,0,1,0,0,1,0,0,0,1,1,0,0,0,1,0,1,1,0,1,1,1,0
"birds_dec_1_MB_SampleID_99",549808.43000228,7166999.57000726,1985,660.196720123291,-1.46666649977366,200,-0.183333333333333,1,0,0,0,0,0,1,0,0,0,0,0,0,0,1,0,0,1,0,0,0,1,0,0,0,1,1,1,1,1,0,0,0,1,0,0,0,1,0,0,1,0,0,0,0,0,0,1,0,0,1,0,1,0,1,0,1,0,1,1,0,0,0,1,0,0,1,0,0,0,1,0,0,1,0,0,0,0,0,0,1,0,0,0
"birds_dec_1_MB_SampleID_100",389872.730004719,7176995.04000715,1979,643.389141082764,2.1583333114783,178,0.135,1,0,0,0,0,1,1,0,0,0,0,0,0,0,1,0,1,1,0,1,0,1,0,1,0,1,1,1,1,0,1,1,0,0,0,0,1,1,0,0,1,1,0,1,0,0,0,1,0,0,1,1,1,0,0,0,1,0,1,0,1,0,0,0,0,0,1,0,0,1,0,0,0,1,0,0,0,0,1,0,1,0,1,0
"birds_dec_1_MB_SampleID_101",389872.730007729,7176995.0400014,1980,443.146402359009,1.4333332379659,178,-0.4125,1,0,0,0,0,1,1,0,0,0,0,0,0,0,1,0,0,1,0,1,0,1,0,1,0,1,1,1,1,1,1,0,1,1,0,0,1,0,0,1,1,1,1,1,0,0,1,1,0,0,1,1,1,0,0,0,1,0,1,0,0,1,0,1,0,0,1,0,0,1,0,0,0,1,1,1,0,0,1,1,1,0,1,1
"birds_dec_1_MB_SampleID_102",389872.73000747,7176995.04000841,1981,834.155310630799,1.19166672229767,187,-0.2125,0,0,1,1,0,1,1,0,0,0,0,0,0,0,1,0,0,1,0,1,0,1,0,1,1,1,1,1,1,1,0,1,0,1,0,0,1,1,0,0,0,1,1,1,1,0,1,1,0,0,1,1,1,0,0,0,1,1,1,1,1,1,0,0,0,0,1,0,0,1,0,0,0,1,1,1,0,0,1,0,1,1,1,1
"birds_dec_1_MB_SampleID_103",389872.730001065,7176995.04000499,1982,501.59218120575,2.52499999602635,166,0.43,1,0,0,1,0,1,1,0,0,0,0,1,0,0,1,1,0,1,0,1,0,1,0,1,1,1,1,1,1,0,0,1,1,1,0,0,0,1,0,0,0,1,1,1,1,0,1,1,0,0,1,1,1,0,0,0,1,1,0,1,1,1,0,1,1,0,1,1,0,1,0,0,0,1,1,1,0,0,1,1,1,1,0,1
"birds_dec_1_MB_SampleID_104",419860.670008492,7176995.13000339,1987,701.78402519226,0.133333375056583,163,-0.1225,1,0,1,1,1,1,1,0,0,0,0,0,0,0,1,1,1,1,1,0,1,0,0,1,1,1,1,1,1,1,0,1,1,0,0,1,0,0,0,0,1,1,1,1,1,0,1,1,1,0,1,1,1,1,0,0,1,0,1,0,0,0,1,1,1,0,1,1,1,1,0,0,0,1,1,1,1,0,1,0,1,1,1,1
"birds_dec_1_MB_SampleID_105",519820.470001714,7176995.45000373,1987,848.104167938233,-0.908333301544194,185,-0.1225,1,0,0,0,0,0,1,0,0,0,0,0,0,0,0,0,1,1,1,1,0,0,0,0,0,1,1,1,1,0,0,0,0,0,0,0,0,1,0,0,0,1,0,1,1,0,0,1,0,0,1,0,1,0,0,0,1,0,1,0,0,0,0,1,0,0,1,0,0,0,0,0,0,1,1,1,0,0,1,0,1,0,0,0
"birds_dec_1_MB_SampleID_106",539812.420008126,7176995.51000317,1984,820.000310897827,1.95000001788138,176,0.2475,1,0,0,0,0,1,1,0,0,0,0,0,0,0,1,0,0,1,0,0,0,0,1,0,0,1,1,1,1,0,0,0,0,0,0,0,0,1,0,0,0,0,1,1,0,0,0,0,0,0,1,0,1,0,1,0,0,0,1,1,0,0,1,1,0,0,1,0,0,0,0,0,0,1,0,1,0,1,1,0,1,1,0,0
"birds_dec_1_MB_SampleID_107",539812.420002653,7176995.51000523,1985,676.225004196167,-1.42499991257985,199,-0.183333333333333,1,0,0,0,0,1,1,0,0,0,0,0,1,0,0,0,0,1,0,0,1,1,0,0,0,1,1,1,1,1,0,0,1,0,0,0,1,1,0,0,1,0,1,1,0,0,0,1,0,1,1,1,1,0,1,0,1,1,1,1,0,0,0,1,0,0,1,0,0,0,1,0,0,1,1,0,0,1,1,0,1,1,1,0
"birds_dec_1_MB_SampleID_108",409864.660001277,7186991.08000905,1980,452.803343296051,1.37499990065894,179,-0.4125,0,1,0,0,1,0,1,1,0,0,0,0,0,0,1,0,1,1,0,1,0,0,0,1,1,1,1,1,0,1,0,0,1,0,1,0,1,0,0,0,0,0,0,1,1,0,0,1,0,0,1,1,1,0,0,0,1,0,1,1,0,0,1,1,1,0,1,0,0,0,0,0,0,1,1,0,0,0,0,0,1,0,0,0
"birds_dec_1_MB_SampleID_109",409864.660001037,7186991.08000151,1984,614.940445423126,2.94166653354964,158,0.2475,0,0,0,0,1,0,1,0,0,0,0,0,0,0,1,0,1,1,0,1,0,0,0,1,0,1,1,1,1,0,0,0,1,1,0,0,0,0,0,0,0,0,0,1,1,0,0,1,0,0,1,1,1,1,0,0,0,0,1,0,1,0,0,1,0,0,0,0,0,1,0,0,0,0,1,1,0,0,0,0,0,1,0,0
"birds_dec_1_MB_SampleID_110",409864.660003952,7186991.080007,1985,571.471851348877,-0.150000055630996,170,-0.183333333333333,0,0,0,0,0,0,1,0,0,0,0,0,0,0,1,0,1,1,0,1,0,0,0,1,1,1,1,1,1,1,0,0,0,0,0,0,0,0,0,0,0,1,0,1,1,0,0,1,0,0,0,1,1,0,0,0,1,0,1,0,0,0,0,0,0,0,0,0,0,1,0,0,0,1,0,0,0,0,1,0,1,0,1,0
"birds_dec_1_MB_SampleID_111",409864.660000373,7186991.08000276,1987,650.493735313415,0.308333190778895,162,-0.1225,1,0,0,0,1,1,0,0,0,0,0,0,0,0,1,0,1,1,0,1,0,0,0,1,1,0,1,1,0,1,1,0,1,0,0,0,0,0,0,0,0,0,0,1,1,0,0,1,0,0,1,1,1,1,0,0,1,0,1,0,1,0,0,1,0,0,0,0,0,1,0,0,0,1,1,1,0,0,1,0,1,0,0,0
"birds_dec_1_MB_SampleID_112",419860.640009064,7186991.11000483,1984,619.391929626465,3.06666671236356,155,0.2475,0,0,1,0,1,1,0,0,1,0,0,1,0,0,0,0,1,0,1,0,0,0,0,1,1,0,0,0,0,1,0,0,1,0,0,0,0,0,0,0,0,1,1,0,1,0,1,0,1,0,0,0,1,0,0,0,0,0,0,0,0,0,1,0,1,0,0,1,0,0,0,0,0,1,0,0,1,0,0,0,0,1,0,1
"birds_dec_1_MB_SampleID_113",419860.640006574,7186991.11000104,1985,576.067899703979,-0.0666665782531168,169,-0.183333333333333,0,0,1,0,1,1,0,0,0,0,0,1,0,0,0,0,1,0,1,0,0,0,0,1,1,0,0,0,0,1,0,0,1,0,0,0,0,0,0,0,0,1,1,0,1,0,1,0,1,0,0,0,1,1,0,0,0,0,0,0,0,0,1,0,1,0,0,1,0,0,0,0,0,1,0,0,1,0,0,0,0,0,0,1
"birds_dec_1_MB_SampleID_114",449848.590007429,7186991.21000241,1982,530.330516815186,1.93333321623505,168,0.43,1,0,1,0,0,0,1,0,0,0,0,0,0,0,1,0,0,1,1,0,0,0,0,1,0,0,0,1,1,1,0,0,1,0,0,0,0,1,0,0,0,0,0,1,1,0,1,1,0,0,0,0,1,0,0,0,0,0,0,0,0,0,0,1,1,0,1,0,0,1,0,0,0,1,1,0,0,0,1,0,1,1,0,0
"birds_dec_1_MB_SampleID_115",449848.590007733,7186991.21000091,1983,763.730853796005,2.0833334128062,173,0.31,0,0,0,0,0,1,1,0,0,0,0,0,0,0,0,0,0,0,0,1,0,0,0,0,0,0,1,1,1,0,0,0,0,0,0,0,0,0,0,0,0,1,1,1,0,0,1,0,0,0,0,0,1,0,0,0,0,0,0,0,0,0,0,1,1,0,1,0,0,0,0,0,0,0,0,0,0,0,1,0,1,0,0,0
"birds_dec_1_MB_SampleID_116",449848.590009639,7186991.21000506,1984,691.107621192932,2.79166658719381,148,0.2475,1,0,0,0,0,1,1,0,0,0,0,0,0,0,0,0,0,1,1,1,0,1,0,1,0,0,1,1,1,0,0,0,0,0,0,0,0,0,0,0,1,0,1,1,1,0,0,1,0,0,1,0,1,0,0,0,0,1,0,0,1,0,0,1,1,0,0,0,0,0,0,0,0,0,1,1,0,0,1,0,1,0,1,0
"birds_dec_1_MB_SampleID_117",449848.590009505,7186991.21000028,1985,621.946109771728,-0.325000027815507,169,-0.183333333333333,0,0,0,0,0,1,1,0,0,0,0,0,0,0,1,0,0,1,0,1,0,1,0,1,0,0,1,1,0,0,0,0,0,0,0,0,0,0,0,0,1,0,1,1,1,0,0,1,0,0,0,0,1,0,0,0,0,0,0,0,0,0,0,1,1,0,1,0,0,0,0,0,0,0,1,0,0,0,1,0,1,0,0,0
"birds_dec_1_MB_SampleID_118",459844.570002287,7186991.24000217,1979,785.769863128662,1.58333331346512,207,0.135,1,1,1,1,1,1,1,1,1,1,1,1,1,1,1,1,1,1,0,1,0,1,1,0,0,1,1,1,1,1,1,1,1,0,1,0,1,1,1,1,1,1,1,1,1,1,0,0,0,1,1,1,1,0,1,1,1,1,1,1,1,1,1,1,1,1,1,0,1,1,1,1,1,1,1,1,0,0,1,0,1,1,1,1
"birds_dec_1_MB_SampleID_119",459844.57000303,7186991.24000156,1980,660.708332061767,0.858333309491476,182,-0.4125,1,0,1,0,1,1,1,1,1,1,1,1,1,1,1,1,1,1,0,1,1,1,1,0,0,1,1,1,1,1,1,1,1,0,1,0,1,1,0,1,1,0,1,1,1,1,0,0,0,1,1,0,1,0,0,1,1,1,1,1,1,0,1,1,1,1,1,0,0,1,1,0,0,1,1,0,0,0,1,0,1,1,1,1
"birds_dec_1_MB_SampleID_120",459844.570003676,7186991.24000079,1981,975.759349822999,0.900000040729835,203,-0.2125,1,0,0,0,0,1,1,1,0,0,0,1,0,0,1,1,1,1,0,0,0,1,0,0,0,1,1,1,1,1,0,1,1,1,1,0,0,1,0,1,1,1,1,1,1,1,0,1,0,0,1,0,1,0,0,1,1,0,1,1,0,1,1,0,1,1,1,0,0,1,0,0,0,1,1,0,0,0,1,0,1,1,0,1
"birds_dec_1_MB_SampleID_121",459844.570002438,7186991.24000006,1982,574.327939033508,1.69166663475334,184,0.43,1,1,1,1,1,1,1,1,1,0,1,1,1,1,1,1,1,1,0,1,0,1,1,1,0,1,1,1,1,1,1,1,1,1,1,1,1,1,0,1,1,1,1,1,1,1,1,1,0,1,1,1,1,0,1,1,1,1,1,1,1,1,1,1,1,1,1,1,0,1,1,1,1,1,1,1,0,0,1,0,1,1,0,1
"birds_dec_1_MB_SampleID_122",459844.570008877,7186991.24000918,1983,834.545259475709,1.86666663487753,186,0.31,1,1,1,1,1,1,1,1,1,0,1,1,1,1,1,1,1,1,0,1,1,1,0,0,0,1,1,1,1,1,1,1,1,1,1,0,1,1,0,1,1,1,1,1,1,1,1,1,0,1,1,1,1,0,0,1,1,1,1,1,1,0,1,1,1,1,1,1,0,1,1,1,1,1,1,1,0,0,1,0,1,1,0,1
"birds_dec_1_MB_SampleID_123",459844.570001309,7186991.24000512,1984,723.809745788575,2.60833324988683,154,0.2475,1,1,1,1,1,1,1,1,1,0,1,1,1,1,1,1,1,1,0,0,0,1,0,0,1,1,1,1,1,1,0,1,1,1,1,0,0,1,0,1,1,1,1,1,1,1,1,1,0,0,1,0,1,0,0,1,1,1,1,1,1,0,1,1,1,1,1,0,0,1,0,1,1,1,1,1,0,0,1,0,1,0,0,1
"birds_dec_1_MB_SampleID_124",459844.570007381,7186991.24000559,1985,610.480495452881,-0.491666575272876,177,-0.183333333333333,0,0,1,0,0,1,1,0,0,0,1,1,0,1,1,1,1,1,0,0,0,1,1,0,0,1,1,1,1,1,0,1,0,1,1,0,0,1,1,1,1,1,1,1,1,1,1,1,0,1,1,0,1,0,0,1,1,0,1,0,1,0,1,1,1,0,1,0,0,0,0,1,1,1,1,0,0,0,1,0,1,0,1,1
"birds_dec_1_MB_SampleID_125",459844.570009948,7186991.24000534,1986,609.42249584198,1.04166662444673,111,0.503333333333333,1,1,1,1,1,1,1,1,1,1,1,1,1,1,1,1,1,1,0,1,0,1,1,1,1,1,1,1,1,1,1,1,1,1,0,1,1,1,1,1,1,1,1,1,1,1,1,1,0,1,1,1,1,0,0,1,1,1,1,1,1,1,1,1,1,1,1,0,1,1,1,1,1,1,1,1,0,0,1,0,1,1,1,1
"birds_dec_1_MB_SampleID_126",459844.570008811,7186991.24000349,1987,773.339549064637,-0.374999935428296,172,-0.1225,1,0,0,0,0,1,1,0,0,0,0,1,0,0,1,0,0,1,0,0,1,1,1,0,0,1,1,1,1,1,1,1,1,1,1,0,0,1,0,1,1,1,1,1,0,1,1,1,0,0,1,0,1,0,0,1,0,0,1,0,0,0,1,1,1,0,1,0,0,0,0,1,0,1,1,0,0,0,1,0,1,0,1,1
"birds_dec_1_MB_SampleID_127",529816.420005108,7186991.46000511,1987,821.032358169556,-0.966666628917064,185,-0.1225,1,0,1,0,0,1,1,1,0,0,0,0,0,1,1,1,1,1,0,1,1,1,0,0,0,0,1,1,1,1,0,0,1,0,0,0,0,0,0,0,0,0,1,1,1,1,1,1,0,0,1,0,1,1,0,1,1,0,0,0,0,0,1,1,1,0,1,0,0,1,0,1,0,1,1,0,0,0,1,0,1,1,0,0
"birds_dec_1_MB_SampleID_128",449848.550000066,7196987.19000039,1982,539.033829689026,1.80000004358589,183,0.43,1,0,0,0,0,1,0,0,1,0,1,1,0,1,0,0,1,1,0,0,0,0,0,0,0,0,0,1,0,1,0,0,1,0,0,0,0,0,0,1,1,0,1,0,1,1,0,0,0,0,0,0,1,0,0,1,0,0,0,0,0,0,0,0,1,0,0,0,0,0,0,0,0,1,1,0,0,0,0,0,0,0,0,1
"birds_dec_1_MB_SampleID_129",449848.550004795,7196987.19000032,1983,789.876633167267,1.95000014702479,186,0.31,0,0,0,0,1,1,0,0,0,0,0,1,0,0,0,0,0,0,0,0,0,0,0,0,0,0,0,0,0,1,0,0,1,0,0,0,0,0,0,1,0,0,1,0,1,1,0,0,0,0,0,0,0,0,0,1,0,0,0,0,0,0,0,0,1,0,0,0,0,0,0,0,0,1,1,0,0,0,0,0,0,0,0,0
"birds_dec_1_MB_SampleID_130",449848.550000149,7196987.19000317,1984,704.473912239075,2.57499994834264,156,0.2475,0,0,0,0,0,1,0,1,0,0,0,1,0,0,0,0,1,0,0,0,0,0,0,0,0,0,0,0,0,1,0,1,0,0,0,0,0,0,0,1,0,0,1,0,1,1,0,0,0,0,0,0,0,0,0,1,0,0,0,0,0,0,1,0,1,0,0,0,0,0,0,0,0,1,1,0,0,0,0,0,0,0,0,1
"birds_dec_1_MB_SampleID_131",449848.550002211,7196987.1900076,1985,611.958700180054,-0.516666670640305,177,-0.183333333333333,0,0,0,0,0,1,0,0,0,0,0,1,0,0,0,0,0,0,0,0,0,0,0,0,0,0,0,0,0,1,0,1,0,0,0,0,0,0,0,1,0,0,1,0,1,1,0,0,0,0,0,0,0,0,0,1,0,0,0,0,0,0,0,0,0,0,0,0,0,0,0,0,0,1,1,0,0,0,0,0,0,0,0,0
"birds_dec_1_MB_SampleID_132",389872.64000213,7206982.98000615,1987,612.209853172302,0.341666673620533,165,-0.1225,0,0,1,1,1,1,1,0,0,0,0,0,0,0,1,0,1,1,1,1,1,1,0,1,1,0,1,1,1,1,0,1,1,0,0,0,0,1,0,0,1,1,1,1,1,0,1,1,1,0,1,0,1,1,0,0,1,0,1,0,0,1,1,0,0,0,1,0,1,1,0,0,0,1,1,1,1,0,1,0,1,1,1,1
"birds_dec_1_MB_SampleID_133",429856.530007709,7216979.09000741,1987,670.544013977051,-0.10833346843718,167,-0.1225,1,0,1,1,1,1,1,0,0,0,0,1,0,0,1,0,1,1,0,1,1,1,0,1,1,0,1,1,0,1,1,0,1,0,0,0,1,0,0,0,0,1,1,1,1,1,0,1,0,0,1,1,1,1,0,0,1,0,1,0,0,1,0,1,1,0,1,0,0,1,1,0,0,1,1,1,1,0,1,0,1,1,0,1
"birds_dec_1_MB_SampleID_134",499828.390005316,7216979.30000848,1985,619.895053863526,-1.09999998410542,180,-0.183333333333333,1,0,0,0,0,1,1,0,0,0,0,1,0,0,0,0,1,1,0,0,0,0,0,0,0,0,0,1,1,1,0,1,0,0,0,0,0,1,0,1,1,0,1,1,1,1,0,0,0,0,1,0,1,0,0,1,0,0,0,0,0,0,1,0,1,0,1,0,0,0,0,0,1,1,1,0,0,0,1,0,1,0,0,1
"birds_dec_1_MB_SampleID_135",509824.37000858,7216979.33000912,1985,640.010322570801,-1.19166670242945,185,-0.183333333333333,1,0,0,1,0,1,1,1,0,0,1,1,1,1,0,1,1,1,0,1,0,1,1,0,0,1,1,1,1,1,0,1,1,1,1,1,1,1,1,1,1,1,1,1,1,1,0,1,0,1,1,1,1,0,1,1,1,1,1,1,1,0,1,1,1,0,1,0,0,1,1,1,1,1,1,1,0,0,1,0,1,1,1,1
"birds_dec_1_MB_SampleID_136",609784.100005978,7226975.60000688,1987,741.83479309082,-1.50833329558373,192,-0.1225,1,0,1,0,1,0,1,0,0,0,0,0,0,0,0,0,1,1,1,1,0,1,0,1,0,1,1,1,1,0,0,0,0,0,0,0,1,0,0,0,0,0,1,1,1,1,0,1,0,0,1,1,1,1,0,0,1,1,1,0,1,0,1,1,0,0,1,0,0,1,0,1,1,1,1,0,0,0,1,0,1,0,0,0
"birds_dec_1_MB_SampleID_137",369880.460007739,7276954.80000702,1978,439.683458328247,0.341666519641871,184,0.3175,1,0,0,1,0,1,0,0,0,0,0,0,0,0,0,0,1,0,0,0,0,0,0,0,0,1,0,1,1,1,0,0,0,0,0,0,0,0,0,0,0,1,0,0,0,0,1,0,0,0,0,0,1,0,0,0,0,0,0,0,0,0,0,0,1,0,0,0,0,0,0,0,0,0,0,0,1,0,1,0,0,1,0,0
"birds_dec_1_MB_SampleID_138",369880.460000925,7276954.80000931,1982,448.217564582825,2.16666668839753,171,0.43,1,0,0,0,0,1,0,0,0,0,0,0,0,0,0,0,1,0,0,0,0,0,0,0,0,0,0,1,1,1,0,0,0,0,1,0,0,0,0,0,0,1,0,0,0,0,1,0,0,0,0,0,1,0,0,0,0,0,0,0,0,0,0,0,1,0,0,0,0,0,0,0,0,0,0,0,1,0,0,0,0,0,0,0
"birds_dec_1_MB_SampleID_139",369880.460006171,7276954.80000671,1986,485.514410495758,1.16666666666665,118,0.503333333333333,1,0,1,1,0,1,1,0,0,0,0,1,0,0,0,0,1,0,0,1,0,0,0,1,0,0,0,1,1,1,0,0,1,1,1,0,0,0,0,0,1,1,1,1,1,0,1,1,0,0,0,0,1,0,0,0,0,0,0,0,0,0,0,0,1,0,0,0,0,1,0,0,0,0,0,0,1,0,1,0,0,1,0,0
"birds_dec_1_MB_SampleID_140",369880.460006226,7276954.80000962,1987,594.986936092377,0.09999991456668,171,-0.1225,0,0,0,0,0,0,0,0,0,0,0,0,0,0,0,0,0,0,0,0,0,0,0,0,0,0,0,0,0,0,0,0,0,0,0,0,0,0,0,0,0,1,0,0,0,0,0,0,0,0,0,0,0,0,0,0,0,0,0,0,0,0,0,0,0,0,0,0,0,0,0,0,0,0,0,0,1,0,0,0,0,0,0,0
"birds_dec_1_MB_SampleID_141",389872.430002167,7276954.86000728,1978,425.069557964802,0.108333388964331,182,0.3175,0,0,0,0,0,0,1,1,0,0,0,0,0,0,1,0,1,1,0,0,1,1,0,1,0,1,1,1,1,1,0,0,1,0,0,0,0,1,0,0,0,1,0,1,1,0,0,0,0,0,0,0,1,1,0,0,1,0,1,1,0,1,0,0,0,1,1,0,0,1,0,0,0,1,1,0,0,0,1,0,1,1,0,0
"birds_dec_1_MB_SampleID_142",409864.390001775,7276954.9200001,1981,904.963787078859,0.191666690011805,205,-0.2125,1,1,1,0,0,1,1,0,0,1,0,0,0,0,1,0,1,1,0,1,0,1,0,0,0,1,1,1,1,1,1,1,1,0,1,0,1,1,1,0,0,1,1,1,1,1,0,1,0,0,1,1,1,0,0,0,1,1,1,1,1,0,1,1,1,0,1,0,0,1,0,1,0,1,1,0,0,0,1,1,1,0,1,1
"birds_dec_1_MB_SampleID_143",509824.190000769,7276955.20000683,1987,716.425060749054,-1.23333344856897,182,-0.1225,1,0,1,0,0,1,1,0,0,0,0,0,0,0,1,1,1,1,0,0,1,0,0,0,0,0,1,1,1,1,0,0,1,0,1,0,0,1,0,1,1,1,1,1,1,1,0,0,0,0,1,0,1,1,0,1,1,0,1,0,0,1,1,1,1,0,1,0,0,0,0,0,0,1,0,0,0,0,1,0,1,0,0,0
"birds_dec_1_MB_SampleID_144",369880.440006205,7286950.79000199,1986,526.483256340027,1.11666671435039,118,0.503333333333333,0,0,1,1,0,1,1,0,0,0,0,1,0,0,0,0,1,1,0,1,0,0,0,0,0,0,0,1,0,1,0,0,0,0,1,0,0,0,0,0,1,1,0,1,1,0,1,1,0,0,0,0,1,0,0,0,0,0,0,0,0,1,0,0,1,0,0,0,0,1,0,0,0,0,0,0,1,0,1,0,1,1,0,0
"birds_dec_1_MB_SampleID_145",369880.440008616,7286950.79000357,1987,632.068327903748,0.00833328564962575,171,-0.1225,0,0,0,0,0,0,0,0,0,0,0,0,0,0,0,0,0,0,0,0,0,0,0,0,0,0,0,0,0,0,0,0,0,0,0,0,0,0,0,0,0,1,0,0,0,0,0,0,0,0,0,0,0,0,0,0,0,0,0,0,0,0,0,0,0,0,0,0,0,0,0,0,0,0,0,0,1,0,0,0,0,0,0,0
"birds_dec_1_MB_SampleID_146",379876.42000333,7286950.82000067,1986,524.351632118225,1.04166667660078,118,0.503333333333333,0,0,0,1,0,0,0,0,0,0,0,0,0,0,0,0,1,0,0,0,0,0,0,0,0,0,0,0,0,0,0,0,0,0,1,0,0,0,0,0,0,1,0,0,0,0,1,0,0,0,0,0,1,0,0,0,0,0,0,0,0,0,0,0,0,0,0,0,0,1,0,0,0,0,0,0,1,0,1,0,0,0,0,0
"birds_dec_1_MB_SampleID_147",389872.400008305,7286950.84000228,1979,594.937661170959,1.2500000745058,195,0.135,1,0,0,0,0,0,1,0,0,0,0,0,0,0,1,0,1,1,0,0,0,1,1,0,0,1,1,1,1,0,1,0,0,0,0,0,0,1,0,0,0,0,0,1,0,0,0,1,0,0,1,0,1,1,0,0,1,1,1,0,0,0,0,1,0,0,1,0,0,1,0,1,0,0,1,0,0,0,1,0,1,0,0,0
"birds_dec_1_MB_SampleID_148",399868.380003179,7286950.87000195,1981,776.817151069642,-0.13333341727654,214,-0.2125,0,0,0,0,0,1,0,0,0,0,0,1,0,0,0,0,0,0,0,0,0,0,0,0,0,0,0,0,0,1,0,0,0,0,0,0,0,0,0,0,0,0,1,0,1,0,0,0,0,0,0,0,0,0,0,0,0,0,0,0,0,0,1,0,1,0,0,0,0,0,0,0,0,1,1,0,0,0,0,0,0,0,0,1
"birds_dec_1_MB_SampleID_149",409864.370000503,7286950.90000355,1981,939.329916000366,-0.191666682561242,214,-0.2125,1,0,1,0,1,1,1,0,1,0,0,0,0,0,1,1,1,1,0,1,0,1,1,1,1,1,1,1,1,1,0,1,0,0,1,0,0,1,1,0,1,1,1,1,1,1,0,1,0,1,1,1,1,1,0,1,1,1,1,1,0,1,1,1,1,0,1,0,0,1,1,0,1,1,1,1,0,0,1,0,1,0,0,1
"birds_dec_1_MB_SampleID_150",419860.350003154,7286950.93000831,1981,1044.19170379639,-0.208333303531013,214,-0.2125,1,0,0,1,0,1,1,0,0,0,0,0,0,0,0,0,0,1,0,1,0,1,0,0,0,0,1,1,1,1,0,1,0,0,1,0,0,1,1,1,1,0,1,1,0,1,0,1,0,0,1,0,1,0,0,1,1,1,1,0,0,0,1,1,1,0,1,0,0,1,1,0,0,1,1,0,0,0,1,0,1,0,0,0
"birds_dec_1_MB_SampleID_151",419860.350005639,7286950.93000023,1987,766.627501487733,-0.675000006953878,179,-0.1225,1,0,0,0,0,1,1,0,0,0,1,1,0,0,0,1,0,1,0,1,0,1,0,0,0,0,1,1,1,1,0,1,0,1,0,0,0,0,1,1,1,0,1,1,1,0,0,0,0,0,1,0,1,0,0,0,1,0,0,0,0,0,0,0,1,0,1,0,0,0,0,0,0,1,1,0,0,0,0,0,1,0,0,0
"birds_dec_1_MB_SampleID_152",389872.370002738,7296946.83000304,1981,847.404893875123,-0.233333274722101,203,-0.2125,0,0,1,0,0,1,0,0,1,0,0,1,0,0,0,0,0,0,0,0,0,0,0,0,0,0,0,0,0,1,0,1,0,0,0,0,0,0,0,1,0,0,1,0,1,0,0,0,0,0,0,0,0,0,0,0,0,0,0,0,0,0,0,0,1,0,0,0,0,0,0,0,0,1,1,0,0,0,0,0,0,0,0,1
"birds_dec_1_MB_SampleID_153",399868.360004412,7296946.85000748,1984,790.857836723328,1.78333333134652,175,0.2475,0,0,0,0,1,1,1,0,0,0,1,1,0,0,0,0,0,0,0,0,0,0,0,0,0,0,0,0,0,1,0,1,0,0,0,0,0,0,0,1,0,0,1,0,1,1,0,0,0,0,0,0,0,0,0,1,0,0,0,0,0,0,0,0,1,0,0,0,0,0,0,0,0,1,0,0,0,0,0,0,0,0,0,1
"birds_dec_1_MB_SampleID_154",399868.360002432,7296946.85000198,1987,725.152572631836,-0.641666546463963,181,-0.1225,1,0,0,0,0,1,1,1,0,0,0,0,0,0,0,0,0,1,0,0,0,1,0,0,0,0,1,1,1,0,0,0,0,1,0,0,0,0,1,0,1,1,1,1,0,0,0,1,0,0,1,0,1,0,0,0,1,1,1,0,0,0,0,1,0,0,1,0,0,0,0,0,0,1,1,1,0,0,1,0,1,0,1,0
"birds_dec_1_MB_SampleID_155",409864.340009857,7296946.88000594,1987,750.326608657837,-0.816666593154273,180,-0.1225,1,1,1,0,1,1,1,1,0,1,1,1,1,0,0,1,1,1,0,1,0,1,1,1,0,1,1,1,1,1,1,1,0,1,1,0,0,1,1,1,1,1,1,1,1,1,0,1,0,0,1,0,1,0,0,1,1,1,1,1,1,0,1,1,1,0,1,0,0,1,1,0,1,1,1,0,1,0,1,0,1,0,1,1
"birds_dec_1_MB_SampleID_156",419860.320000227,7296946.91000189,1987,780.3663854599,-0.800000061591476,178,-0.1225,1,0,0,0,0,1,1,0,0,0,1,1,0,0,0,0,1,1,0,0,0,1,0,0,0,0,1,1,1,1,0,1,0,0,1,0,0,1,1,1,1,0,1,1,1,1,0,0,0,0,1,0,1,0,0,1,1,0,1,0,0,0,0,0,1,0,1,0,0,0,0,0,0,1,1,0,0,0,1,0,0,0,0,1
"birds_dec_1_MB_SampleID_157",429856.300001499,7296946.94000701,1984,858.233545303344,1.64166673024496,199,0.2475,0,0,0,0,0,1,0,0,0,0,1,1,0,0,0,0,0,0,0,0,0,0,0,0,0,0,0,0,0,1,0,1,0,0,0,0,0,0,0,1,0,0,1,0,1,1,0,0,0,0,0,0,1,0,0,1,0,0,0,0,0,0,0,0,1,0,0,0,0,0,0,0,1,1,1,0,0,0,0,0,0,0,0,1
"birds_dec_1_MB_SampleID_158",409864.310002849,7306942.86000057,1987,791.530550956726,-0.816666791836426,175,-0.1225,1,0,1,0,1,1,1,0,0,1,0,0,0,0,1,0,1,1,0,0,1,1,0,1,0,0,1,1,1,1,0,0,0,0,0,0,0,0,1,0,1,1,1,1,1,0,0,1,0,0,1,0,1,1,0,0,1,0,1,0,1,0,1,1,1,0,1,0,0,1,0,1,1,1,1,1,0,0,1,0,1,1,1,0
"birds_dec_1_MB_SampleID_159",399868.300002649,7316938.820001,1982,649.084335327149,1.17499989767869,211,0.43,1,0,1,0,0,1,1,0,1,0,0,1,0,0,1,1,1,1,0,1,0,1,0,0,0,0,1,1,1,1,0,1,0,1,0,0,0,1,0,1,1,0,1,1,1,1,0,0,0,0,1,0,1,0,0,0,1,1,0,0,1,0,1,0,1,0,1,0,0,0,0,0,1,1,1,0,0,0,1,0,1,0,0,1
"birds_dec_1_MB_SampleID_160",429856.25000888,7316938.90000603,1982,655.859692573547,0.81666661302249,218,0.43,1,0,0,0,0,0,1,0,0,0,0,0,0,0,0,0,0,1,0,0,0,0,0,0,0,0,1,1,1,1,0,0,0,0,0,0,0,1,0,0,0,0,1,1,0,0,0,1,0,0,1,0,1,0,0,0,1,0,0,0,0,0,1,1,1,0,1,0,0,0,0,0,0,1,1,0,0,0,1,0,1,0,0,0
"birds_dec_1_MB_SampleID_161",429856.250002003,7316938.90000736,1983,905.385544776917,0.77499999602636,198,0.31,1,0,0,0,0,0,1,0,0,1,0,0,0,0,0,1,1,1,0,1,0,0,0,0,0,1,1,1,1,1,0,0,0,0,0,0,0,1,0,0,0,0,1,1,0,0,0,1,0,0,1,0,1,0,0,0,1,1,1,0,0,0,1,1,1,0,1,0,0,0,0,0,0,1,1,0,0,0,1,0,1,0,1,0
"birds_dec_1_MB_SampleID_162",429856.250001665,7316938.90000818,1984,885.267509460449,1.40833335618179,203,0.2475,1,0,0,0,0,1,1,0,0,0,0,0,0,0,0,0,0,1,0,0,0,1,0,0,0,0,1,1,1,1,0,0,0,1,0,0,0,1,0,0,0,0,1,1,0,0,0,0,0,0,1,0,1,0,0,0,0,0,1,0,0,0,0,1,0,0,1,0,0,0,0,0,0,1,1,0,0,0,1,0,1,0,0,0
"birds_dec_1_MB_SampleID_163",429856.250001012,7316938.90000072,1985,737.089532852172,-1.70833323399226,207,-0.183333333333333,0,0,0,0,0,1,1,0,0,0,1,1,0,0,0,0,1,1,0,0,0,0,0,0,0,0,1,1,1,1,0,1,0,0,0,0,0,0,0,1,1,0,1,1,1,1,0,0,0,0,1,0,1,0,0,1,0,0,0,0,0,0,0,0,1,0,1,0,0,0,0,0,1,1,1,0,0,0,1,0,1,0,0,1
"birds_dec_1_MB_SampleID_164",429856.250009737,7316938.9000077,1986,707.147386074067,0.133333255847299,129,0.503333333333333,0,0,0,0,0,1,1,0,0,0,0,0,1,0,0,0,0,1,0,0,0,0,0,0,0,0,1,1,1,1,0,1,0,0,0,0,0,1,0,0,0,0,1,1,1,0,0,1,0,0,1,0,1,0,0,0,1,1,0,0,0,0,0,1,0,0,1,0,0,0,0,0,0,1,1,0,0,0,1,0,1,0,1,0
"birds_dec_1_MB_SampleID_165",389872.290007434,7326934.77000275,1981,885.647243499756,-0.608333242436246,212,-0.2125,1,0,0,0,0,0,1,1,0,0,0,0,1,0,1,1,1,1,0,0,0,1,1,0,0,1,1,1,1,0,0,0,0,1,0,0,0,1,0,0,0,0,0,1,0,0,0,1,0,0,1,1,1,0,0,0,1,1,1,1,0,1,0,1,0,0,1,0,0,1,1,1,0,0,0,0,0,1,1,0,1,1,1,0
"birds_dec_1_MB_SampleID_166",389872.290003169,7326934.77000866,1983,804.630490303039,1.02500005563101,187,0.31,0,0,0,0,0,0,1,1,0,1,0,0,1,0,1,1,1,0,0,0,0,1,0,1,0,1,1,1,1,0,0,0,0,0,0,0,0,0,0,0,0,0,0,1,0,0,0,1,0,0,0,1,1,0,0,0,1,0,1,1,1,0,0,0,0,1,1,0,1,1,0,1,0,0,0,0,0,0,1,0,1,1,0,0
"birds_dec_1_MB_SampleID_167",419860.190006004,7346926.8200034,1986,605.971890449524,0.0583332677682175,129,0.503333333333333,0,0,0,0,0,0,1,0,0,0,0,0,0,0,0,0,1,1,0,0,0,0,0,1,0,1,0,1,1,0,0,0,0,0,0,0,0,0,0,0,0,1,0,0,1,0,0,1,0,0,0,1,1,1,0,0,1,0,1,0,0,0,1,1,0,0,1,0,0,1,0,0,0,0,1,0,0,0,1,0,0,0,0,0
"birds_dec_1_MB_SampleID_168",429856.120000443,7366918.80000354,1986,589.515334606171,-0.00833331545193759,124,0.503333333333333,1,0,0,0,0,0,1,0,0,0,0,0,0,0,0,1,1,1,0,0,0,0,0,1,0,0,1,1,1,0,0,0,0,0,0,0,0,0,0,0,0,0,0,1,1,0,0,0,0,0,1,0,1,1,0,0,1,0,1,0,0,0,1,0,0,0,0,0,0,0,0,0,0,1,1,0,0,0,1,0,0,0,0,0
"birds_dec_1_MB_SampleID_169",359884.220002192,7376914.61000784,1985,582.884711265563,-2.21666653951009,193,-0.183333333333333,1,0,0,0,0,0,1,0,0,0,0,0,0,0,1,0,0,1,0,0,0,0,0,1,0,1,1,1,1,0,0,0,0,0,0,0,1,1,1,0,0,1,0,1,1,0,0,1,0,0,1,1,1,1,0,0,1,0,1,1,0,0,1,1,1,0,1,0,0,0,0,0,0,1,1,0,0,0,1,0,1,0,1,0
"birds_dec_1_MB_SampleID_170",399868.150005469,7376914.71000626,1987,714.624362468719,-1.39166662096977,177,-0.1225,1,0,0,0,0,0,1,0,0,0,0,0,0,0,1,0,1,1,0,0,0,1,0,1,0,0,1,1,1,0,0,0,1,1,0,0,0,0,0,0,1,1,1,0,0,0,0,1,0,0,1,0,1,1,0,0,1,0,1,0,0,0,1,0,1,0,1,0,0,0,0,0,0,1,1,0,0,0,1,0,1,0,0,0
"birds_dec_1_MB_SampleID_171",359884.17000256,7396906.5800034,1985,567.312191963196,-2.50833342472712,198,-0.183333333333333,0,0,0,0,0,0,1,0,0,0,0,0,0,0,1,1,1,0,0,0,0,0,0,1,0,0,1,1,1,1,0,0,1,0,0,0,0,1,0,0,0,1,1,1,0,0,1,1,1,1,1,0,1,1,0,0,1,0,1,0,0,0,0,1,0,0,1,0,0,1,0,0,0,1,0,0,0,0,1,0,1,1,0,0
"birds_dec_1_MB_SampleID_172",369880.130002721,7406902.59000645,1985,576.897924423218,-2.64166664083798,198,-0.183333333333333,1,0,0,0,0,0,1,0,0,0,0,0,0,0,0,0,1,1,0,0,0,0,0,0,0,1,1,1,1,0,0,0,0,0,0,0,0,1,0,0,0,0,0,1,1,0,0,0,0,0,1,0,1,0,1,0,1,0,1,0,0,0,1,1,1,0,1,0,0,1,0,0,0,1,0,0,0,0,1,0,1,0,1,0
