"sampleID","x-coordinate","y-coordinate","Year","annuprec","annutemp","annusnowcount","annuNAO","Acanthis flammea","Accipiter gentilis","Accipiter nisus","Acrocephalus dumetorum","Acrocephalus palustris","Acrocephalus schoenobaenus","Acrocephalus scirpaceus","Actitis hypoleucos","Alauda arvensis","Anthus pratensis","Anthus trivialis","Apus apus","Buteo buteo","Calidris pugnax","Certhia familiaris","Chloris chloris","Columba oenas","Columba palumbus","Corvus corax","Corvus corone cornix","Corvus monedula","Cuculus canorus","Curruca communis","Cursorius cursor","Cyanistes caeruleus","Delichon urbicum","Dendrocopos major","Dendrocopos minor","Dryocopus martius","Emberiza citrinella","Emberiza hortulana","Erithacus rubecula","Ficedula hypoleuca","Ficedula parva","Fringilla coelebs","Fringilla montifringilla","Gallinago gallinago","Garrulus glandarius","Grus grus","Hippolais icterina","Hirundo rustica","Jynx torquilla","Lanius collurio","Linaria cannabina","Lophophanes cristatus","Loxia curvirostra","Loxia pytyopsittacus","Luscinia luscinia","Lyrurus tetrix","Motacilla alba","Motacilla flava","Muscicapa striata","Nucifraga caryocatactes","Numenius arquata","Oenanthe oenanthe","Oriolus oriolus","Pandion haliaetus","Parus major","Passer domesticus","Periparus ater","Phasianus colchicus","Phoenicurus phoenicurus","Phylloscopus collybita","Phylloscopus trochilus","Pica pica","Picus canus","Pluvialis apricaria","Poecile montanus","Porzana porzana","Prunella modularis","Pyrrhula pyrrhula","Regulus regulus","Rhadina sibilatrix","Riparia riparia","Saxicola rubetra","Schoeniclus rusticus","Schoeniclus schoeniclus","Scolopax rusticola","Seicercus trochiloides","Spinus spinus","Strix uralensis","Sturnus vulgaris","Sylvia atricapilla","Sylvia borin","Tetrao urogallus","Tetrastes bonasia","Tringa glareola","Tringa nebularia","Tringa ochropus","Tringa totanus","Troglodytes troglodytes","Turdus iliacus","Turdus merula","Turdus philomelos","Turdus pilaris","Turdus viscivorus","Vanellus vanellus"
"birds_dec_1_SB_SampleID_1",279919.1800032,6637211.50000654,1981,876.872247219086,5.13333335518838,124,-0.2125,0,0,0,0,0,0,0,0,0,0,1,0,0,0,1,0,0,0,0,1,0,1,0,1,1,0,0,0,1,0,0,1,1,1,1,0,0,0,0,1,0,0,0,0,1,1,0,0,0,0,0,1,0,0,0,0,0,1,0,1,0,1,1,1,0,0,0,1,0,1,0,1,1,0,0,0,0,0,1,1,0,0,1,1,0,0,0,0,1,0,0,1,1,1,0,0,0
"birds_dec_1_SB_SampleID_2",279919.180004665,6637211.50000217,1982,642.033609390259,5.82500002409021,115,0.43,0,0,0,0,0,0,0,0,0,0,1,0,0,0,1,0,0,1,0,0,0,1,1,1,1,0,0,0,0,1,0,1,1,0,1,0,0,1,0,1,0,0,0,0,1,1,0,0,0,0,0,1,0,0,0,0,0,1,0,0,0,0,1,1,0,0,0,1,0,1,0,1,1,0,1,0,0,0,0,1,0,0,1,1,0,0,0,0,1,0,1,1,1,1,0,1,0
"birds_dec_1_SB_SampleID_3",279919.180009043,6637211.50000259,1983,649.563993453979,6.02499996622403,83,0.31,0,0,0,0,0,0,0,0,0,0,1,1,0,0,1,0,0,1,1,0,0,1,0,0,1,0,0,0,1,1,0,1,0,0,1,0,1,0,0,1,1,0,0,0,0,1,0,0,1,0,0,1,0,0,0,0,0,1,0,0,0,0,1,1,0,0,0,0,0,1,0,1,1,0,0,1,0,0,0,1,0,0,1,1,0,0,0,0,0,0,1,1,1,1,0,1,0
"birds_dec_1_SB_SampleID_4",279919.180006434,6637211.50000823,1984,893.939221382141,6.09166673819224,104,0.2475,0,0,0,0,0,0,0,0,0,0,1,1,0,0,1,1,0,1,0,0,0,0,1,1,1,0,0,0,0,1,0,1,1,1,1,0,1,0,0,1,0,1,0,0,1,1,0,0,0,0,0,1,0,0,0,0,0,1,0,0,0,1,1,1,0,0,0,0,0,1,0,1,1,0,0,0,0,0,0,1,0,0,1,1,0,0,0,0,0,0,1,1,1,1,0,0,0
"birds_dec_1_SB_SampleID_5",279919.180008298,6637211.50000057,1985,661.243408203125,3.51666683952014,149,-0.183333333333333,0,0,0,0,0,0,0,0,0,0,1,0,0,0,1,0,0,1,0,0,0,1,1,1,0,1,0,0,0,1,0,1,1,0,1,0,0,0,0,1,0,0,0,0,1,1,0,0,0,0,0,1,0,0,0,0,0,1,0,1,0,0,1,1,0,0,0,0,0,1,0,1,1,0,0,0,0,0,0,1,0,0,0,1,0,0,0,0,0,0,1,1,1,1,0,0,0
"birds_dec_1_SB_SampleID_6",279919.180002445,6637211.50000705,1986,800.003398418427,4.77500009040039,102,0.503333333333333,0,0,0,0,0,0,0,0,0,0,1,1,1,0,1,0,0,0,0,0,0,1,1,1,1,0,0,0,0,1,0,1,1,1,1,0,1,0,0,1,0,0,1,0,1,0,1,0,0,0,0,1,0,0,0,0,0,1,0,1,0,0,1,1,0,0,0,1,0,1,0,1,1,0,0,1,0,1,0,1,0,0,1,1,0,0,0,0,1,1,1,1,1,1,1,0,0
"birds_dec_1_SB_SampleID_7",279919.18000051,6637211.5000029,1987,810.251528978348,3.3166664938132,128,-0.1225,0,0,0,0,0,0,0,0,0,0,1,0,0,0,1,0,0,1,0,0,0,1,1,0,0,0,0,0,0,1,0,1,1,1,1,0,1,0,0,1,0,0,1,0,1,1,0,0,0,1,0,1,0,0,0,0,0,1,0,1,0,0,1,1,0,0,0,1,0,1,1,1,1,0,0,0,0,0,0,1,0,0,1,1,0,1,0,0,0,1,1,1,1,1,1,0,0
"birds_dec_1_SB_SampleID_8",319903.000003639,6657203.67000533,1987,852.109149932861,2.77499994138876,146,-0.1225,0,0,0,0,0,0,0,0,1,1,1,0,0,0,0,0,0,1,1,1,1,1,1,1,1,0,1,0,0,1,1,0,1,0,1,0,0,1,0,0,1,1,0,0,1,0,0,1,0,1,0,1,0,1,0,0,0,1,1,0,0,0,1,1,1,0,0,1,0,1,0,1,1,0,1,0,0,0,0,1,0,1,0,1,0,0,0,0,1,0,0,1,0,1,1,1,1
"birds_dec_1_SB_SampleID_9",329898.990006189,6657203.72000297,1987,784.541505336761,2.81666656335194,154,-0.1225,0,0,0,0,0,0,0,0,1,0,1,0,0,0,0,0,0,1,0,1,0,1,0,1,0,0,1,0,0,1,0,1,1,0,1,0,1,1,0,0,0,0,1,0,1,1,0,0,1,0,0,0,0,1,0,0,0,1,0,0,0,0,1,1,0,0,0,1,0,1,1,1,0,0,0,0,0,0,0,1,0,0,0,1,0,0,0,0,1,0,0,1,1,1,0,0,0
"birds_dec_1_SB_SampleID_10",109987.250003452,6667198.57000594,1987,515.130234777928,3.83333333581686,119,-0.1225,0,0,0,0,0,0,0,0,1,0,1,1,1,0,0,1,1,1,1,1,1,1,1,1,1,0,1,0,1,1,0,1,1,0,1,0,1,1,0,0,1,1,0,0,0,1,0,1,1,1,0,1,1,0,0,0,0,1,1,1,0,1,1,1,1,0,0,1,0,1,1,1,0,0,0,0,0,0,0,1,0,1,1,1,0,0,0,0,1,1,0,1,1,1,1,1,1
"birds_dec_1_SB_SampleID_11",119983.240004582,6667198.62000098,1987,547.889555096626,3.72499993070959,128,-0.1225,0,0,0,0,0,1,0,0,0,0,1,0,0,0,0,0,1,1,0,1,0,1,1,1,0,0,1,0,1,1,0,1,1,0,1,0,1,0,0,1,0,1,0,0,0,0,1,1,1,1,0,0,0,0,0,0,0,1,0,0,0,0,1,1,0,0,0,1,0,1,1,0,1,0,0,0,1,0,0,1,0,1,1,1,0,0,0,0,1,0,1,1,1,1,0,0,0
"birds_dec_1_SB_SampleID_12",309906.970006471,6667199.60000175,1987,773.384551048279,2.69999999615054,137,-0.1225,0,1,0,0,0,0,0,0,1,0,1,0,0,0,0,1,0,1,0,0,0,1,1,1,1,1,1,0,1,1,1,1,1,0,1,0,0,1,0,0,1,1,0,0,0,0,0,1,0,1,0,1,0,0,0,0,0,1,1,1,1,1,1,1,1,0,0,1,0,1,0,1,1,0,0,0,0,0,0,1,0,1,0,1,0,0,0,0,1,0,1,0,1,1,1,0,0
"birds_dec_1_SB_SampleID_13",319902.950009293,6667199.6500003,1987,823.698959827423,2.69166675023735,147,-0.1225,0,0,0,0,0,1,0,0,1,0,1,1,0,0,1,1,1,1,0,1,0,1,1,1,0,0,1,0,1,1,1,1,1,0,1,0,0,1,0,0,0,1,1,0,1,1,0,1,1,1,0,0,0,0,0,0,0,1,0,0,0,1,1,1,1,0,0,1,0,1,1,1,1,0,1,0,0,0,0,1,0,1,0,1,0,1,0,0,0,0,1,1,1,1,1,0,1
"birds_dec_1_SB_SampleID_14",349890.900002667,6667199.8000083,1986,885.419871330261,4.33333330353101,115,0.503333333333333,0,0,0,0,0,0,0,0,1,0,1,1,0,0,1,0,1,1,0,1,0,1,1,1,1,0,1,0,0,1,0,1,1,0,1,0,0,0,0,1,0,0,1,0,1,0,0,0,0,1,0,1,0,0,0,0,0,1,0,0,0,0,1,1,1,0,0,0,0,1,1,1,1,0,0,0,0,0,0,1,0,0,1,1,0,1,0,0,0,0,1,1,1,1,1,0,0
"birds_dec_1_SB_SampleID_15",359886.880007094,6667199.85000652,1986,875.142352104188,4.41666669646899,115,0.503333333333333,0,0,0,0,0,0,0,0,0,0,1,0,0,0,0,0,0,1,0,1,0,1,1,1,0,0,1,0,1,1,0,1,1,0,1,0,0,0,0,0,0,0,1,0,0,0,0,0,0,0,0,0,0,0,0,0,0,1,0,0,0,0,1,1,1,0,0,0,0,1,1,1,1,0,0,0,0,0,0,1,0,0,1,1,0,1,0,0,0,0,0,1,1,1,0,0,0
"birds_dec_1_SB_SampleID_16",379878.840002687,6667199.95000152,1986,844.541782855987,4.66666660209497,112,0.503333333333333,0,0,0,1,1,0,0,1,0,0,1,0,0,0,0,1,1,0,0,1,0,0,1,0,1,0,0,1,0,0,0,0,1,0,1,0,0,0,0,1,0,0,1,0,0,0,0,1,0,1,0,1,0,0,1,0,0,1,0,0,1,0,0,1,0,0,0,0,1,0,0,0,1,0,1,0,0,1,0,0,0,1,1,1,0,0,0,0,0,0,0,1,1,1,1,0,0
"birds_dec_1_SB_SampleID_17",139975.170003183,6677194.71000874,1978,504.446790218353,4.61666672925154,66,0.3175,0,0,0,0,1,0,1,0,0,0,1,1,0,0,1,1,1,1,0,1,0,1,1,1,1,0,0,0,0,1,0,1,1,0,1,0,1,0,0,1,1,1,0,0,1,0,0,1,1,1,0,1,0,0,1,0,0,1,0,1,0,1,0,1,1,0,0,1,0,1,0,1,1,0,0,0,1,1,0,1,0,0,0,1,0,0,0,0,0,0,0,1,1,1,1,0,1
"birds_dec_1_SB_SampleID_18",139975.17000873,6677194.71000939,1979,539.630165100098,4.82499996821086,110,0.135,0,1,1,0,1,0,1,0,1,0,1,1,1,0,1,1,1,1,1,1,0,1,1,1,1,1,0,1,1,1,0,1,1,0,1,0,1,1,0,1,1,1,1,1,1,1,1,1,1,1,0,1,1,0,1,0,0,1,1,1,0,1,1,1,1,1,0,1,0,1,1,1,1,0,0,0,1,1,0,1,0,1,1,1,0,0,0,0,1,0,0,1,1,1,1,0,1
"birds_dec_1_SB_SampleID_19",139975.170000341,6677194.71000003,1980,560.937568187714,5.3416666413347,114,-0.4125,0,0,0,0,1,0,1,0,1,0,1,1,1,0,1,1,1,1,1,1,0,1,1,1,1,1,0,1,1,1,1,1,1,0,1,0,1,1,0,1,1,1,1,1,1,1,1,1,1,1,0,1,1,0,1,0,0,1,1,1,0,1,0,1,1,1,0,1,0,1,1,1,1,0,0,0,1,1,0,1,0,1,1,1,0,0,0,0,0,0,0,1,1,1,1,0,1
"birds_dec_1_SB_SampleID_20",319902.9000018,6677195.63000873,1986,867.074032306671,4.16666672627131,115,0.503333333333333,0,0,0,0,0,0,0,1,0,0,1,0,0,0,1,0,1,1,0,1,0,0,0,1,1,0,1,0,1,0,0,1,1,0,1,0,0,1,0,1,1,0,0,0,1,1,0,0,0,0,0,1,1,0,0,0,0,1,0,1,0,0,1,1,0,0,0,1,0,1,1,1,1,0,0,0,0,0,0,1,0,0,1,1,0,1,0,0,1,0,1,1,1,1,0,0,0
"birds_dec_1_SB_SampleID_21",379878.790001993,6677195.93000221,1979,777.628591537476,4.37500008940697,139,0.135,0,0,0,0,0,0,0,0,1,0,1,0,1,0,0,0,0,1,0,1,0,1,1,0,0,0,0,0,0,1,0,1,0,0,1,0,1,0,0,0,0,1,0,0,0,1,0,0,1,0,0,1,0,1,0,0,0,1,0,0,0,0,1,1,0,0,0,0,0,1,0,1,1,0,0,0,0,0,0,1,0,0,0,1,0,0,0,0,1,0,0,1,1,1,0,0,0
"birds_dec_1_SB_SampleID_22",379878.790003744,6677195.93000709,1980,766.744665145874,4.23333330949147,161,-0.4125,0,0,0,0,0,0,0,0,0,0,1,0,0,0,0,0,0,1,0,1,0,1,0,1,0,0,0,0,1,1,0,1,0,0,1,0,0,0,0,0,0,0,0,0,0,0,0,0,0,1,0,1,0,1,1,0,0,1,0,0,0,0,1,1,0,0,0,1,0,1,0,1,1,0,0,0,0,0,0,1,0,0,0,1,0,0,0,0,1,0,0,1,1,1,0,0,0
"birds_dec_1_SB_SampleID_23",379878.790003087,6677195.93000366,1981,1166.74018096924,4.43333333358169,156,-0.2125,0,0,0,0,1,1,0,0,1,0,1,0,0,0,1,0,0,1,0,1,0,0,1,0,1,0,1,0,1,1,0,1,1,1,1,0,0,1,0,0,0,0,0,0,0,1,0,0,0,1,0,1,0,0,0,0,0,1,0,1,1,0,1,1,0,0,0,1,0,1,0,1,1,0,0,0,0,0,0,1,0,0,1,1,0,1,0,0,0,0,1,1,1,1,1,0,1
"birds_dec_1_SB_SampleID_24",379878.790008786,6677195.93000307,1982,751.141763687134,5.06666660681367,141,0.43,0,0,0,0,0,0,0,0,1,0,1,0,0,0,0,0,0,1,0,1,0,1,1,0,1,0,0,0,0,1,1,1,1,0,1,0,0,0,0,1,0,0,0,0,1,0,0,0,0,1,0,1,0,1,0,0,0,1,0,0,1,0,1,1,0,0,0,1,0,1,0,1,1,0,0,0,0,0,0,1,0,0,1,1,0,0,0,0,0,0,1,1,1,1,0,0,0
"birds_dec_1_SB_SampleID_25",379878.790008463,6677195.93000121,1984,980.82502746582,5.43333336710931,148,0.2475,0,0,0,0,0,0,0,1,1,0,1,1,0,0,1,1,0,1,0,1,0,1,1,1,1,0,1,0,0,1,0,1,1,0,1,0,0,1,0,1,0,0,0,0,0,1,0,1,0,1,0,1,0,1,0,0,0,1,1,1,1,1,1,1,1,0,0,0,0,1,0,1,1,0,0,0,0,0,0,1,0,1,1,1,0,0,0,0,0,0,0,1,1,1,1,0,1
"birds_dec_1_SB_SampleID_26",379878.790004182,6677195.93000967,1985,823.643867492676,2.82500007748604,154,-0.183333333333333,0,0,0,0,0,0,0,1,1,0,1,1,0,0,1,1,0,1,0,1,1,0,1,1,1,0,1,0,0,1,0,1,1,1,1,0,0,0,0,0,1,0,0,0,0,1,0,1,0,1,0,1,0,0,1,0,0,1,1,1,1,1,1,1,1,0,0,0,0,1,1,1,1,0,0,0,0,0,1,1,0,1,1,1,0,0,0,0,0,0,0,1,1,1,1,0,1
"birds_dec_1_SB_SampleID_27",389874.770003269,6677195.98000306,1985,863.567916870117,2.81666668256125,147,-0.183333333333333,0,0,0,0,0,1,0,0,1,0,1,1,0,0,0,0,0,1,0,1,0,1,1,1,1,0,1,0,0,1,0,1,0,0,1,0,1,1,0,1,0,0,0,0,1,1,0,1,0,0,0,1,0,1,0,0,0,1,0,1,1,0,0,1,1,0,0,1,0,1,1,1,1,0,0,0,0,0,0,1,0,1,1,1,0,1,0,0,1,0,0,1,1,1,0,0,0
"birds_dec_1_SB_SampleID_28",389874.770006695,6677195.98000431,1986,995.478535652161,4.38333347439766,101,0.503333333333333,0,0,0,0,0,1,0,1,1,0,1,1,0,0,0,1,0,1,1,1,1,1,1,1,1,0,1,0,0,1,0,1,1,0,1,0,1,1,0,0,1,0,0,0,1,1,0,1,0,1,0,1,0,0,0,0,0,1,1,1,1,1,1,1,1,0,0,1,0,1,1,1,1,0,0,0,0,0,0,1,0,1,1,1,0,0,0,0,1,0,1,1,1,1,0,0,0
"birds_dec_1_SB_SampleID_29",389874.770004549,6677195.98000405,1987,781.105965614319,2.76666654646396,152,-0.1225,0,0,0,0,0,1,0,0,1,0,1,1,0,0,0,1,0,1,0,1,0,1,1,1,1,0,1,0,0,1,0,1,1,0,1,0,0,1,0,0,1,0,1,0,0,1,0,0,0,1,0,1,0,0,0,0,0,1,0,0,1,0,0,1,1,0,0,1,0,1,1,1,1,0,0,0,1,0,0,1,0,0,1,1,0,0,0,0,1,1,0,1,1,1,0,0,0
"birds_dec_1_SB_SampleID_30",479838.570008257,6677196.43000145,1984,718.145349502564,5.63333326578139,127,0.2475,0,0,0,1,0,1,0,0,0,0,1,0,0,0,1,0,0,0,0,1,0,0,0,1,0,0,0,1,0,0,0,1,1,1,1,0,0,0,0,1,0,0,0,0,0,1,0,0,0,1,0,1,0,0,0,0,0,1,0,0,0,0,0,1,0,0,0,0,0,0,0,1,1,0,0,0,0,0,1,1,0,0,1,0,0,0,0,0,0,0,1,0,0,1,0,0,0
"birds_dec_1_SB_SampleID_31",99991.1600051759,6687190.50000237,1987,618.574148654937,3.49999997516473,137,-0.1225,0,0,0,0,0,0,0,0,1,0,1,1,0,0,0,1,0,1,1,1,1,1,1,0,0,1,1,0,0,1,0,1,1,0,1,0,0,0,0,0,0,0,0,0,0,0,0,1,1,1,0,1,0,1,1,0,0,1,1,1,0,0,1,1,1,0,0,0,0,0,0,0,0,0,0,0,0,0,0,1,0,0,1,1,0,1,0,0,0,1,0,1,1,1,1,0,1
"birds_dec_1_SB_SampleID_32",219943.01000657,6687191.11000317,1978,613.036757469178,4.11666667461395,119,0.3175,0,0,0,0,0,1,1,1,1,0,1,1,0,0,1,1,0,1,0,1,0,0,1,1,0,1,0,0,1,1,1,1,1,0,1,0,1,1,0,0,1,0,0,0,1,1,0,1,0,1,1,0,1,0,1,0,0,1,1,0,0,1,1,1,1,1,0,1,0,0,1,1,1,0,1,0,1,0,0,1,0,1,0,1,0,1,0,0,0,1,0,1,1,1,1,0,1
"birds_dec_1_SB_SampleID_33",219943.010005957,6687191.11000355,1979,658.430062294006,4.68333330750465,116,0.135,0,0,0,0,0,1,1,1,1,0,1,1,0,0,0,1,1,1,0,1,0,1,1,1,1,1,0,0,1,1,1,1,1,0,1,0,1,1,0,1,1,1,1,1,1,0,1,0,1,1,1,1,1,0,1,0,0,1,1,0,0,1,1,1,1,0,0,1,0,1,1,1,1,0,1,0,1,0,0,1,0,1,0,1,0,0,0,0,1,1,0,1,1,1,1,0,1
"birds_dec_1_SB_SampleID_34",219943.010000778,6687191.11000409,1980,816.584403038024,5.13333330551784,130,-0.4125,0,0,0,0,1,1,1,0,1,0,1,1,0,0,1,1,1,1,0,1,0,1,1,1,1,1,0,0,1,1,1,1,1,0,1,0,1,1,0,1,1,1,1,1,1,0,1,1,1,1,0,1,0,0,1,0,0,1,1,1,0,1,1,1,1,1,0,1,0,1,0,1,1,0,1,0,1,1,0,1,0,1,0,1,0,0,0,0,0,1,0,1,1,1,1,1,1
"birds_dec_1_SB_SampleID_35",219943.010001104,6687191.11000748,1981,929.615920066833,5.02500001589457,125,-0.2125,0,0,0,0,1,1,1,0,1,0,1,1,0,0,1,1,1,1,0,1,1,1,1,1,1,1,0,0,1,1,1,1,1,0,1,0,1,1,0,1,1,0,1,1,1,1,1,0,0,1,1,1,0,0,1,0,0,1,1,1,0,1,1,1,1,1,0,1,0,1,0,1,1,0,1,0,1,0,0,1,0,1,0,1,0,0,0,0,0,1,0,1,1,1,1,1,1
"birds_dec_1_SB_SampleID_36",219943.010009141,6687191.11000737,1982,609.495513916016,5.72499988973141,109,0.43,0,0,0,1,0,1,1,1,1,0,1,1,0,0,1,1,1,1,0,1,0,1,1,1,1,1,0,0,0,1,1,1,1,0,1,0,1,1,0,0,1,0,1,1,1,1,1,1,1,1,1,1,1,1,1,0,0,1,1,1,0,1,1,1,1,0,0,1,0,1,0,1,1,0,1,0,1,1,0,1,0,1,1,1,1,1,0,0,0,1,0,1,1,1,1,0,1
"birds_dec_1_SB_SampleID_37",219943.010000693,6687191.11000803,1983,746.396872520446,6.06666662792365,102,0.31,0,0,1,0,0,1,1,1,1,0,1,1,0,0,1,1,1,1,0,1,0,1,1,1,1,1,0,0,0,1,1,1,1,0,1,0,1,1,0,0,1,1,0,1,1,1,1,0,1,1,1,1,1,0,1,0,0,1,0,1,0,0,0,1,1,1,0,1,0,1,0,1,1,0,1,0,1,0,0,1,0,1,0,1,0,1,0,0,0,1,0,1,1,1,1,0,1
"birds_dec_1_SB_SampleID_38",219943.010003489,6687191.11000199,1984,925.28953742981,6.09999993691841,115,0.2475,0,0,1,0,0,1,1,0,1,0,1,1,0,0,1,1,1,1,1,1,0,1,1,1,1,1,0,0,0,1,1,1,1,0,1,0,1,0,0,1,1,0,1,1,1,0,1,1,1,1,0,1,0,1,1,0,0,1,0,0,0,1,1,1,1,1,0,1,1,1,0,1,1,0,1,0,1,1,0,1,0,1,1,1,0,1,0,0,0,1,0,1,1,1,1,0,1
"birds_dec_1_SB_SampleID_39",219943.01000908,6687191.11000661,1985,686.380508422851,3.2416666895151,155,-0.183333333333333,0,0,1,0,0,1,1,1,1,0,1,1,0,0,1,1,1,1,0,1,0,1,1,0,1,1,0,0,1,1,1,1,1,0,1,0,1,1,0,1,1,1,1,1,1,1,1,1,1,1,0,1,0,0,1,0,0,1,1,1,0,1,1,1,1,1,0,1,0,1,0,1,1,0,0,0,1,0,0,1,0,1,1,1,0,1,0,0,0,1,0,1,1,1,1,1,1
"birds_dec_1_SB_SampleID_40",219943.010007128,6687191.11000193,1986,813.371593952179,4.65000003079573,232,0.503333333333333,0,1,1,0,0,1,1,1,1,0,1,1,0,0,1,1,1,1,0,1,0,1,1,1,1,1,0,1,1,1,1,1,1,0,1,0,1,1,0,1,1,0,1,0,1,1,0,1,1,1,0,1,0,0,0,0,0,1,1,1,0,1,1,1,1,0,0,1,0,1,0,1,1,0,1,0,1,1,0,1,0,1,1,1,0,0,0,0,0,1,0,1,1,1,1,1,1
"birds_dec_1_SB_SampleID_41",219943.010007712,6687191.11000573,1987,750.150156974793,3.20833339293798,127,-0.1225,0,0,0,0,1,1,1,1,1,0,1,1,0,0,1,1,1,1,0,1,0,1,1,1,1,1,1,0,1,1,1,1,1,0,1,0,1,1,1,1,1,0,1,0,1,1,1,1,1,1,0,1,0,0,1,0,0,1,0,1,0,0,1,1,1,1,0,1,0,1,1,1,1,0,1,0,1,1,0,1,0,1,1,1,0,0,0,0,0,1,0,1,1,1,1,1,1
"birds_dec_1_SB_SampleID_42",379878.74000258,6687191.91000749,1978,606.747004270553,3.10833330949148,149,0.3175,0,0,0,0,1,1,0,0,1,1,0,1,0,0,0,1,0,1,0,1,0,1,1,1,0,1,0,0,0,1,1,1,1,0,1,0,1,0,0,1,1,0,0,1,0,0,0,1,0,1,1,1,0,1,1,0,0,1,1,0,1,1,0,1,1,0,0,0,0,0,0,0,1,0,1,0,1,0,0,0,0,1,0,1,0,0,0,0,0,0,0,1,1,1,1,0,1
"birds_dec_1_SB_SampleID_43",379878.740007373,6687191.91000087,1984,1028.47709846497,5.24166665474573,148,0.2475,0,0,0,0,0,0,0,0,1,0,1,1,0,0,1,1,0,1,0,1,0,0,1,1,1,0,0,0,0,0,0,1,1,0,1,0,0,0,0,0,0,0,0,0,0,1,0,1,0,1,0,1,0,0,1,0,0,1,1,0,1,0,0,1,1,0,0,0,0,1,0,1,1,0,1,0,0,0,0,1,0,1,1,1,0,0,0,0,0,0,0,1,1,1,1,0,0
"birds_dec_1_SB_SampleID_44",379878.740005261,6687191.9100077,1985,868.117517471313,2.5916666785876,157,-0.183333333333333,0,0,0,0,0,0,0,0,0,0,1,0,0,0,0,1,0,0,0,1,1,0,1,1,0,0,0,0,0,1,0,1,1,0,1,0,0,0,0,1,0,1,0,0,0,0,0,1,0,0,0,1,0,0,0,0,0,1,1,1,1,0,0,1,1,0,0,0,0,1,0,1,1,0,1,0,0,0,0,1,0,1,1,1,0,0,0,0,0,0,0,1,1,1,1,0,0
"birds_dec_1_SB_SampleID_45",389874.720003541,6687191.96000275,1978,613.559211492539,3.05833327770233,149,0.3175,0,0,0,0,0,0,0,0,1,0,1,1,0,0,1,0,0,1,0,1,0,1,1,1,0,1,1,0,0,1,1,1,0,0,1,0,0,0,0,0,1,0,1,0,1,0,0,0,0,1,1,1,0,1,1,0,0,1,1,1,1,0,1,1,1,0,0,0,0,0,0,1,1,0,1,0,0,0,0,1,0,1,0,1,0,1,0,0,1,0,1,1,1,1,1,0,1
"birds_dec_1_SB_SampleID_46",449850.590007874,6687192.26000805,1986,768.309729576111,4.18333327770233,105,0.503333333333333,0,0,0,0,0,0,0,1,0,0,1,0,0,0,1,0,0,1,0,1,0,0,1,1,0,0,0,0,1,0,0,1,1,0,1,0,0,0,0,0,0,0,0,0,1,1,1,0,1,1,0,1,0,0,0,0,1,1,0,0,0,0,0,1,0,0,0,1,0,1,1,1,1,0,0,0,1,0,0,1,0,0,0,1,0,0,0,0,0,1,1,1,1,1,1,1,0
"birds_dec_1_SB_SampleID_47",99991.110006202,6697186.49000304,1987,627.668637990952,3.54999999205272,129,-0.1225,0,0,0,0,0,0,0,1,1,0,1,0,0,0,1,1,1,1,1,1,1,1,1,1,1,1,1,1,1,1,0,1,1,0,1,0,0,1,0,0,0,0,0,0,1,1,0,0,1,1,0,0,0,1,0,0,0,1,1,1,1,0,1,1,1,0,0,1,0,0,1,1,1,0,0,0,0,0,0,1,0,1,1,1,0,0,0,0,1,1,0,1,1,1,1,0,1
"birds_dec_1_SB_SampleID_48",109987.100008951,6697186.54000662,1979,705.046847343445,4.64999992648761,112,0.135,0,1,0,0,1,1,1,0,1,0,1,1,0,0,1,1,1,1,0,1,1,1,1,1,1,0,1,0,1,1,0,1,1,0,1,0,1,0,1,1,0,0,1,0,1,1,0,1,1,1,0,1,1,0,0,0,0,1,1,1,0,1,1,1,1,0,0,1,0,1,1,1,1,0,1,0,1,1,0,1,0,1,1,1,0,1,0,0,1,1,0,1,1,1,1,1,1
"birds_dec_1_SB_SampleID_49",109987.100006506,6697186.54000801,1980,633.898807048798,4.79999995231629,125,-0.4125,0,0,0,0,1,1,1,0,1,0,1,1,0,0,1,1,1,1,0,1,1,1,1,1,1,1,1,0,1,1,1,1,1,0,1,0,1,1,0,1,1,0,1,0,1,1,0,1,1,1,0,1,0,0,0,0,1,1,1,1,0,0,1,1,1,0,0,1,0,1,1,1,1,0,1,0,1,1,0,1,0,1,1,1,0,0,0,0,1,1,0,1,1,1,1,1,1
"birds_dec_1_SB_SampleID_50",109987.100007855,6697186.54000063,1987,637.240726709366,3.4833333293597,129,-0.1225,0,0,0,0,0,0,0,0,1,1,1,0,0,0,0,0,1,1,0,1,1,1,1,1,0,0,1,0,1,1,0,1,0,0,1,0,1,0,0,0,1,1,1,0,0,0,0,1,1,1,0,0,0,1,0,0,0,1,0,0,0,0,0,1,0,0,0,1,0,0,0,1,0,0,1,0,1,0,0,1,0,0,0,1,0,1,0,0,0,1,0,1,0,1,1,1,1
"birds_dec_1_SB_SampleID_51",279918.870007713,6697187.40000196,1986,840.438700199128,4.04999997218451,95,0.503333333333333,0,0,0,0,0,0,0,0,1,1,1,0,0,0,0,1,0,1,0,1,0,0,1,1,1,0,1,0,0,1,0,1,1,0,1,0,0,0,0,0,0,0,0,0,0,0,0,0,0,1,0,0,0,1,0,0,0,1,1,0,1,1,1,1,1,0,0,0,0,1,1,1,1,0,0,0,0,0,0,1,0,1,1,1,0,0,0,0,0,0,0,1,1,1,1,0,0
"birds_dec_1_SB_SampleID_52",279918.870004908,6697187.40000692,1987,744.667750835418,2.56666667076449,132,-0.1225,0,0,0,0,0,0,0,0,1,0,1,1,0,0,1,0,0,1,0,1,0,0,1,1,1,0,1,0,0,1,0,1,1,0,1,0,0,1,0,0,0,0,0,0,0,0,0,1,0,0,0,0,0,1,0,0,0,1,1,0,1,1,1,1,1,0,0,1,0,1,0,1,1,0,1,0,0,0,0,1,0,0,0,1,0,0,0,0,0,0,0,1,1,1,1,0,0
"birds_dec_1_SB_SampleID_53",329898.780007688,6697187.65000355,1984,1030.42967891693,5.02500000596046,144,0.2475,0,0,0,0,1,1,0,1,1,1,1,1,0,0,0,0,0,1,0,1,1,0,1,1,1,1,1,0,0,1,1,1,1,0,1,0,0,1,0,0,1,0,0,1,1,1,0,1,1,1,1,1,0,1,0,0,0,1,1,0,1,0,1,1,1,0,0,1,0,1,0,1,1,0,1,0,1,0,0,1,0,1,1,1,0,1,0,0,1,1,0,1,1,1,1,0,1
"birds_dec_1_SB_SampleID_54",329898.780007911,6697187.65000547,1985,781.625011444092,2.35000002880891,159,-0.183333333333333,0,0,0,0,0,1,0,1,1,0,1,1,0,0,1,1,0,1,0,1,1,0,1,1,1,0,1,0,0,1,1,1,1,0,1,0,1,0,0,0,1,0,1,1,1,1,0,0,1,1,1,1,0,1,1,0,0,1,1,0,1,0,1,1,1,0,0,1,0,1,0,1,1,0,1,0,1,0,0,1,0,1,0,1,0,0,0,0,1,1,0,1,0,1,1,0,1
"birds_dec_1_SB_SampleID_55",399870.650001854,6697187.99000538,1987,786.884206414223,2.34166658918064,143,-0.1225,0,0,0,0,0,1,0,0,1,1,1,1,0,0,1,1,1,1,0,1,0,1,1,1,1,1,1,0,1,1,1,1,1,0,1,0,1,1,1,0,1,1,1,1,1,1,0,1,1,1,0,1,0,1,1,0,0,1,1,0,1,0,1,1,1,0,0,1,1,1,1,1,1,0,1,0,1,0,0,1,0,1,0,1,0,1,0,0,1,0,0,1,1,1,1,1,1
"birds_dec_1_SB_SampleID_56",199950.940009672,6707182.98000365,1985,640.738956451416,3.21666674812635,150,-0.183333333333333,0,0,0,0,0,0,0,1,0,0,1,0,0,0,0,1,0,0,0,1,0,0,0,1,0,0,0,0,0,0,0,0,0,0,1,0,0,0,0,0,0,0,0,0,1,0,0,0,0,1,0,1,0,0,1,0,0,1,0,0,0,0,0,1,0,0,0,0,0,0,0,1,0,0,0,0,0,0,0,0,0,0,0,0,0,0,0,0,0,1,0,0,0,1,0,0,0
"birds_dec_1_SB_SampleID_57",199950.940008948,6707182.98000198,1986,730.802855491638,4.66666663189729,108,0.503333333333333,0,0,0,0,0,0,0,1,0,0,1,0,0,0,0,1,0,0,0,1,0,0,0,1,0,0,0,0,0,0,0,0,0,0,1,0,0,0,0,0,0,0,0,0,1,0,0,0,0,1,0,1,0,0,1,0,0,0,0,0,0,0,0,1,0,0,0,0,0,0,0,1,0,0,0,0,0,0,0,0,0,0,0,0,0,0,0,0,0,0,0,0,0,0,0,0,0
"birds_dec_1_SB_SampleID_58",199950.940001962,6707182.98000503,1987,712.502371788025,3.23333328465619,120,-0.1225,0,0,0,0,0,0,0,1,0,0,1,0,0,0,0,0,0,0,0,1,0,0,1,1,0,0,0,0,0,0,0,0,1,0,1,0,0,0,0,0,0,0,0,0,1,0,0,0,0,1,0,1,0,0,1,0,0,0,0,0,0,0,0,1,0,0,0,1,0,0,0,1,0,0,0,0,0,0,0,0,0,0,0,0,0,0,0,0,0,1,0,0,0,0,0,0,0
"birds_dec_1_SB_SampleID_59",229938.900007391,6707183.13000542,1987,780.710051774978,3.04166664679845,133,-0.1225,0,0,0,1,1,1,1,0,1,1,1,1,0,0,1,1,1,0,0,1,1,1,1,1,1,0,1,0,1,1,1,1,1,0,1,0,0,0,0,1,1,1,1,0,0,1,0,1,0,1,1,1,0,1,1,0,0,1,1,0,1,0,0,1,1,1,0,0,0,0,0,0,1,0,0,0,1,1,0,1,0,1,1,1,0,0,0,0,0,1,0,1,1,1,1,0,1
"birds_dec_1_SB_SampleID_60",339894.720004412,6707183.68000854,1979,872.869953155519,3.80833333730698,155,0.135,0,0,0,1,0,1,0,1,1,0,1,1,0,0,1,1,0,1,0,1,1,0,1,1,1,0,1,0,0,1,1,1,1,0,1,0,0,1,1,1,1,0,0,0,1,1,0,1,0,1,0,1,0,1,0,0,0,1,1,0,1,1,1,1,1,0,0,1,0,1,1,1,1,0,0,0,0,0,1,1,0,1,1,1,0,1,0,0,0,0,0,1,1,1,1,0,0
"birds_dec_1_SB_SampleID_61",339894.720004859,6707183.68000953,1980,796.397374153137,3.56666664282482,172,-0.4125,0,0,0,1,0,0,0,1,1,1,1,1,0,0,1,1,0,1,0,1,1,1,1,1,1,0,1,0,0,1,1,1,1,0,1,0,0,1,0,1,1,0,0,0,1,0,0,1,1,1,1,1,0,1,0,0,0,1,1,0,1,1,1,1,1,0,0,1,0,1,0,1,1,0,0,0,0,0,0,1,0,1,1,1,0,1,0,0,1,0,1,1,1,1,1,1,1
"birds_dec_1_SB_SampleID_62",339894.720004442,6707183.68000533,1981,1089.9573507309,3.80833332116405,163,-0.2125,0,0,0,0,1,1,0,1,1,1,1,1,0,0,0,1,0,1,1,1,1,1,1,1,1,0,1,0,1,1,1,1,1,0,1,0,0,1,0,0,0,0,0,0,1,1,0,1,0,1,1,1,0,1,0,0,0,1,1,1,0,1,1,1,1,0,0,1,0,1,0,1,1,0,1,0,0,0,0,1,0,1,1,1,0,1,0,0,1,0,0,1,1,1,1,1,0
"birds_dec_1_SB_SampleID_63",339894.720001467,6707183.6800057,1982,712.429276466369,4.48333336412908,136,0.43,0,0,0,0,0,0,0,1,1,1,1,0,0,0,1,1,0,1,1,1,1,1,1,1,1,0,1,0,1,1,1,1,1,0,1,0,0,1,0,1,0,0,0,0,1,0,0,1,0,1,0,1,0,0,0,0,0,1,1,0,1,1,1,1,1,0,0,1,0,1,0,1,1,0,1,0,0,0,0,1,0,1,1,1,0,1,0,0,1,0,0,1,1,1,1,1,0
"birds_dec_1_SB_SampleID_64",339894.720005704,6707183.6800038,1983,728.287002563476,4.9500001470248,128,0.31,0,0,0,1,1,1,0,1,1,1,1,0,0,0,1,0,0,1,0,1,1,1,1,1,1,0,1,0,0,1,0,1,1,1,1,0,0,1,0,1,1,1,0,0,1,1,0,1,0,1,0,1,0,1,0,0,0,1,0,1,1,0,1,1,1,0,0,1,0,1,0,1,1,1,1,0,0,1,0,1,0,1,1,1,0,1,0,0,1,0,1,1,1,1,1,0,1
"birds_dec_1_SB_SampleID_65",339894.720001944,6707183.68000949,1984,986.64792919159,4.87499993046124,141,0.2475,0,0,0,1,0,0,0,1,1,1,1,1,0,0,1,1,0,1,1,1,1,1,1,1,1,0,1,0,1,1,1,1,1,1,1,0,0,1,0,1,1,0,0,0,1,1,1,1,1,1,0,1,0,0,0,0,0,1,1,0,1,1,1,1,1,0,0,1,0,1,0,1,1,0,0,0,0,0,0,1,1,1,1,1,0,1,0,0,1,0,0,1,1,1,1,0,1
"birds_dec_1_SB_SampleID_66",339894.720007248,6707183.68000187,1985,733.927242279053,2.19999999801318,154,-0.183333333333333,0,0,0,1,0,0,0,1,1,1,1,0,0,0,1,1,0,1,1,1,0,1,1,0,1,0,1,0,1,1,0,1,1,0,1,0,0,0,0,1,0,0,0,1,1,1,0,0,0,1,0,1,0,0,0,0,0,1,1,0,0,1,1,1,1,0,0,1,0,1,1,1,1,0,1,0,0,0,0,1,0,1,1,1,0,1,0,0,0,0,0,1,1,1,1,0,0
"birds_dec_1_SB_SampleID_67",339894.720004644,6707183.68000112,1986,800.43145942688,3.70833331346511,107,0.503333333333333,0,0,0,0,0,0,0,1,1,1,1,1,0,0,1,1,0,1,1,1,1,1,1,0,1,0,1,0,1,1,1,1,1,1,1,0,0,0,0,1,0,0,0,0,1,1,0,1,1,1,0,1,0,0,0,0,0,1,0,0,1,1,1,1,1,0,0,1,0,1,1,1,1,0,1,0,0,0,0,1,0,1,1,1,0,1,0,0,1,0,1,1,1,1,1,0,0
"birds_dec_1_SB_SampleID_68",339894.720006409,6707183.68000424,1987,718.232781171799,2.18333336214225,153,-0.1225,0,0,0,0,0,0,0,0,0,1,1,0,0,0,0,1,0,1,1,1,0,0,1,1,1,0,0,1,0,1,0,1,1,0,1,0,0,0,0,1,0,0,0,0,0,0,0,1,1,1,0,1,0,0,0,0,0,1,1,0,1,1,0,1,1,0,0,1,0,1,1,1,1,0,1,0,0,0,0,1,0,0,0,1,0,1,0,0,1,0,0,1,1,1,1,0,0
"birds_dec_1_SB_SampleID_69",479838.420001479,6707184.36000811,1986,802.75677204132,3.97500003377598,217,0.503333333333333,0,0,0,0,0,0,0,0,1,1,1,1,1,1,0,0,0,1,1,1,0,1,0,1,0,0,1,0,1,1,0,1,1,0,1,1,1,1,1,0,1,1,1,0,1,1,1,0,1,1,1,1,0,1,0,1,1,1,0,0,0,1,0,1,0,0,1,1,0,1,1,0,1,0,1,1,0,0,0,1,0,0,0,1,0,0,1,1,1,1,0,1,0,1,1,1,1
"birds_dec_1_SB_SampleID_70",229938.850000869,6717179.12000282,1987,788.851511478424,2.90833325187365,141,-0.1225,0,0,0,0,0,0,0,0,1,0,1,0,0,0,0,1,1,1,0,1,1,0,1,1,0,0,1,0,0,1,1,1,1,0,1,0,0,1,1,0,0,0,0,1,1,1,0,0,1,1,0,0,0,1,0,0,0,1,1,0,1,1,1,1,1,0,0,1,0,1,0,1,1,0,1,0,0,1,0,1,0,0,0,1,0,0,0,0,1,0,0,1,1,1,1,1,0
"birds_dec_1_SB_SampleID_71",239934.830001915,6717179.17000635,1987,819.197327852249,2.7916667064031,142,-0.1225,0,0,0,0,0,0,0,0,0,0,1,0,0,0,0,0,1,1,0,1,0,0,1,1,1,0,1,0,0,1,0,1,1,0,1,0,0,1,0,0,0,0,0,0,0,1,0,0,1,1,0,1,0,0,0,0,0,1,0,1,0,0,1,1,1,0,0,1,0,1,1,1,1,0,1,0,0,0,0,1,0,0,0,1,0,0,0,0,0,0,0,1,1,1,0,0,0
"birds_dec_1_SB_SampleID_72",309906.670008328,6727175.50000311,1986,768.392825603485,3.57499986886978,99,0.503333333333333,0,0,0,0,0,0,0,0,1,1,1,0,1,1,0,0,0,1,0,1,0,1,0,0,0,0,1,0,0,1,0,1,1,0,1,0,1,0,0,0,0,1,0,0,1,0,0,0,1,1,1,1,0,1,0,0,0,1,0,0,0,0,1,1,0,0,1,1,0,0,0,0,1,0,1,1,0,0,0,1,0,0,0,1,0,0,1,0,0,1,0,1,0,1,1,0,1
"birds_dec_1_SB_SampleID_73",319902.66000352,6727175.54000429,1981,1021.97910642624,3.64999990413586,175,-0.2125,0,0,1,0,0,1,0,1,0,0,1,1,0,0,1,0,0,1,1,1,0,1,1,1,1,1,1,0,1,1,1,1,1,0,1,0,1,1,0,1,1,1,0,0,1,1,0,0,1,1,0,1,0,0,0,0,1,1,0,1,0,1,1,1,0,0,0,1,0,1,1,1,1,1,1,1,1,0,0,1,0,1,1,1,1,0,0,0,0,0,0,1,1,1,1,0,0
"birds_dec_1_SB_SampleID_74",319902.660003993,6727175.54,1982,749.200438499451,4.33333336313566,147,0.43,0,0,0,0,0,0,0,0,0,0,1,0,0,0,1,0,0,1,0,1,0,1,0,1,0,0,1,0,1,1,0,1,1,0,1,0,1,1,0,0,0,0,0,0,1,1,0,0,1,0,0,1,0,1,0,0,0,1,0,0,0,1,1,1,0,0,0,1,0,1,0,1,1,0,0,0,0,0,0,1,0,0,0,1,0,1,0,0,0,0,0,1,1,1,1,0,0
"birds_dec_1_SB_SampleID_75",319902.660009326,6727175.54000332,1986,773.130589962006,3.5333331823349,110,0.503333333333333,0,0,0,0,0,0,0,0,0,1,1,0,0,1,0,0,0,1,0,1,0,1,0,0,0,0,1,0,1,1,0,1,1,0,1,0,1,0,0,0,1,0,1,0,0,0,0,0,1,1,1,1,0,1,0,0,0,1,0,0,0,1,1,1,0,0,1,1,0,1,1,1,1,0,1,1,0,0,0,1,0,0,0,1,0,0,1,0,0,1,0,1,0,1,1,0,1
"birds_dec_1_SB_SampleID_76",329898.640000453,6727175.59000118,1978,687.431659221649,2.57499998807908,149,0.3175,1,0,0,0,0,0,0,0,1,0,1,1,0,0,0,0,0,1,1,1,0,0,1,0,0,0,0,0,1,1,1,1,1,0,1,0,1,1,1,0,1,0,0,0,1,1,0,0,1,1,0,1,0,1,1,0,0,1,0,0,1,0,1,1,0,0,0,1,0,1,0,1,1,0,1,0,0,0,0,1,0,0,0,0,0,1,0,0,0,0,0,1,1,1,1,0,0
"birds_dec_1_SB_SampleID_77",239934.740007751,6737171.14000668,1986,783.274085998535,3.90833316246668,101,0.503333333333333,0,0,0,0,0,0,0,0,1,1,1,0,1,0,1,0,0,1,1,1,0,1,0,0,0,0,1,0,0,0,0,1,1,0,1,0,1,1,1,0,0,1,1,0,1,1,1,0,1,0,1,1,0,1,0,0,0,1,0,1,0,1,1,1,0,0,1,1,0,1,1,1,1,1,1,1,0,1,0,1,0,0,0,1,0,0,1,0,1,1,0,1,0,1,0,1,1
"birds_dec_1_SB_SampleID_78",249930.720004999,6737171.19000511,1986,799.058758735657,3.82499993840853,102,0.503333333333333,0,0,0,0,0,0,0,0,1,1,1,0,0,0,0,0,0,1,1,1,0,1,0,1,0,0,1,0,1,1,0,1,1,0,1,0,1,0,1,0,1,0,0,0,0,0,0,0,1,0,1,1,0,0,0,0,0,1,0,0,0,1,1,1,0,0,1,1,0,1,0,1,0,0,1,1,0,0,0,1,0,0,0,1,0,0,1,0,1,1,0,1,1,1,0,1,1
"birds_dec_1_SB_SampleID_79",309906.620002076,6737171.48000673,1986,751.80800151825,3.52499986688296,105,0.503333333333333,0,0,0,0,0,1,0,0,1,1,1,1,0,1,0,0,1,1,1,1,0,1,1,1,0,0,1,0,0,1,1,1,1,0,1,1,1,0,1,0,1,1,1,0,1,1,1,1,1,1,1,1,1,1,0,0,0,1,0,0,1,0,1,1,0,0,1,1,1,1,1,1,1,0,1,0,1,0,0,1,0,1,1,1,0,1,1,1,1,1,0,1,1,1,1,1,1
"birds_dec_1_SB_SampleID_80",239934.690000468,6747167.13000429,1986,779.32299375534,3.87499987085659,97,0.503333333333333,1,0,0,0,0,0,0,1,1,1,1,1,0,0,1,0,1,1,1,1,0,1,0,1,0,0,1,0,1,0,0,1,1,0,1,1,1,1,1,0,1,1,0,0,1,1,0,0,1,1,1,1,0,1,0,0,1,1,0,0,0,1,1,1,0,1,1,1,0,1,1,1,1,1,1,1,0,0,0,1,0,0,0,1,0,1,1,0,1,0,0,1,0,1,1,1,1
"birds_dec_1_SB_SampleID_81",319902.560005384,6747167.51000991,1978,661.450840950012,2.49166664481163,148,0.3175,1,1,1,0,0,0,0,0,1,1,1,1,0,0,0,1,0,1,0,1,0,1,1,0,0,1,0,0,0,1,1,1,0,0,1,0,1,1,0,0,1,0,0,0,1,1,0,0,1,1,1,1,0,1,0,0,0,1,0,0,0,0,1,1,1,0,0,1,0,1,1,1,1,0,1,0,0,0,0,1,0,1,0,1,0,0,1,0,1,0,0,1,1,1,1,0,1
"birds_dec_1_SB_SampleID_82",319902.56000193,6747167.51000687,1980,822.612452983856,3.36666663487752,171,-0.4125,0,0,0,0,0,0,0,0,1,1,1,1,0,0,0,0,0,1,0,1,0,1,1,1,0,1,0,0,0,1,1,1,1,0,1,0,0,1,0,0,1,0,0,0,1,0,0,0,0,1,1,1,0,1,1,0,0,0,1,0,1,0,1,1,1,0,1,1,0,0,0,0,1,0,1,0,0,0,0,1,0,0,0,1,0,0,0,0,0,0,0,1,1,1,1,0,0
"birds_dec_1_SB_SampleID_83",319902.560000565,6747167.51000397,1981,965.449406623841,3.56666659315428,173,-0.2125,0,1,0,0,0,0,0,0,1,1,1,1,0,0,0,0,0,1,1,1,0,1,1,1,0,1,0,0,0,1,1,1,1,0,1,0,1,0,0,0,1,1,0,1,0,0,0,0,1,1,1,0,0,1,0,0,0,1,1,0,0,0,0,1,1,0,0,1,0,0,0,1,1,0,1,0,0,0,0,1,0,1,0,1,1,0,0,0,1,0,0,1,1,1,0,0,0
"birds_dec_1_SB_SampleID_84",319902.560006799,6747167.51000498,1982,720.685394287109,4.30000010132789,151,0.43,0,0,0,0,0,0,0,0,1,1,1,0,1,0,0,0,0,1,0,1,0,1,1,1,0,0,1,0,0,1,1,1,0,0,1,0,0,1,0,0,1,0,0,0,1,0,0,0,0,1,1,0,0,1,1,0,0,1,1,0,1,0,1,1,0,0,1,0,0,1,1,1,1,0,1,0,0,0,0,1,0,0,0,1,0,0,0,0,1,0,0,1,1,1,1,0,1
"birds_dec_1_SB_SampleID_85",319902.560002942,6747167.51000839,1983,760.20396566391,4.68333333730698,138,0.31,0,1,0,0,0,0,0,0,1,1,1,1,0,0,0,0,0,1,1,1,0,1,1,0,0,1,1,0,1,1,1,1,1,0,1,0,0,0,0,0,1,0,1,0,1,1,0,0,0,1,1,0,0,1,1,0,0,1,1,0,1,0,1,1,0,0,1,1,0,0,0,1,1,0,1,0,0,0,0,1,0,1,0,1,0,1,0,0,1,0,0,1,1,1,1,0,0
"birds_dec_1_SB_SampleID_86",319902.560003073,6747167.51000492,1984,1003.44054222107,4.69999994337559,143,0.2475,0,0,0,0,0,0,0,0,1,1,1,1,0,0,0,1,0,1,1,1,0,1,1,1,0,1,0,0,0,1,1,1,1,0,1,0,1,0,0,0,1,0,0,0,1,1,0,0,0,1,1,1,0,1,1,0,0,1,1,0,1,0,1,1,0,0,1,1,0,1,1,1,1,0,1,1,0,0,0,1,0,1,1,1,0,1,0,0,0,0,1,1,1,1,1,0,0
"birds_dec_1_SB_SampleID_87",319902.560006769,6747167.51000861,1985,715.54126739502,1.95000000794729,159,-0.183333333333333,0,0,0,0,0,0,0,0,1,1,1,1,0,0,0,0,0,0,0,1,0,1,1,0,0,1,0,0,0,1,1,1,1,0,1,0,1,0,0,0,1,0,0,0,1,1,0,0,0,1,1,1,0,0,0,0,0,1,1,0,0,0,1,1,1,0,0,1,0,1,0,1,0,0,1,0,0,0,0,1,0,0,1,1,0,1,0,0,0,0,0,1,1,1,1,0,0
"birds_dec_1_SB_SampleID_88",529818.120006604,6747168.50000579,1983,859.813773155211,4.57500004768371,152,0.31,0,0,0,0,0,0,0,0,1,0,1,0,0,0,1,0,0,1,0,1,0,1,0,1,0,1,1,0,0,1,0,1,0,0,1,0,0,1,0,0,1,0,0,0,1,0,0,0,0,0,0,1,0,1,0,0,0,1,0,0,0,1,1,1,0,0,0,1,0,1,1,1,1,0,0,1,0,0,0,1,0,0,0,1,0,0,0,0,1,0,0,1,1,1,0,1,0
"birds_dec_1_SB_SampleID_89",529818.120006004,6747168.50000769,1984,928.861427307129,4.59166667362054,156,0.2475,0,0,0,0,0,0,0,0,1,0,1,0,0,0,0,0,0,1,0,1,0,1,1,1,0,0,1,0,0,1,1,1,1,0,1,0,0,1,0,0,1,0,1,0,1,1,0,0,0,1,0,1,0,0,0,0,0,1,0,0,0,1,1,1,1,0,0,1,0,1,1,1,1,0,0,1,0,0,0,1,0,0,1,1,0,1,0,1,0,0,0,1,1,1,1,0,0
"birds_dec_1_SB_SampleID_90",529818.120003748,6747168.50000813,1985,927.010786056519,1.8833333502213,161,-0.183333333333333,0,0,0,0,0,0,0,0,1,0,1,0,0,0,0,0,0,1,0,1,0,1,0,1,0,0,1,0,0,1,1,1,0,0,1,0,0,1,1,0,1,0,0,0,1,1,1,0,0,0,0,1,0,1,0,0,0,1,0,0,0,1,1,1,0,0,0,1,0,1,1,1,1,0,1,0,0,0,1,1,0,0,1,1,0,1,0,0,1,0,0,1,0,1,0,0,0
"birds_dec_1_SB_SampleID_91",529818.120001045,6747168.50000528,1986,720.198575973511,3.42499997218451,266,0.503333333333333,0,0,0,0,0,0,0,0,0,0,1,0,0,0,0,0,0,1,0,1,0,1,0,1,0,1,1,0,0,1,0,1,1,0,1,0,0,0,0,0,1,0,1,0,1,1,0,0,0,1,0,1,0,0,0,0,0,1,0,0,0,1,1,1,1,0,0,1,0,1,0,1,1,0,0,0,0,0,0,1,0,0,0,1,0,0,0,1,1,0,0,1,0,1,0,0,0
"birds_dec_1_SB_SampleID_92",529818.120009663,6747168.50000201,1987,814.201185703279,1.59166670838992,163,-0.1225,0,0,0,0,0,0,0,0,0,0,1,1,0,0,0,0,0,1,0,1,0,1,0,1,0,0,1,0,1,1,1,1,1,0,1,0,0,1,0,0,0,0,0,0,1,1,0,0,0,0,0,1,0,0,0,0,0,1,0,0,0,1,1,1,0,0,0,1,0,1,1,1,1,0,0,0,0,0,0,1,0,0,0,1,0,0,1,1,1,0,0,1,0,1,0,0,0
"birds_dec_1_SB_SampleID_93",519822.090003909,6757164.42000078,1983,853.90666103363,4.58333335320154,150,0.31,0,0,0,0,0,0,0,1,0,0,1,1,1,0,0,0,0,1,0,1,0,1,0,1,0,0,0,0,0,1,1,1,0,0,1,1,0,0,0,1,1,1,1,0,1,1,0,0,0,1,0,1,0,0,0,1,0,1,1,0,0,1,1,1,0,0,0,1,0,1,0,1,1,0,0,0,0,0,1,1,0,1,0,1,1,1,0,0,1,0,0,1,1,1,1,1,0
"birds_dec_1_SB_SampleID_94",519822.090006231,6757164.42000169,1984,907.431050300598,4.61666672925154,151,0.2475,0,0,0,0,0,0,0,0,1,0,1,0,1,0,1,0,0,1,0,1,0,0,0,1,0,0,1,0,0,1,0,1,1,0,1,0,0,1,0,0,0,1,0,0,0,1,0,0,0,1,0,1,0,0,0,0,0,1,1,0,0,1,1,1,1,0,0,1,0,1,1,1,1,0,0,0,0,0,0,1,0,1,1,1,0,1,0,0,0,0,1,1,0,1,1,0,0
"birds_dec_1_SB_SampleID_95",519822.090009684,6757164.42000927,1985,912.050086975098,1.85833323498567,159,-0.183333333333333,0,0,0,0,0,0,0,1,1,0,1,0,1,0,0,0,0,1,0,1,0,1,1,1,0,0,1,0,1,1,0,1,1,0,1,0,1,0,1,0,0,1,0,0,1,1,0,0,1,1,0,1,0,0,0,0,0,1,0,0,0,1,1,1,1,0,0,1,0,1,1,1,1,0,1,0,0,1,0,1,0,0,0,1,1,0,0,0,1,0,0,1,1,1,1,1,0
"birds_dec_1_SB_SampleID_96",519822.090008208,6757164.42000046,1986,670.267088890076,3.45833325386047,263,0.503333333333333,0,1,0,1,0,0,0,1,1,0,1,0,0,0,0,1,0,1,0,1,0,1,1,1,0,0,1,0,0,1,1,1,1,0,1,0,0,1,0,0,1,0,0,0,1,1,0,1,0,1,0,1,0,0,0,0,0,1,1,0,0,1,1,1,1,0,0,1,0,1,0,0,1,0,0,0,0,0,0,1,0,1,1,1,0,0,0,0,0,0,0,1,0,1,1,1,0
"birds_dec_1_SB_SampleID_97",519822.090006095,6757164.42000106,1987,817.468611240388,1.625,159,-0.1225,0,0,0,0,0,0,0,0,1,0,1,1,0,0,0,0,0,1,0,1,0,1,1,1,0,0,1,0,1,1,0,1,1,0,1,0,0,1,0,0,1,0,1,0,1,1,0,0,0,0,0,1,0,0,0,0,0,0,0,0,0,1,1,1,0,0,0,1,0,1,0,1,1,1,0,0,0,0,0,1,0,0,0,1,0,0,0,1,0,0,0,1,0,1,1,0,0
"birds_dec_1_SB_SampleID_98",379878.350001865,6767159.76000048,1984,942.377486228943,4.50833332538605,143,0.2475,0,0,0,0,0,1,0,0,1,0,1,1,0,0,0,1,0,1,0,1,0,1,1,0,1,1,1,0,0,1,1,0,1,0,1,0,0,0,0,0,1,0,1,0,0,1,0,0,1,1,1,0,0,1,0,0,0,1,1,0,0,0,0,1,1,0,0,0,0,1,0,1,0,0,1,0,0,0,0,1,0,1,0,1,0,0,0,0,1,0,0,0,1,1,1,0,0
"birds_dec_1_SB_SampleID_99",379878.350004155,6767159.76000294,1985,723.710289001465,1.69999990860621,157,-0.183333333333333,0,0,0,0,0,0,0,0,1,1,1,0,0,0,1,0,0,1,0,1,0,0,1,0,0,1,0,0,1,1,1,0,1,0,1,0,0,0,0,0,1,0,1,0,0,1,0,0,1,1,1,1,0,1,0,0,0,1,1,0,0,0,1,1,1,0,0,1,0,1,0,0,0,0,1,0,0,0,0,1,0,1,0,1,0,0,0,0,1,0,0,1,0,1,1,0,0
"birds_dec_1_SB_SampleID_100",379878.35000132,6767159.76000498,1986,765.431978225708,3.27499992152055,107,0.503333333333333,0,0,0,0,0,0,0,0,1,0,1,0,0,0,0,0,0,1,0,1,0,0,1,0,1,1,0,0,0,1,1,1,1,0,1,0,0,0,0,0,1,0,0,0,0,1,0,0,1,1,0,1,0,1,0,0,0,1,1,0,0,0,1,1,1,0,0,0,1,0,0,0,0,0,1,0,0,0,0,1,0,1,0,1,0,0,0,0,0,0,0,1,0,1,1,0,0
"birds_dec_1_SB_SampleID_101",389874.340005203,6767159.80000277,1978,613.882677793503,2.18333326776823,144,0.3175,0,0,0,0,0,0,0,0,1,0,1,0,0,0,1,1,1,1,0,1,1,1,1,1,1,0,1,1,1,1,0,1,1,0,1,1,0,1,0,1,0,1,1,0,1,1,1,0,0,1,0,1,0,1,0,0,0,1,0,1,0,1,1,1,1,0,0,1,0,1,1,1,1,0,0,0,0,1,0,1,0,1,1,1,0,1,0,0,0,0,1,1,1,1,1,0,0
"birds_dec_1_SB_SampleID_102",389874.340001553,6767159.80000806,1979,862.836649894714,3.45833339293798,152,0.135,0,0,1,1,0,1,0,1,1,0,1,0,0,0,1,1,0,1,0,1,1,1,1,1,1,1,1,0,0,1,0,1,1,1,1,0,1,1,0,1,1,1,1,0,1,1,0,0,1,1,0,1,0,1,0,1,0,1,0,1,0,1,1,1,1,0,0,1,0,1,1,1,1,0,0,0,1,1,0,1,0,1,1,1,0,1,0,0,1,0,1,1,1,1,1,0,0
"birds_dec_1_SB_SampleID_103",389874.340000782,6767159.80000401,1980,670.408218383789,3.0416667064031,175,-0.4125,0,0,0,0,0,1,0,1,1,0,1,1,0,0,1,1,0,1,0,1,1,1,1,1,1,1,1,0,0,1,0,1,1,1,1,1,1,1,0,1,1,1,1,0,1,1,0,0,1,1,0,1,0,1,0,1,0,1,1,1,1,1,1,1,1,0,0,1,0,1,1,1,1,0,0,0,1,1,0,1,1,1,1,1,0,1,0,0,1,0,0,1,1,1,1,0,0
"birds_dec_1_SB_SampleID_104",389874.340008963,6767159.80000286,1981,1016.80734729767,3.3333334128062,167,-0.2125,1,0,0,0,0,0,0,1,0,0,1,0,0,0,1,1,0,1,0,1,1,1,1,1,1,0,1,0,0,1,0,1,1,0,1,0,1,1,0,1,0,1,1,0,1,1,0,1,0,0,0,1,0,1,0,0,0,1,0,1,0,0,1,1,0,0,0,1,0,1,1,1,1,0,0,0,0,1,1,1,0,1,1,1,0,1,0,0,0,0,1,1,1,1,1,0,0
"birds_dec_1_SB_SampleID_105",389874.340005484,6767159.80000596,1982,541.196794033051,3.92500006159147,139,0.43,0,0,1,0,0,1,0,1,1,0,1,1,0,0,1,1,0,1,0,1,1,1,1,1,1,0,1,0,1,1,0,1,1,0,1,1,1,1,0,1,1,1,1,0,1,0,0,1,0,1,0,1,0,1,0,0,0,1,0,1,0,1,1,1,1,0,0,1,0,1,1,1,1,1,0,0,1,1,0,1,0,1,1,1,0,1,0,0,1,0,0,1,1,1,1,0,0
"birds_dec_1_SB_SampleID_106",389874.340003243,6767159.80000363,1983,606.473224163056,4.34166665871938,146,0.31,0,0,1,0,0,1,0,1,1,0,1,0,0,0,1,1,0,1,0,1,1,1,1,1,1,0,1,0,0,1,0,1,1,0,1,0,1,1,0,1,1,0,1,0,1,1,0,1,1,1,0,1,0,1,0,1,0,1,0,1,1,1,1,1,1,0,0,1,0,1,1,1,1,0,0,0,1,1,1,1,0,1,1,1,0,1,0,0,1,0,1,1,1,1,1,0,0
"birds_dec_1_SB_SampleID_107",389874.340003663,6767159.80000174,1984,907.755146980285,4.45833328614632,142,0.2475,0,0,1,1,0,1,0,1,1,0,1,0,0,0,1,1,0,1,0,1,1,1,1,1,1,0,1,0,0,1,0,1,1,1,1,1,1,1,0,1,1,0,1,0,1,1,0,0,0,1,0,1,0,1,0,0,0,1,0,1,1,1,1,1,1,0,0,1,0,1,1,1,1,0,1,0,1,1,1,1,0,1,1,1,0,1,0,0,1,0,1,1,1,1,1,1,0
"birds_dec_1_SB_SampleID_108",389874.340009798,6767159.80000761,1985,713.568803787231,1.6249999726812,160,-0.183333333333333,0,0,1,1,1,1,0,1,1,0,1,0,0,0,1,1,0,1,0,1,1,1,1,1,1,0,1,0,0,1,0,1,1,0,1,0,1,1,0,1,1,1,0,0,1,1,0,0,0,1,0,1,0,1,0,1,0,1,0,1,0,1,1,1,1,0,0,1,0,1,1,1,1,0,0,0,1,1,1,1,1,1,1,1,0,1,0,0,1,0,1,1,1,1,1,0,0
"birds_dec_1_SB_SampleID_109",389874.340007015,6767159.8000068,1986,756.981694221497,3.19166665275892,108,0.503333333333333,0,0,0,1,0,1,0,0,1,0,1,0,0,0,1,1,0,1,0,1,1,0,1,1,1,0,1,0,0,1,0,1,1,1,1,0,0,1,1,1,0,0,0,0,1,1,0,0,0,1,0,1,0,1,0,0,0,1,0,1,1,1,1,1,1,0,0,1,0,1,1,1,1,0,0,0,1,1,0,1,1,1,1,1,0,1,0,0,0,0,0,1,1,1,1,0,0
"birds_dec_1_SB_SampleID_110",389874.340003515,6767159.80000889,1987,666.887195110321,1.62500008940696,158,-0.1225,0,0,0,1,1,0,0,0,0,0,1,0,0,0,1,1,0,1,0,0,1,0,1,1,1,0,1,1,0,1,0,1,1,1,1,0,0,1,0,1,0,1,0,0,1,1,0,0,0,0,0,1,0,0,0,1,0,1,0,1,0,0,1,1,1,0,0,1,0,1,1,1,1,0,0,0,0,1,0,1,1,1,1,1,0,1,0,0,0,0,0,1,1,1,1,0,0
"birds_dec_1_SB_SampleID_111",349890.360001514,6777155.60000054,1980,617.994269371033,3.56666684150696,167,-0.4125,0,0,0,0,0,1,0,1,1,0,1,1,0,0,0,0,0,1,0,1,0,1,1,1,0,1,0,0,0,1,1,1,0,0,1,0,1,0,0,0,1,0,1,1,0,0,0,0,0,1,1,1,0,0,0,0,0,1,0,0,0,0,1,1,1,0,0,1,0,1,1,1,1,0,1,1,1,0,0,1,0,1,0,1,0,1,0,0,0,0,0,1,0,1,1,0,1
"birds_dec_1_SB_SampleID_112",349890.360001028,6777155.60000393,1982,537.389489650726,4.44166662295658,129,0.43,0,0,0,0,0,1,0,1,1,0,1,0,0,0,0,0,0,1,0,1,0,1,1,0,0,0,1,0,0,1,1,1,0,0,1,0,1,0,0,0,1,0,0,0,1,1,0,0,0,1,1,1,0,1,0,0,0,1,0,0,0,0,1,1,0,0,0,0,0,1,0,1,1,0,1,1,1,0,0,1,0,1,0,1,0,0,0,0,1,0,1,1,1,1,1,0,1
"birds_dec_1_SB_SampleID_113",359886.350000874,6777155.64000721,1980,657.004674434662,3.35833326975505,169,-0.4125,0,0,0,0,0,0,0,0,0,0,1,1,0,0,0,0,0,1,0,1,0,1,0,1,0,0,1,0,0,1,0,1,0,0,1,0,0,0,0,0,0,0,0,0,1,1,0,0,0,0,0,1,0,0,0,0,1,1,0,0,0,0,1,1,0,0,0,1,0,1,1,1,1,0,1,1,0,0,1,1,0,0,0,1,1,0,0,0,1,0,1,1,1,1,1,0,0
"birds_dec_1_SB_SampleID_114",359886.35000827,6777155.64000089,1981,960.688276290893,3.58333322405815,156,-0.2125,1,1,0,0,0,0,0,0,0,0,1,1,0,0,0,0,0,1,1,0,0,1,0,1,0,0,1,0,0,1,0,1,0,0,1,0,0,1,0,0,1,0,0,0,0,0,0,0,1,0,0,1,0,0,0,0,1,1,0,0,0,1,1,1,0,0,0,1,0,1,1,1,1,0,1,0,0,0,0,1,0,0,0,0,1,0,0,0,1,0,1,1,1,1,0,0,0
"birds_dec_1_SB_SampleID_115",359886.350002112,6777155.64000778,1982,535.910017490387,4.24166666467984,130,0.43,0,0,0,0,0,0,0,0,0,0,1,0,0,0,0,0,0,1,1,0,0,1,0,1,0,0,1,0,0,1,0,1,1,0,1,0,0,1,0,0,0,0,0,0,1,1,0,0,0,1,0,0,0,0,0,0,1,1,0,0,0,0,1,1,0,0,0,1,0,1,1,1,1,0,1,0,0,0,0,1,0,0,0,1,0,1,0,0,1,0,1,1,0,1,1,1,0
"birds_dec_1_SB_SampleID_116",379878.310000847,6777155.74000045,1978,577.301080226898,2.25833340485891,140,0.3175,0,0,0,0,0,0,0,0,1,0,1,1,0,0,0,1,0,1,0,1,0,1,1,0,0,0,0,0,0,1,1,1,1,0,1,1,0,0,0,0,1,1,1,0,0,1,0,0,1,1,1,1,0,1,1,0,0,1,1,1,0,1,1,1,1,0,0,1,0,0,1,1,1,0,1,0,0,0,0,1,0,1,1,1,0,0,0,0,0,0,0,1,0,1,1,1,1
"birds_dec_1_SB_SampleID_117",379878.310000322,6777155.74000893,1979,795.950159072876,3.56666660308839,149,0.135,0,0,0,0,0,0,0,0,0,0,1,0,0,0,0,0,0,1,0,0,0,1,0,0,0,0,0,0,1,0,0,1,0,0,1,0,0,0,0,0,0,0,0,0,1,0,0,0,0,0,0,1,0,0,0,0,0,0,0,1,0,1,1,1,0,0,0,1,0,1,1,1,1,0,0,0,0,0,0,1,0,0,0,0,0,0,0,0,0,0,0,1,1,1,0,1,0
"birds_dec_1_SB_SampleID_118",379878.310008309,6777155.74000057,1980,645.725969314575,3.14166669050852,174,-0.4125,0,0,0,0,0,0,0,0,0,0,1,0,0,0,0,0,0,0,0,0,0,1,0,0,0,0,1,0,0,1,0,1,1,0,1,0,0,0,0,0,0,0,0,0,1,0,1,0,0,0,0,1,0,0,0,0,0,1,0,1,0,1,1,1,0,0,0,1,0,1,0,1,1,0,0,0,0,0,0,1,0,0,0,1,0,0,0,0,0,0,0,1,0,1,0,1,0
"birds_dec_1_SB_SampleID_119",389874.290002628,6777155.78000434,1978,623.954007148742,2.1583333313465,145,0.3175,0,0,0,0,0,0,0,0,1,0,0,0,0,0,0,1,0,1,0,1,1,1,1,0,0,0,1,0,0,1,1,0,1,0,1,0,0,0,0,0,1,0,0,0,0,0,0,0,1,1,0,1,0,1,0,0,0,1,1,0,1,0,0,1,1,0,0,0,0,0,0,0,0,0,1,0,0,0,0,0,0,1,0,1,0,0,0,0,0,0,0,1,1,0,1,0,1
"birds_dec_1_SB_SampleID_120",389874.290001004,6777155.78000105,1979,850.347097396851,3.48333334922791,149,0.135,0,0,0,0,0,1,0,0,1,0,0,0,0,0,0,1,0,1,0,1,1,1,1,0,1,0,0,0,0,1,1,0,0,0,1,0,0,0,0,0,1,0,1,0,0,0,0,0,0,1,1,1,0,1,1,0,0,1,1,0,0,0,0,1,1,0,0,0,0,0,0,0,0,0,1,0,0,0,0,1,0,1,0,1,0,0,0,0,0,0,0,0,1,0,1,0,1
"birds_dec_1_SB_SampleID_121",389874.290007203,6777155.7800044,1980,652.731644630432,3.03333330154418,175,-0.4125,0,0,0,0,0,1,0,0,1,0,0,0,0,0,0,1,0,1,0,1,1,0,1,0,0,0,0,0,0,1,1,0,1,0,1,0,0,0,0,0,1,0,1,0,0,0,0,0,0,1,1,1,0,1,1,0,0,1,1,0,1,0,1,1,1,0,0,0,0,0,0,0,0,0,1,0,0,0,0,1,0,1,1,1,0,0,0,0,0,0,0,1,1,0,1,0,1
"birds_dec_1_SB_SampleID_122",389874.290007258,6777155.78000093,1982,594.222764015198,3.92500010629495,148,0.43,0,0,0,0,1,1,0,0,1,0,0,0,0,0,0,1,0,1,0,1,1,0,1,0,0,0,0,0,0,1,1,0,1,0,1,0,0,0,0,0,1,0,0,0,0,0,0,1,0,1,1,1,0,1,1,0,0,1,1,0,0,0,0,1,1,0,0,0,0,0,0,0,0,1,1,0,0,0,0,0,0,1,0,1,0,0,0,0,0,0,0,1,0,1,1,0,1
"birds_dec_1_SB_SampleID_123",389874.290006594,6777155.78000008,1983,644.077163219452,4.34166665871938,146,0.31,0,0,0,0,0,1,0,0,1,0,1,0,0,0,1,0,0,1,0,1,1,1,1,1,0,0,1,0,0,1,1,0,1,0,1,0,0,0,0,0,0,0,0,1,0,0,0,1,0,1,1,1,0,1,0,0,0,1,1,0,0,1,0,1,1,0,0,0,0,1,0,0,0,0,0,0,0,0,0,1,0,1,1,1,0,0,0,0,0,0,0,1,1,1,1,0,1
"birds_dec_1_SB_SampleID_124",389874.290007412,6777155.78000829,1984,930.554039001464,4.48333342125019,142,0.2475,0,0,0,1,1,1,0,0,1,0,1,1,0,0,0,1,0,1,0,1,1,1,1,1,1,0,1,0,1,1,1,1,1,0,1,0,0,0,0,0,1,1,1,1,0,0,0,0,0,1,1,0,0,1,1,0,0,1,1,0,1,0,1,1,1,0,0,0,0,0,0,1,0,0,1,0,0,0,0,0,0,1,0,1,0,0,0,0,0,0,0,1,1,1,1,0,1
"birds_dec_1_SB_SampleID_125",389874.290008687,6777155.78000746,1985,744.986154556275,1.59166655192773,169,-0.183333333333333,0,0,0,0,0,1,0,0,1,0,1,0,0,0,0,1,0,1,0,1,1,0,1,0,1,0,1,0,0,1,1,1,1,0,1,0,0,0,0,0,1,1,1,0,0,0,0,1,0,1,1,1,0,0,0,0,0,1,1,0,0,0,0,1,1,0,0,0,0,1,1,0,0,0,1,0,0,0,0,1,0,1,0,1,0,0,0,0,0,0,0,1,0,1,1,0,1
"birds_dec_1_SB_SampleID_126",389874.290000533,6777155.78000481,1986,820.515307426453,3.21666663388412,115,0.503333333333333,0,0,0,1,0,1,0,0,1,0,1,0,0,0,0,1,0,1,0,1,1,1,1,0,1,0,1,0,0,1,1,1,1,0,1,0,0,0,0,0,1,0,0,1,0,0,0,0,0,1,1,1,0,1,0,0,0,1,1,0,1,0,0,1,1,0,0,0,0,0,0,0,0,0,1,0,0,0,0,1,0,1,1,1,0,0,0,0,0,0,1,1,0,1,1,0,1
"birds_dec_1_SB_SampleID_127",439854.190004669,6777156.0100004,1987,861.629637718202,1.63333342472712,169,-0.1225,0,0,0,1,0,1,0,0,1,0,1,0,0,0,0,1,0,1,0,1,0,1,1,0,1,1,0,0,0,1,1,1,1,0,1,0,0,0,0,1,1,0,1,0,0,1,0,0,0,1,0,0,0,1,0,0,0,0,1,0,0,1,1,1,1,0,0,1,0,1,0,0,1,1,1,0,0,0,0,1,0,1,0,1,0,0,0,0,0,0,0,1,0,1,1,0,1
"birds_dec_1_SB_SampleID_128",449850.160008612,6777156.06000806,1985,780.541627883911,1.83333323399226,153,-0.183333333333333,0,0,0,0,0,0,0,0,0,0,1,0,0,0,1,0,0,1,0,1,0,1,0,0,0,0,0,0,1,0,0,1,1,0,1,0,0,0,0,0,0,0,0,0,1,1,0,0,0,0,0,0,0,0,0,1,0,1,0,0,0,0,1,1,0,0,0,1,0,1,1,1,1,0,0,0,0,0,0,1,0,0,1,1,0,1,0,0,1,0,0,1,1,1,0,0,0
"birds_dec_1_SB_SampleID_129",449850.160009742,6777156.06000858,1986,703.734875679016,3.45833350718023,231,0.503333333333333,0,0,0,0,0,0,0,0,0,0,1,0,0,0,0,1,0,0,0,1,0,1,1,1,0,0,0,0,0,0,0,1,1,0,1,0,0,0,0,0,0,0,0,0,0,1,0,0,0,1,0,0,0,0,0,0,0,0,0,0,0,0,1,1,0,0,0,1,0,1,0,1,1,0,0,0,0,0,0,1,0,0,1,1,0,1,0,0,1,0,1,1,1,1,0,0,0
"birds_dec_1_SB_SampleID_130",449850.160003382,6777156.06000333,1987,857.089264869689,1.70833329359691,159,-0.1225,0,0,0,0,0,0,0,0,0,0,1,0,0,0,0,1,0,0,0,1,0,1,0,1,1,0,1,0,1,0,0,1,1,0,1,0,1,0,0,0,0,0,0,0,1,1,0,0,0,1,0,1,0,0,0,0,0,1,0,1,0,1,1,1,0,0,0,1,0,1,1,1,1,0,0,0,0,0,0,1,0,0,0,0,0,0,0,0,0,0,1,1,1,1,0,0,0
"birds_dec_1_SB_SampleID_131",239934.500004813,6787151.07000107,1987,774.970146656037,2.19166665772596,149,-0.1225,0,0,0,0,0,0,0,0,1,0,1,0,0,0,0,0,0,1,0,1,0,1,1,1,0,1,0,0,0,1,1,1,1,0,1,0,0,0,0,0,0,0,0,0,0,0,0,0,0,1,0,0,0,1,0,0,0,1,0,0,1,0,1,1,1,0,0,0,0,1,1,0,1,0,1,0,0,0,0,1,0,1,0,1,1,1,0,0,1,0,0,1,1,1,0,0,0
"birds_dec_1_SB_SampleID_132",249930.480002989,6787151.11000991,1986,694.298958301544,3.60000003874302,247,0.503333333333333,0,0,0,0,0,0,0,0,1,1,1,0,0,0,0,0,0,0,1,1,0,1,0,0,0,0,0,0,0,1,0,0,0,0,1,0,1,0,0,0,0,0,0,0,0,0,0,0,1,0,1,0,0,1,0,0,0,1,0,0,0,1,1,1,0,0,1,0,0,0,0,0,0,0,1,0,0,0,0,0,0,1,0,1,0,0,1,0,0,1,0,1,0,0,0,0,1
"birds_dec_1_SB_SampleID_133",259926.47000393,6787151.16000637,1986,678.228515625,3.55833333233993,220,0.503333333333333,0,0,0,0,0,0,0,0,1,1,1,0,0,1,0,0,0,1,1,1,0,1,0,1,0,0,1,0,0,1,0,1,0,0,1,0,1,1,1,0,1,0,1,0,0,0,0,0,1,1,1,1,0,1,0,0,1,1,0,0,0,0,0,1,1,0,1,1,0,0,0,0,1,0,1,0,0,1,0,1,0,1,0,1,0,0,1,0,0,1,0,1,0,0,1,0,1
"birds_dec_1_SB_SampleID_134",339894.340000376,6787151.53000502,1982,553.34078836441,4.32500007748604,129,0.43,0,1,0,0,0,0,0,0,0,0,1,0,1,0,1,0,0,1,1,1,0,1,0,1,0,0,1,0,1,1,0,1,0,0,1,0,1,1,0,0,0,1,0,0,1,0,0,0,1,0,0,1,0,0,0,0,0,1,0,1,0,0,1,1,0,0,0,1,0,1,1,1,1,0,0,1,0,0,0,1,0,0,0,1,0,1,0,0,0,0,0,1,1,1,1,0,0
"birds_dec_1_SB_SampleID_135",339894.34000086,6787151.530005,1983,726.656820774078,4.7416667342186,150,0.31,0,1,0,0,0,0,0,0,0,0,1,0,0,0,1,0,0,1,0,0,0,1,0,1,0,0,1,0,1,1,0,1,1,0,1,0,0,1,0,0,0,0,0,0,1,1,0,0,0,0,0,1,0,0,0,0,1,1,0,1,0,0,1,1,0,0,0,1,0,1,1,1,1,0,0,0,0,1,0,1,0,0,1,1,0,1,0,0,0,0,1,1,1,1,0,0,0
"birds_dec_1_SB_SampleID_136",339894.340009333,6787151.53000125,1984,795.92262172699,4.82499994337559,145,0.2475,0,1,0,0,0,0,0,0,0,0,1,0,0,0,1,0,0,1,0,1,0,1,0,1,0,0,1,0,0,1,0,1,0,0,1,0,0,1,0,0,0,0,1,0,1,1,0,0,1,1,0,1,0,0,0,0,1,1,0,1,0,0,1,1,0,0,0,1,0,1,1,1,1,0,0,0,0,1,0,1,0,0,0,1,1,1,0,0,1,0,1,1,1,1,0,0,0
"birds_dec_1_SB_SampleID_137",339894.340002552,6787151.53000243,1985,673.801586151123,2.01666670540969,168,-0.183333333333333,0,1,0,0,0,0,0,0,0,0,1,0,0,0,1,0,0,1,0,1,1,1,0,1,0,0,1,0,1,1,0,1,0,0,1,0,1,1,0,0,0,0,1,0,1,1,0,0,1,1,0,1,0,0,0,0,0,1,0,0,0,0,1,1,0,0,0,1,0,1,1,1,0,0,0,0,0,0,0,1,0,0,1,1,1,1,0,0,1,0,0,1,1,1,0,0,0
"birds_dec_1_SB_SampleID_138",339894.34000012,6787151.53000411,1986,780.275220870972,3.56666659812132,96,0.503333333333333,0,1,0,0,0,0,0,0,0,0,1,1,1,0,0,0,0,1,0,1,0,1,1,1,0,0,1,0,0,0,0,1,1,0,1,0,0,1,0,0,0,0,0,0,0,1,0,0,1,0,0,1,0,0,0,0,0,1,0,1,0,0,1,1,0,0,0,1,0,1,1,1,1,0,0,0,0,0,0,1,0,0,0,1,0,1,0,0,1,0,0,1,1,1,0,0,0
"birds_dec_1_SB_SampleID_139",339894.340006488,6787151.53000444,1987,672.654271364212,2.01666664083799,143,-0.1225,0,1,0,0,0,0,0,0,0,0,1,0,1,0,0,0,0,1,0,0,0,1,0,0,0,0,1,0,0,1,0,1,1,0,1,0,0,1,0,0,0,0,0,0,0,1,0,0,1,0,0,1,0,0,0,0,0,1,0,0,0,0,1,1,0,0,0,1,0,1,1,1,0,0,0,0,0,0,0,1,0,0,0,1,1,1,0,0,1,0,0,1,1,1,0,0,0
"birds_dec_1_SB_SampleID_140",389874.240007603,6787151.76000488,1987,716.021401405334,1.54166661699613,163,-0.1225,0,1,0,0,0,0,0,0,0,0,1,1,0,0,1,0,1,1,0,0,0,1,0,0,0,0,1,1,1,0,0,1,1,1,1,1,0,1,0,0,0,0,0,0,1,1,1,0,0,0,0,1,0,0,0,0,0,1,0,1,0,1,1,1,0,0,0,1,0,1,1,1,1,0,0,1,0,0,0,1,1,0,0,0,1,1,0,0,1,0,1,1,0,1,0,1,0
"birds_dec_1_SB_SampleID_141",259926.4200096,6797147.15000936,1986,688.380548477173,3.5583332926035,220,0.503333333333333,0,0,0,0,0,1,1,1,1,1,1,0,1,0,0,0,0,1,1,1,0,1,1,1,1,0,1,0,0,1,0,1,1,0,1,0,1,1,1,0,1,1,0,0,0,0,0,1,1,1,1,1,0,1,0,0,1,1,0,0,0,0,1,1,1,0,1,1,1,0,1,0,1,0,1,1,1,0,0,1,0,0,0,1,0,0,1,1,1,1,0,1,1,1,1,0,1
"birds_dec_1_SB_SampleID_142",349890.270007585,6797147.56000106,1986,824.0784907341,3.54166657229265,110,0.503333333333333,0,0,0,0,0,0,0,0,1,0,1,1,0,0,1,1,0,1,0,1,1,1,1,1,1,1,1,1,0,1,1,1,1,0,1,0,0,1,0,0,1,0,0,1,1,0,0,0,0,1,1,1,0,1,1,0,0,1,1,0,1,1,1,1,1,0,0,1,0,1,0,0,1,0,1,0,0,0,0,1,0,1,1,1,0,0,0,0,0,0,0,1,0,1,1,0,1
"birds_dec_1_SB_SampleID_143",389874.200008345,6797147.740004,1986,846.65737247467,3.05833318829536,114,0.503333333333333,0,1,0,0,0,0,0,0,0,0,1,0,0,0,1,0,0,1,0,1,0,1,0,0,0,0,1,0,0,0,0,1,1,0,1,0,0,1,0,0,0,0,0,0,1,0,0,0,1,0,0,1,0,0,0,0,0,1,0,1,0,1,1,1,0,0,0,1,0,1,1,1,1,0,0,0,0,0,0,1,0,0,0,0,0,0,0,0,1,0,0,1,1,1,0,0,0
"birds_dec_1_SB_SampleID_144",319902.280004547,6807143.41000963,1984,784.201189041138,4.6666667163372,143,0.2475,0,0,0,0,0,0,0,0,0,0,1,0,0,0,1,0,0,0,0,0,0,1,0,1,0,0,0,0,0,0,0,1,0,0,1,0,0,1,0,0,0,1,1,0,0,1,0,0,1,0,0,1,0,0,0,0,0,0,0,0,0,0,1,1,0,0,0,0,0,1,1,1,1,0,0,0,0,0,0,1,0,0,0,1,0,0,0,0,1,0,0,1,1,1,0,0,0
"birds_dec_1_SB_SampleID_145",319902.280000681,6807143.41000857,1985,681.587999343872,1.85833350320657,164,-0.183333333333333,0,0,0,0,0,0,0,0,0,0,1,0,0,0,0,0,0,1,1,0,0,1,0,1,0,0,0,0,0,1,0,1,0,0,1,0,0,0,0,0,0,0,0,0,0,1,0,0,0,0,0,0,0,0,0,0,0,0,0,0,0,1,1,1,0,0,0,1,0,1,1,1,0,0,0,1,0,0,0,1,0,0,0,1,0,0,0,0,0,0,0,0,1,1,0,0,0
"birds_dec_1_SB_SampleID_146",319902.280005532,6807143.41000919,1986,763.738404273987,3.40833329161008,221,0.503333333333333,0,0,0,0,0,0,0,0,0,0,1,0,0,0,0,0,0,0,1,0,0,1,0,1,0,0,0,0,1,1,0,1,1,1,1,0,1,0,0,0,0,1,1,0,1,0,0,0,1,1,0,0,0,0,0,0,0,1,0,0,0,1,1,1,0,0,0,1,0,1,1,1,1,0,0,0,0,0,0,1,0,0,0,1,0,0,0,0,1,0,0,0,0,1,0,0,0
"birds_dec_1_SB_SampleID_147",319902.280009313,6807143.41000884,1987,759.33482158184,1.8916667898496,147,-0.1225,0,0,0,0,0,0,0,0,0,0,1,0,0,0,0,0,0,1,0,0,0,1,0,1,0,0,1,0,0,1,0,1,1,0,1,0,1,0,0,0,0,0,0,0,1,1,0,0,0,0,0,0,0,0,0,0,0,1,0,0,0,0,1,1,0,0,0,1,0,1,1,1,0,0,0,0,0,0,0,1,0,0,0,0,0,0,0,0,0,0,0,1,0,1,0,1,0
"birds_dec_1_SB_SampleID_148",329898.26000432,6807143.4500083,1985,667.088930130005,1.80000002185504,166,-0.183333333333333,0,0,0,0,0,0,0,0,0,0,1,1,0,0,1,1,0,1,0,1,0,1,0,1,0,0,0,0,0,1,0,1,1,0,1,0,0,1,0,0,1,0,0,0,0,1,0,0,0,0,0,1,0,1,0,0,0,1,0,0,0,0,1,1,1,0,0,1,0,1,1,1,1,0,0,0,0,0,1,0,0,0,1,1,0,1,0,0,1,0,1,1,1,1,0,0,0
"birds_dec_1_SB_SampleID_149",329898.260008132,6807143.45000669,1986,761.692058563233,3.33333332339923,221,0.503333333333333,0,0,0,0,0,0,0,0,1,0,1,0,0,0,1,1,0,1,0,1,0,1,0,1,0,0,1,0,0,1,0,1,1,1,1,0,1,1,0,0,0,0,0,0,0,0,0,0,0,1,1,1,0,0,0,0,0,1,0,1,0,0,1,1,0,0,0,1,0,1,1,1,1,0,1,0,0,1,0,1,0,0,0,1,0,1,0,0,1,0,1,1,1,1,0,0,0
"birds_dec_1_SB_SampleID_150",329898.260000654,6807143.45000826,1987,765.144671082497,1.85833332935969,145,-0.1225,0,0,0,0,0,0,0,0,1,0,1,0,0,0,1,0,0,1,0,1,0,1,1,0,0,1,1,0,1,1,1,1,1,0,1,0,0,1,0,0,0,1,0,0,1,1,0,0,0,0,0,0,0,0,0,0,0,1,1,0,1,0,1,1,0,0,0,1,0,1,1,1,1,0,1,0,0,0,0,1,1,0,0,1,0,1,0,0,1,0,1,1,1,1,1,0,0
"birds_dec_1_SB_SampleID_151",409866.110002616,6807143.81000496,1987,830.188966274261,1.48333328962326,170,-0.1225,0,0,0,0,0,0,0,0,0,0,1,0,0,0,0,0,0,1,0,0,0,0,1,1,0,0,1,0,0,1,0,1,1,0,1,0,0,1,0,0,1,0,1,0,0,0,0,0,0,1,0,1,0,0,0,0,0,0,0,0,0,0,1,1,1,0,0,1,0,0,1,1,1,0,0,0,0,0,0,1,0,0,0,1,0,0,0,0,0,0,1,1,0,1,1,0,0
"birds_dec_1_SB_SampleID_152",399870.090004505,6817139.75000381,1987,879.266726016999,1.36666679382324,169,-0.1225,0,0,0,0,0,1,0,1,1,0,1,0,0,0,0,1,0,1,0,1,0,1,1,0,0,1,1,0,0,1,1,1,1,0,1,0,1,0,0,0,1,0,0,0,0,0,0,0,0,1,0,0,0,0,0,1,0,1,0,0,0,0,1,1,1,0,0,1,0,1,1,1,1,0,1,0,1,0,0,1,0,0,1,1,0,0,0,0,1,0,0,1,0,1,1,0,1
"birds_dec_1_SB_SampleID_153",209946.350006806,6827134.87000818,1981,795.781544208527,4.02500000596046,138,-0.2125,0,0,0,0,0,0,0,1,0,0,0,0,0,1,0,0,0,0,0,0,0,0,0,0,0,0,0,0,0,0,0,0,0,0,0,0,1,0,0,0,0,0,0,0,0,0,0,0,0,0,0,0,0,1,0,0,0,0,0,0,0,0,0,0,0,0,0,0,0,0,0,0,0,0,0,0,0,0,0,0,0,0,0,0,0,0,1,0,1,1,0,0,0,0,0,0,1
"birds_dec_1_SB_SampleID_154",209946.350007401,6827134.87000306,1982,533.764400482178,4.74999994536242,116,0.43,0,0,0,0,0,0,0,1,0,0,0,0,0,1,0,0,0,0,0,0,0,0,0,0,0,0,0,0,0,0,0,0,0,0,0,0,1,0,0,0,0,0,0,0,0,0,0,0,0,0,0,0,0,1,0,0,0,0,0,0,0,0,0,0,0,0,0,0,0,0,0,0,0,0,0,0,0,0,0,0,0,0,0,0,0,0,0,0,0,1,0,0,0,0,0,0,1
"birds_dec_1_SB_SampleID_155",209946.350000737,6827134.87000374,1983,685.833481788635,5.25833328937491,105,0.31,0,0,0,0,0,0,0,1,0,0,0,0,0,1,0,0,0,0,0,0,0,0,0,0,0,0,0,0,0,0,0,0,0,0,0,0,1,0,0,0,0,0,0,0,0,0,0,0,0,0,0,0,0,1,0,0,0,0,0,0,0,0,0,0,0,0,0,0,0,0,0,0,0,0,0,0,0,0,0,0,0,0,0,0,0,0,1,0,0,1,0,0,0,0,0,0,1
"birds_dec_1_SB_SampleID_156",209946.350004247,6827134.87000804,1984,678.842313766479,5.34166674812634,112,0.2475,0,0,0,0,0,0,0,1,0,0,0,0,0,1,0,0,0,0,0,0,0,0,0,0,0,0,0,0,0,0,0,0,0,0,0,0,1,0,0,0,0,0,0,0,0,0,0,0,0,0,0,0,0,1,0,0,0,0,0,0,0,0,0,0,0,0,0,0,0,0,0,0,0,0,0,0,0,0,0,0,0,0,0,0,0,0,1,0,1,1,0,0,0,0,0,0,1
"birds_dec_1_SB_SampleID_157",209946.350006272,6827134.87000134,1985,659.455333709717,2.5250001506259,154,-0.183333333333333,0,0,0,0,0,0,0,1,0,0,0,0,0,1,0,0,0,0,0,0,0,0,0,0,0,0,0,0,0,0,0,0,0,0,0,0,1,0,0,0,0,0,0,0,0,0,0,0,0,0,0,0,0,1,0,0,0,0,0,0,0,0,0,0,0,0,0,0,0,0,0,0,0,0,0,0,0,0,0,0,0,0,0,0,0,0,1,0,0,1,0,0,0,0,0,0,1
"birds_dec_1_SB_SampleID_158",209946.350003274,6827134.87000134,1986,591.658829212189,3.9333333671093,104,0.503333333333333,0,0,0,0,0,0,0,1,0,0,0,0,0,1,0,0,0,0,0,0,0,0,0,0,0,0,0,0,0,0,0,0,0,0,0,0,1,0,0,0,0,0,0,0,0,0,0,0,0,0,0,0,0,1,0,0,0,0,0,0,0,0,0,0,0,0,0,0,0,0,0,0,0,0,0,0,0,0,0,0,0,0,0,0,0,0,1,0,1,1,0,0,0,0,0,0,1
"birds_dec_1_SB_SampleID_159",309906.210009569,6827135.33000159,1987,808.123608708382,1.66666669646899,161,-0.1225,0,0,0,0,0,0,0,1,1,0,1,0,0,0,1,1,0,1,0,1,0,0,1,1,0,0,1,0,0,1,1,1,1,0,1,0,0,1,0,1,0,0,0,0,0,0,0,0,0,1,0,0,0,1,0,0,0,1,1,0,0,0,1,1,1,0,0,0,0,1,1,1,1,0,1,0,0,0,0,1,0,0,0,1,0,0,0,0,0,0,0,1,0,1,1,0,1
"birds_dec_1_SB_SampleID_160",369882.100001227,6827135.60000796,1986,865.595773220062,3.19999998807906,97,0.503333333333333,0,0,0,0,0,0,0,0,0,0,1,0,0,0,1,0,0,1,0,1,0,1,0,0,1,0,1,0,0,0,0,1,1,1,1,1,0,1,0,1,0,0,0,0,1,1,0,0,0,0,0,1,0,0,0,0,1,1,0,0,0,0,1,1,0,0,0,1,0,1,1,1,1,0,0,0,0,0,1,1,0,0,1,1,0,1,0,0,0,0,1,1,1,1,1,0,0
"birds_dec_1_SB_SampleID_161",629777.500004369,6827136.73000009,1983,774.924448490143,3.96666659911474,159,0.31,0,0,0,0,0,1,0,0,1,1,1,1,0,0,1,0,0,1,0,1,0,1,1,1,0,1,1,0,0,1,1,1,1,0,1,0,0,0,0,1,1,1,1,1,1,1,0,1,1,1,1,1,0,1,1,1,1,1,1,0,1,1,1,1,1,0,0,1,0,1,1,1,1,0,1,0,0,0,0,1,0,1,1,1,1,1,1,1,1,0,1,1,1,1,1,0,1
"birds_dec_1_SB_SampleID_162",629777.500004109,6827136.73000603,1984,680.0354013443,4.11666672428448,145,0.2475,0,0,0,0,0,1,0,0,1,1,1,0,0,0,0,1,0,1,0,1,0,1,1,1,0,1,1,0,0,1,0,1,1,1,1,0,0,0,0,0,1,1,1,0,1,1,0,1,1,1,0,1,0,1,1,1,1,1,1,0,0,1,1,1,1,0,0,1,0,1,0,1,1,1,1,0,0,0,0,1,0,1,1,1,0,0,0,0,1,0,1,1,1,1,1,0,1
"birds_dec_1_SB_SampleID_163",629777.500006075,6827136.73000098,1985,815.940096855163,1.30833321313065,158,-0.183333333333333,0,1,0,0,0,1,0,0,0,1,1,0,0,0,0,1,0,1,1,1,0,1,1,1,0,1,1,0,1,1,1,1,1,0,1,0,1,0,0,0,1,1,1,0,1,1,0,1,1,1,0,1,0,1,1,1,1,1,1,0,0,1,1,1,1,0,0,1,0,1,1,1,1,1,1,0,0,1,0,1,0,0,1,1,0,0,0,0,1,0,0,1,0,1,1,0,0
"birds_dec_1_SB_SampleID_164",629777.500005755,6827136.73000074,1986,651.297285079956,2.94166674216589,110,0.503333333333333,0,0,0,1,0,1,1,0,1,1,1,1,0,0,0,0,0,1,0,1,0,1,1,1,0,0,1,0,0,1,1,1,1,0,1,0,1,0,0,0,1,1,1,1,1,1,0,1,1,1,1,1,0,1,1,1,0,1,1,0,0,1,0,1,1,0,0,1,1,1,1,0,1,0,1,0,0,0,0,1,0,1,1,1,1,0,0,0,1,0,0,1,1,1,1,1,1
"birds_dec_1_SB_SampleID_165",629777.500001363,6827136.73000136,1987,912.021409988402,1.04166664679845,158,-0.1225,0,0,0,0,1,1,1,1,0,0,1,0,0,0,0,0,0,1,0,1,0,1,1,1,0,1,1,0,1,1,1,1,1,0,1,0,0,0,0,1,0,0,1,0,1,1,0,1,1,1,1,1,0,1,0,0,0,1,1,0,0,1,0,1,1,0,0,1,1,1,1,0,1,0,1,0,0,0,0,1,0,1,1,1,0,0,0,0,1,0,0,1,0,1,1,0,0
"birds_dec_1_SB_SampleID_166",219942.290001817,6837130.91000598,1987,656.664166927338,2.39999993269642,143,-0.1225,0,0,0,0,0,0,0,1,1,0,1,1,0,0,1,1,1,1,0,1,0,0,1,1,1,1,1,0,1,1,1,1,1,0,1,0,0,1,0,1,1,1,0,0,1,0,0,1,1,1,0,1,0,1,1,0,1,1,1,1,1,1,1,1,1,0,0,1,0,1,1,1,1,0,1,0,0,0,0,1,0,1,1,1,0,1,0,0,1,0,0,1,1,1,1,0,1
"birds_dec_1_SB_SampleID_167",229938.280004338,6837130.95000046,1987,697.073115348816,2.19999994834263,150,-0.1225,0,0,0,0,0,0,0,0,0,0,1,1,0,0,1,0,0,0,0,1,0,0,0,0,0,0,1,0,0,1,0,1,0,0,1,0,0,0,0,0,1,0,1,0,1,1,0,0,0,1,0,0,0,0,0,0,0,1,0,0,0,0,1,1,0,0,0,1,0,1,0,1,1,0,0,0,0,0,0,1,0,0,0,1,0,1,0,0,1,0,0,1,1,1,0,0,0
"birds_dec_1_SB_SampleID_168",309906.160004731,6837131.3100024,1987,831.925717353821,1.59166671832402,160,-0.1225,0,0,0,0,0,0,0,0,0,0,1,0,0,0,0,0,0,0,0,1,0,0,1,1,1,0,1,0,0,1,0,1,1,0,1,0,0,0,0,0,0,1,0,0,1,0,0,0,0,0,0,1,0,0,0,0,0,1,0,0,0,1,1,1,1,0,0,1,0,1,1,1,1,0,0,0,0,1,0,1,0,0,0,1,0,0,0,0,0,0,0,1,1,1,0,0,0
"birds_dec_1_SB_SampleID_169",389874.020003797,6837131.66000678,1983,726.369529724121,4.00000001986821,153,0.31,0,1,1,0,0,0,0,1,0,0,1,1,0,0,1,0,0,1,1,1,0,1,0,1,0,1,1,0,1,1,0,1,1,0,1,0,0,1,0,0,1,1,1,0,1,1,1,0,1,1,0,1,0,0,0,0,0,1,0,1,0,1,1,1,0,1,0,1,0,1,1,1,1,0,0,1,0,1,1,1,0,0,1,1,1,1,0,0,1,0,1,1,1,1,0,1,0
"birds_dec_1_SB_SampleID_170",469841.850004748,6837132.01000651,1979,923.394521713257,3.25833331545194,161,0.135,1,1,0,0,0,1,0,1,1,0,1,1,1,0,0,0,0,1,0,1,0,1,1,1,1,1,1,0,0,1,1,1,1,0,1,1,1,1,1,0,1,1,1,0,1,1,0,1,1,1,1,1,0,1,0,1,0,1,1,0,0,1,1,1,1,0,0,1,0,1,1,1,1,0,1,1,0,1,0,1,0,1,0,1,1,1,0,1,1,0,1,1,1,1,1,0,1
"birds_dec_1_SB_SampleID_171",329898.080009747,6847127.3800097,1982,593.925122261047,3.81666656831901,144,0.43,0,0,0,0,0,1,0,0,0,0,1,0,0,0,0,1,0,1,0,1,0,1,1,1,1,0,0,0,0,1,0,1,1,0,1,0,1,1,0,0,1,0,0,0,1,0,0,0,1,1,1,1,0,1,0,0,0,1,0,0,0,0,1,1,1,0,0,1,0,1,0,1,0,0,1,1,1,0,0,1,0,1,0,1,0,1,0,0,1,0,0,1,0,1,1,0,0
"birds_dec_1_SB_SampleID_172",329898.080001712,6847127.38000297,1983,761.692818164825,4.18333339691163,148,0.31,0,0,0,0,0,0,0,0,0,0,1,0,0,0,0,1,0,1,0,1,0,1,1,1,0,1,0,0,0,1,0,1,1,0,1,0,0,0,0,0,0,0,0,0,1,1,0,0,0,1,0,1,0,0,0,0,0,1,0,0,0,1,1,1,1,0,0,1,0,1,0,1,1,0,1,0,1,0,0,1,0,0,0,1,0,0,0,0,0,0,0,1,0,1,0,0,0
"birds_dec_1_SB_SampleID_173",329898.080008982,6847127.38000441,1984,935.975368499756,4.40833336922029,154,0.2475,0,0,0,0,0,0,0,0,0,0,1,1,0,0,1,0,0,1,0,1,0,1,1,1,0,1,0,0,0,1,0,1,1,0,1,0,1,1,0,0,1,0,0,0,1,1,0,0,0,1,0,1,0,1,0,0,0,1,0,0,0,1,1,1,1,0,0,1,0,1,1,1,1,0,1,0,1,1,1,1,0,0,0,1,1,0,0,0,1,0,0,1,0,1,1,0,0
"birds_dec_1_SB_SampleID_174",329898.080005283,6847127.38000861,1985,730.522192001343,1.49166665102045,183,-0.183333333333333,0,0,0,0,0,0,0,0,0,0,1,0,0,0,1,1,0,1,1,1,0,1,0,0,1,0,1,0,0,1,0,1,1,0,1,0,0,1,0,0,1,0,0,0,1,1,0,0,0,0,0,0,0,1,0,0,0,1,0,0,0,1,1,1,1,0,0,1,0,1,1,1,0,0,1,0,1,0,0,1,0,0,0,1,0,1,0,0,1,0,0,1,0,1,1,0,0
"birds_dec_1_SB_SampleID_175",329898.080008441,6847127.38000545,1987,853.465103387832,1.51666671037674,162,-0.1225,0,0,0,0,0,0,0,0,1,0,1,1,0,0,0,1,0,1,0,1,0,1,1,1,1,1,1,0,0,1,0,1,1,0,1,0,0,1,0,0,1,0,0,0,1,1,0,0,1,0,0,0,0,0,0,0,0,1,0,0,1,1,1,1,1,0,0,1,0,1,1,1,0,0,0,0,0,0,0,1,0,0,0,1,1,0,0,0,1,0,0,1,0,1,1,0,0
"birds_dec_1_SB_SampleID_176",399869.960007883,6847127.69000954,1978,593.491666793823,1.6249999081095,146,0.3175,0,0,0,0,0,1,0,0,1,1,1,0,0,0,1,0,0,1,0,1,1,0,1,1,0,1,1,0,0,1,1,1,1,0,1,1,0,0,0,0,1,1,1,0,1,0,0,0,1,1,1,1,0,1,1,0,0,1,1,0,0,1,1,1,1,0,0,0,0,1,0,0,1,0,1,0,1,0,0,1,0,1,0,1,0,0,0,0,1,0,0,1,1,1,1,0,1
"birds_dec_1_SB_SampleID_177",339894.020009771,6857123.4100097,1978,682.941853523255,1.89166669547558,157,0.3175,0,0,0,0,0,0,0,0,0,1,1,0,0,1,0,0,0,0,0,0,0,1,0,0,0,0,0,0,0,0,0,0,0,0,1,1,0,0,0,0,0,1,0,0,1,0,0,0,0,1,1,1,0,1,0,0,0,0,0,0,0,0,0,1,0,0,1,0,0,0,0,0,0,0,1,0,0,0,0,1,0,0,0,0,0,0,1,1,0,0,0,0,0,0,0,0,1
"birds_dec_1_SB_SampleID_178",349890.000009331,6857123.45000522,1986,868.362082481385,2.63333325584729,266,0.503333333333333,1,0,0,0,0,0,0,0,0,1,1,1,0,0,0,0,0,0,1,0,0,1,0,0,0,0,1,0,1,0,0,1,1,0,1,1,0,0,1,0,0,0,0,0,1,1,0,0,1,1,1,1,0,1,0,0,1,0,0,0,0,1,0,1,0,0,1,1,0,0,0,0,0,0,1,0,0,0,0,1,0,0,1,0,0,0,1,1,0,0,0,1,0,1,0,1,0
"birds_dec_1_SB_SampleID_179",349890.000001808,6857123.45000297,1987,930.822340011596,1.10000005364418,173,-0.1225,0,0,0,0,0,0,0,0,0,1,1,1,0,0,0,0,0,0,0,0,0,1,0,1,0,1,1,0,0,0,0,1,1,0,1,1,0,0,0,0,0,0,0,0,1,1,0,0,0,1,1,1,0,1,0,0,0,1,0,1,0,0,1,1,0,0,1,1,0,1,0,1,0,0,0,0,0,0,0,1,0,0,1,0,0,0,1,1,0,0,0,1,0,1,0,1,1
"birds_dec_1_SB_SampleID_180",399869.910003624,6857123.6700086,1987,937.203580856322,1.11666667461396,150,-0.1225,0,0,0,0,0,0,0,0,1,0,1,1,0,0,0,0,0,0,0,1,0,0,0,0,0,0,1,0,0,1,0,0,0,0,1,0,0,0,0,0,0,0,0,0,1,0,0,0,0,1,0,0,0,0,0,0,0,1,0,0,0,0,0,1,0,0,0,1,0,0,0,1,1,0,0,0,0,0,0,1,0,0,0,0,0,0,0,0,0,0,0,1,0,1,1,0,0
"birds_dec_1_SB_SampleID_181",299910.050003265,6867119.22000279,1981,1030.98096942902,2.70833335568507,183,-0.2125,0,0,0,0,0,0,0,0,0,0,1,1,0,0,1,0,0,1,1,1,0,1,0,1,0,1,1,0,1,0,0,1,1,1,1,1,1,1,0,0,1,1,0,0,1,0,1,0,0,1,1,1,0,0,0,0,0,1,0,0,0,1,1,1,0,0,0,1,0,1,1,1,1,1,0,0,0,0,0,1,0,0,0,1,1,0,1,0,1,0,0,1,1,1,1,1,1
"birds_dec_1_SB_SampleID_182",299910.050005977,6867119.22000496,1985,715.593618392944,1.20833332526187,178,-0.183333333333333,0,0,0,0,0,1,0,0,0,0,1,0,0,0,1,0,0,1,1,0,0,1,0,0,0,0,1,0,0,1,0,1,1,0,1,1,1,1,0,0,0,1,0,0,1,1,0,0,0,1,0,1,0,0,0,0,0,1,0,0,0,1,1,1,0,0,0,1,0,1,1,1,1,0,0,1,1,0,0,1,0,0,0,1,0,0,1,0,1,0,0,1,0,1,0,1,0
"birds_dec_1_SB_SampleID_183",299910.050000774,6867119.22000406,1986,775.326235771179,2.63333334525426,266,0.503333333333333,0,0,0,0,0,0,0,0,0,0,1,1,0,0,1,0,0,0,0,1,0,1,0,0,0,0,1,0,1,0,0,1,1,0,1,0,0,1,0,0,1,0,0,0,1,1,0,0,1,1,0,1,0,0,0,0,0,1,0,0,0,1,1,1,0,0,1,1,0,1,1,1,1,1,0,1,1,1,0,1,0,0,0,1,0,0,1,0,1,0,0,1,0,1,1,1,0
"birds_dec_1_SB_SampleID_184",299910.05000611,6867119.22000004,1987,705.349805116654,1.25833334525426,158,-0.1225,0,0,0,0,0,0,0,0,0,0,1,1,0,0,1,1,0,1,1,1,0,1,0,1,0,0,1,0,1,1,0,1,1,0,1,1,1,1,1,0,1,0,0,0,0,0,0,0,0,1,0,1,0,1,0,0,0,1,0,0,0,1,1,1,0,0,0,1,0,1,1,1,1,0,0,1,1,0,0,1,0,0,0,1,1,0,1,0,1,0,0,1,1,1,0,1,0
"birds_dec_1_SB_SampleID_185",329898.000004567,6867119.35000367,1982,630.871760368348,3.32500009735424,148,0.43,0,0,0,0,0,0,0,0,0,0,1,0,0,0,0,0,0,0,1,1,0,1,0,0,0,0,1,0,1,0,0,1,1,0,1,0,0,0,0,0,0,0,0,0,1,1,0,0,1,0,0,1,0,0,0,0,0,1,0,0,0,1,1,1,0,0,0,1,0,1,0,0,1,0,0,0,0,0,0,1,0,0,0,1,1,0,0,0,1,0,0,1,0,1,0,0,0
"birds_dec_1_SB_SampleID_186",389873.890005258,6867119.61000778,1978,555.473002433777,1.56666668504476,151,0.3175,0,0,1,0,0,1,0,0,1,0,1,1,0,0,1,0,0,1,0,1,0,1,1,0,0,0,1,0,0,1,1,1,1,0,1,1,0,1,0,0,1,1,1,0,0,0,0,0,0,1,1,0,0,1,1,0,0,1,1,0,0,1,1,1,0,0,0,1,0,0,1,0,1,0,1,0,1,0,0,1,0,1,0,1,0,0,0,0,0,0,0,1,0,1,1,0,1
"birds_dec_1_SB_SampleID_187",399869.870004337,6867119.65000535,1978,551.945709228516,1.55833330998818,153,0.3175,1,0,0,0,0,0,0,0,1,0,1,1,0,0,0,0,0,1,0,1,1,1,0,0,0,0,0,0,0,1,1,1,1,0,1,0,0,0,0,0,1,0,1,0,0,0,0,0,0,1,0,1,0,0,0,0,0,1,0,0,0,0,1,1,1,0,0,1,0,0,0,0,1,0,1,0,1,0,0,0,0,1,0,1,0,0,0,0,0,0,0,1,1,1,1,0,0
"birds_dec_1_SB_SampleID_188",409865.850000526,6867119.69000253,1978,550.309920310974,1.53333337356646,162,0.3175,0,0,0,0,0,1,0,0,1,0,1,0,0,0,0,1,0,1,0,1,1,1,1,0,0,0,1,0,0,1,1,1,0,0,1,1,0,0,0,0,1,1,0,0,0,0,0,0,1,1,0,1,0,0,1,0,0,1,1,0,0,0,1,1,0,0,0,1,0,1,1,1,1,0,0,0,0,0,0,1,0,1,0,1,0,0,0,0,0,0,0,1,0,1,1,0,0
"birds_dec_1_SB_SampleID_189",479837.700008264,6867119.99000575,1981,1004.54616928101,2.79166668901841,192,-0.2125,0,0,0,0,0,1,0,0,1,0,1,0,0,0,0,0,0,1,0,1,0,1,1,0,0,0,1,0,0,1,0,1,1,0,1,0,1,0,0,0,1,0,0,0,0,0,0,0,1,1,0,0,0,1,0,0,0,1,0,0,0,0,0,1,1,0,0,1,0,0,0,0,1,0,0,0,1,0,0,1,0,0,0,1,0,0,0,0,0,0,0,1,1,1,1,0,1
"birds_dec_1_SB_SampleID_190",479837.700002602,6867119.99000636,1982,598.490503311157,3.15833342075348,143,0.43,0,0,0,0,0,1,0,0,1,0,1,0,0,0,0,0,0,1,0,1,0,1,0,0,0,0,1,0,0,1,0,1,1,0,1,0,1,0,1,0,1,1,0,0,0,1,0,0,0,1,1,1,0,1,0,0,0,1,0,0,0,0,0,1,0,0,0,1,0,0,0,1,1,0,0,0,1,0,0,1,1,1,0,1,0,0,0,0,0,0,0,1,0,1,1,0,0
"birds_dec_1_SB_SampleID_191",479837.700001569,6867119.99000383,1983,730.018985748291,3.64166669050852,162,0.31,0,0,0,0,0,1,0,0,1,0,1,0,0,0,0,1,0,1,0,1,0,1,1,1,0,0,1,0,0,0,0,1,1,0,1,0,1,1,0,0,1,0,0,0,0,1,0,0,0,1,0,1,0,1,0,1,0,1,0,0,0,1,0,1,1,0,0,1,1,1,1,1,1,0,0,1,1,0,0,1,0,1,0,1,0,0,0,0,0,0,0,1,0,1,1,0,1
"birds_dec_1_SB_SampleID_192",479837.700007607,6867119.99000479,1984,923.806935310364,3.89166658123334,147,0.2475,0,0,0,0,0,1,0,0,1,0,1,0,0,0,0,1,0,1,0,1,0,1,1,0,0,0,1,0,1,0,0,1,1,0,1,0,1,0,0,0,1,0,0,0,0,1,0,0,1,0,1,1,0,1,0,1,0,0,0,0,0,0,0,1,1,0,0,0,0,0,0,0,1,0,1,0,1,1,0,1,0,1,0,1,0,1,0,0,0,0,0,1,0,1,1,0,1
"birds_dec_1_SB_SampleID_193",479837.700003689,6867119.99000507,1985,735.709493637085,0.975000058611237,181,-0.183333333333333,0,0,0,0,0,1,0,0,0,0,1,0,0,0,0,1,0,0,0,1,0,1,1,0,0,0,1,0,0,1,0,1,1,0,1,0,1,0,1,0,1,0,0,0,1,1,0,0,0,0,0,1,0,1,0,0,0,1,0,0,0,1,0,1,1,0,0,1,1,1,1,1,1,0,1,1,1,0,0,1,0,0,0,1,0,0,0,0,0,0,0,1,0,1,1,0,1
"birds_dec_1_SB_SampleID_194",479837.700005348,6867119.99000625,1986,805.219717025757,2.65833339095117,114,0.503333333333333,0,0,0,0,0,1,0,0,0,0,1,0,0,0,0,0,0,1,0,1,0,1,1,0,0,0,1,0,0,0,0,1,1,0,1,0,1,0,1,0,1,0,0,0,1,1,0,0,0,1,0,1,0,0,0,1,0,1,0,0,0,0,0,1,0,0,0,1,0,1,0,0,1,0,0,1,1,1,0,0,0,0,0,1,0,0,0,0,0,0,0,1,0,1,1,0,0
"birds_dec_1_SB_SampleID_195",479837.700009787,6867119.99000251,1987,965.170254230499,0.925000021855034,162,-0.1225,0,0,0,0,0,1,0,0,1,0,1,0,0,0,0,0,0,0,0,1,0,1,1,0,0,0,1,0,1,1,1,1,1,0,1,0,1,1,1,0,1,0,0,0,1,1,0,0,1,0,0,1,0,1,0,0,0,1,0,0,0,0,0,1,1,0,0,1,0,1,0,0,1,0,0,0,1,1,0,1,0,0,0,1,0,1,0,1,0,0,0,1,0,1,1,0,0
"birds_dec_1_SB_SampleID_196",609785.380008328,6867120.54000505,1980,853.410183906556,2.23333344856899,190,-0.4125,0,0,0,0,0,1,0,0,1,1,1,0,0,0,0,0,0,1,0,1,0,1,0,1,0,0,1,0,0,1,1,1,1,0,1,0,1,0,1,0,1,1,1,0,1,0,0,0,0,1,0,0,0,1,0,1,1,1,1,0,0,0,1,1,1,0,0,1,0,1,1,1,1,0,1,1,1,0,1,0,0,0,0,1,1,0,1,0,0,0,0,1,0,1,1,1,1
"birds_dec_1_SB_SampleID_197",609785.380009601,6867120.54000388,1981,951.461406707763,2.8166667483747,196,-0.2125,0,0,0,0,0,1,0,0,1,1,1,0,0,0,0,0,0,1,0,1,0,1,0,1,0,0,1,0,0,1,1,1,1,0,1,0,1,0,0,1,1,0,0,0,0,0,0,0,0,1,1,1,0,1,0,1,0,1,0,0,0,0,1,1,1,0,0,1,0,1,0,1,1,0,1,1,1,0,0,1,0,1,0,1,0,0,0,0,1,0,0,1,0,1,1,0,1
"birds_dec_1_SB_SampleID_198",509825.590009573,6877116.09000157,1987,856.612117767335,0.750000039736435,163,-0.1225,0,0,0,0,0,0,0,0,1,1,1,0,0,0,0,0,0,1,0,1,0,1,1,0,0,1,1,0,1,1,1,1,1,0,1,1,1,1,0,0,1,0,1,0,1,1,0,0,1,1,1,1,0,1,0,1,1,1,1,0,0,1,0,1,1,0,1,1,0,1,1,1,1,0,1,1,0,1,0,1,0,0,0,1,0,1,1,1,1,0,0,1,0,1,1,0,0
"birds_dec_1_SB_SampleID_199",569801.45000911,6877116.34000227,1978,557.963254928589,1.25000005650023,160,0.3175,0,0,0,0,0,0,0,0,0,0,1,0,0,0,0,0,0,1,0,0,0,1,0,1,0,0,0,0,0,0,0,1,1,0,1,0,0,0,0,0,0,0,0,0,0,1,0,0,0,0,0,1,0,0,0,1,0,1,0,0,0,1,0,1,0,0,0,1,0,1,1,1,1,0,0,0,0,0,0,1,0,0,1,1,0,0,0,0,0,0,0,1,1,1,1,0,0
"birds_dec_1_SB_SampleID_200",569801.450006347,6877116.34000313,1983,811.62425327301,3.67499991257985,168,0.31,0,0,0,0,0,0,0,0,0,0,1,0,0,0,0,0,0,0,0,1,0,1,0,0,0,0,1,0,0,0,0,1,1,0,1,0,1,0,0,0,0,0,1,0,0,1,0,0,1,0,0,0,0,0,0,0,0,0,0,0,0,0,0,1,0,0,0,1,0,1,0,0,1,0,0,0,1,0,0,0,0,0,1,1,0,0,0,0,0,0,0,1,0,0,1,0,0
"birds_dec_1_SB_SampleID_201",569801.450002418,6877116.34000595,1987,904.031524658203,0.791666567325591,168,-0.1225,0,0,0,0,0,1,0,1,0,0,1,0,0,0,0,0,0,0,0,0,0,0,0,0,0,0,1,0,0,0,0,1,1,0,1,0,0,0,0,0,0,0,0,0,0,0,0,0,0,1,0,0,0,0,0,0,1,1,0,0,0,1,0,1,0,0,0,1,0,0,0,0,1,0,0,0,0,0,0,1,0,0,0,0,0,1,0,0,0,0,0,1,0,1,1,0,0
"birds_dec_1_SB_SampleID_202",579797.420009256,6877116.39000845,1987,839.206819534302,0.966666638851169,165,-0.1225,0,0,0,0,0,0,0,1,0,0,1,0,0,0,0,0,0,0,0,1,0,1,0,1,0,0,1,0,0,1,0,1,1,0,1,0,0,1,0,0,1,1,0,0,0,0,1,0,1,1,0,1,0,0,0,0,0,1,0,0,0,0,0,1,0,0,0,1,0,1,0,0,1,0,0,0,0,0,0,1,0,0,0,1,0,0,0,0,0,0,0,1,0,1,0,0,0
"birds_dec_1_SB_SampleID_203",629777.290004768,6877116.59000643,1981,983.826536178588,2.77500013510385,196,-0.2125,0,0,0,0,0,0,0,0,1,0,1,0,0,0,0,0,0,1,0,1,0,1,1,1,0,0,1,0,0,1,0,1,1,0,1,0,0,0,1,0,1,1,0,0,0,0,0,1,1,1,0,1,0,0,0,0,0,1,0,0,0,1,1,1,1,0,0,1,0,1,1,1,1,0,0,0,0,0,0,1,0,0,0,1,0,0,0,0,1,0,0,1,0,1,0,0,0
"birds_dec_1_SB_SampleID_204",559805.430001253,6887112.28000255,1985,748.863910675048,1.01666655515632,191,-0.183333333333333,0,0,0,0,0,0,0,0,0,0,1,0,0,0,0,0,0,0,0,1,0,1,0,1,0,0,1,0,0,0,0,1,1,0,1,1,1,0,0,1,1,0,0,0,1,0,1,0,1,0,0,1,0,0,0,0,0,1,0,0,0,0,0,1,0,0,0,1,0,1,0,1,1,0,1,0,1,0,0,1,0,0,0,1,0,0,0,0,0,0,0,1,1,1,1,0,0
"birds_dec_1_SB_SampleID_205",559805.430006737,6887112.28000323,1986,663.357378959656,2.73333332935969,279,0.503333333333333,0,0,0,0,0,0,0,0,0,0,1,0,0,0,0,0,0,0,0,1,0,1,0,1,0,0,1,0,0,0,0,1,1,0,1,0,0,1,0,0,0,1,0,0,1,0,0,0,0,0,0,1,0,0,0,0,0,1,0,0,0,1,0,1,0,0,0,0,0,1,1,1,1,0,0,0,0,0,0,1,0,0,0,1,0,0,0,0,1,0,0,1,1,1,1,0,0
"birds_dec_1_SB_SampleID_206",559805.430005126,6887112.28000344,1987,901.760465621948,0.841666628917059,172,-0.1225,0,0,0,0,0,0,0,1,0,0,1,0,0,0,1,0,0,1,0,1,0,1,0,0,0,0,1,0,1,0,0,1,1,1,1,0,1,0,0,0,1,1,0,0,1,1,0,0,1,1,0,1,0,0,0,0,0,1,0,1,0,1,0,1,1,0,0,1,0,1,0,1,1,0,0,0,1,0,1,1,0,0,1,1,0,1,0,0,1,0,1,1,1,1,0,0,0
"birds_dec_1_SB_SampleID_207",569801.400008848,6887112.32000849,1978,531.824900627136,1.31666677072644,165,0.3175,0,0,0,0,0,1,0,0,0,0,1,0,0,0,1,0,0,1,0,1,0,1,0,0,0,0,0,0,1,0,0,1,1,0,1,0,1,0,0,0,0,0,1,0,1,1,0,0,1,0,0,1,0,0,0,1,0,1,0,0,0,1,1,1,0,0,0,1,0,1,1,1,1,0,0,0,0,0,1,1,0,0,0,1,0,1,0,0,0,0,1,1,1,1,1,0,0
"birds_dec_1_SB_SampleID_208",569801.400003667,6887112.32000223,1983,815.257355213165,3.72500002384187,173,0.31,0,0,0,0,0,0,0,0,0,0,1,0,0,0,0,0,0,0,1,1,0,0,0,1,0,0,1,0,0,0,0,1,1,0,1,0,1,0,0,0,0,0,0,0,1,0,0,0,0,0,0,0,0,0,0,1,0,1,0,0,0,0,0,1,0,0,0,1,0,0,0,0,1,0,0,0,0,0,0,1,0,0,0,1,1,0,0,0,1,0,0,1,0,1,0,0,0
"birds_dec_1_SB_SampleID_209",569801.400005805,6887112.32000057,1986,651.937541007996,2.7583332657814,280,0.503333333333333,0,0,0,0,0,0,0,0,0,0,1,0,0,0,0,0,0,0,0,1,0,1,0,1,0,0,1,0,0,0,0,1,1,0,1,0,0,1,0,0,0,1,0,0,1,0,0,0,0,0,0,1,0,0,0,0,0,1,0,0,0,1,0,1,0,0,0,0,0,1,1,1,1,0,0,0,0,0,0,1,0,0,0,1,0,0,0,0,1,0,0,1,1,1,1,0,0
"birds_dec_1_SB_SampleID_210",569801.400000123,6887112.32000995,1987,884.215386390686,0.858333359162016,175,-0.1225,0,0,0,0,0,0,0,0,0,0,1,0,0,0,0,0,0,0,0,1,0,0,0,0,0,0,1,0,0,0,0,0,1,0,1,1,0,0,0,0,0,0,0,0,0,0,0,0,0,1,0,1,0,0,0,0,0,1,0,0,0,0,0,1,0,0,0,1,0,0,0,0,1,0,0,0,0,0,0,1,0,0,0,1,1,0,0,0,0,0,0,0,0,1,0,0,0
"birds_dec_1_SB_SampleID_211",559805.390001352,6897108.25000998,1987,917.127912521363,0.69999996821086,175,-0.1225,0,0,0,0,0,1,0,1,0,0,1,0,0,0,0,0,0,1,0,1,0,1,0,1,0,0,1,0,0,0,0,1,1,0,1,0,1,0,0,0,1,0,1,0,1,1,0,0,1,1,0,1,0,0,0,1,0,1,0,0,0,0,0,1,0,0,0,0,0,1,0,0,1,0,0,0,1,1,0,1,0,0,0,1,0,1,0,0,0,0,0,1,0,1,1,0,0
"birds_dec_1_SB_SampleID_212",569801.360004188,6897108.29000232,1987,900.752547264098,0.775000055631005,175,-0.1225,0,0,0,0,0,0,0,1,0,0,1,0,0,0,0,0,0,0,0,1,0,1,0,0,0,0,1,0,0,0,0,0,1,0,1,0,0,0,0,0,0,1,0,0,0,0,1,0,0,1,0,1,0,0,0,0,0,0,0,0,0,1,0,1,0,0,0,1,0,0,0,0,1,0,0,0,0,0,0,1,0,0,0,1,0,0,0,0,0,0,0,0,0,0,0,0,0
"birds_dec_1_SB_SampleID_213",429857.640009196,6907103.70000771,1987,901.800981521607,0.741666744152699,170,-0.1225,0,0,0,0,0,1,0,0,1,1,1,0,0,0,1,0,0,1,1,1,0,1,1,1,0,1,1,0,0,1,1,1,1,0,1,0,1,1,0,0,1,0,0,0,1,0,0,0,1,1,1,1,0,1,0,0,0,1,1,1,1,1,1,1,1,0,0,1,0,1,1,1,1,0,1,0,1,0,0,1,0,1,0,1,0,1,0,0,1,0,1,1,0,1,1,1,1
"birds_dec_1_SB_SampleID_214",209945.96000763,6917098.76000291,1987,593.995842456818,2.00000004346172,151,-0.1225,0,0,0,0,0,1,0,0,1,1,1,0,0,0,1,0,0,1,0,1,0,0,1,0,0,0,0,0,0,1,1,1,0,0,1,0,0,0,0,0,1,0,1,0,0,0,0,0,0,1,0,1,0,1,0,0,0,1,1,0,0,0,1,1,0,0,0,1,0,1,1,1,0,0,1,0,0,0,0,1,0,1,0,1,0,0,0,0,0,0,1,1,1,1,0,0,1
"birds_dec_1_SB_SampleID_215",329897.780007891,6917099.26000981,1987,697.005260467529,0.8333332935969,162,-0.1225,0,0,0,0,0,0,0,0,1,0,1,1,0,0,0,0,0,0,1,1,0,1,0,1,1,1,1,0,0,1,0,1,1,0,1,0,0,1,0,0,1,0,0,0,0,0,0,0,0,1,0,1,0,0,0,0,0,1,0,0,0,0,1,1,1,0,0,1,0,1,1,1,0,0,1,0,0,0,0,1,0,0,0,1,1,0,0,0,0,0,0,1,1,1,1,0,1
"birds_dec_1_SB_SampleID_216",619781.11000999,6927096.42000493,1987,850.133734226227,0.441666771968204,173,-0.1225,0,0,0,0,0,0,0,0,1,0,1,0,0,0,0,0,0,1,0,1,0,1,1,0,0,0,1,0,0,1,0,1,1,0,1,1,0,0,0,0,0,0,0,0,1,0,0,0,1,1,0,1,0,0,0,0,0,1,0,0,0,1,1,1,1,0,0,1,0,1,1,1,1,0,1,0,0,0,0,1,0,0,0,1,0,1,0,0,1,0,0,1,0,1,1,0,0
"birds_dec_1_SB_SampleID_217",639773.060008509,6927096.50000806,1978,403.953515052795,1.01666680475076,156,0.3175,0,0,0,1,0,0,0,0,1,0,1,0,0,0,0,0,0,1,0,1,0,1,1,1,0,1,1,0,0,1,1,1,0,0,1,0,1,0,0,0,1,0,0,0,0,0,0,0,0,1,0,1,0,0,0,0,0,1,0,0,0,0,1,1,1,0,0,1,0,0,1,1,1,0,1,0,0,1,0,1,0,1,0,1,0,0,0,0,0,0,0,1,1,1,1,0,1
"birds_dec_1_SB_SampleID_218",619781.070005732,6937092.39000862,1987,873.815868377686,0.400000055631004,175,-0.1225,0,0,0,0,0,0,0,0,1,1,1,0,0,0,0,0,0,1,0,1,0,1,1,1,0,1,1,0,0,1,1,1,1,0,1,0,0,0,0,0,1,0,0,0,0,0,0,0,1,1,1,0,0,1,0,0,0,0,1,0,0,1,0,1,1,0,0,1,0,1,1,0,1,0,1,0,0,0,0,1,0,1,0,1,0,0,0,0,0,0,0,1,0,1,1,0,1
"birds_dec_1_SB_SampleID_219",639773.020008711,6937092.47000839,1978,433.299146294594,0.891666702926162,169,0.3175,0,0,0,0,0,1,0,1,1,0,1,1,0,0,0,0,0,1,0,1,0,1,1,1,0,0,0,0,0,1,0,1,1,1,1,0,0,0,0,0,1,0,0,0,0,1,0,0,0,0,1,1,0,1,0,0,0,1,0,0,0,0,1,1,1,0,0,0,0,0,1,1,1,0,1,1,0,1,0,1,0,1,0,1,0,0,0,0,0,0,0,1,1,1,1,0,1
"birds_dec_1_SB_SampleID_220",709744.820007332,6937092.74000767,1982,784.896305084229,2.16666664679844,177,0.43,1,0,0,0,0,1,0,1,0,1,1,0,0,0,1,0,0,0,0,1,0,1,0,0,0,0,1,0,0,0,0,1,1,0,1,1,0,0,0,0,1,0,0,0,1,1,0,0,1,1,0,1,0,0,0,0,0,1,0,0,0,1,0,1,0,0,0,1,0,0,1,1,1,0,0,1,0,0,0,1,0,0,0,1,0,0,1,1,0,0,0,1,0,1,1,0,0
"birds_dec_1_SB_SampleID_221",709744.820006986,6937092.74000659,1984,840.527411460876,3.01666671037674,163,0.2475,0,0,0,0,0,0,0,1,0,0,1,1,0,0,1,0,0,0,0,0,0,1,0,1,0,0,1,0,0,0,0,1,1,0,1,1,1,0,1,0,1,0,0,0,1,1,1,0,0,1,0,1,0,0,0,0,0,1,0,0,0,1,1,1,0,0,0,1,0,0,0,1,1,0,0,1,0,0,0,1,0,0,0,1,0,1,0,1,1,0,0,1,0,1,1,1,0
"birds_dec_1_SB_SampleID_222",629777.010008135,6947088.40000323,1983,846.30574131012,3.05833327770233,173,0.31,0,0,0,0,0,0,0,0,1,0,1,0,0,0,0,0,0,1,0,1,0,1,0,1,1,0,1,0,0,1,1,1,1,0,1,1,0,1,1,0,0,0,1,0,1,1,0,0,1,0,0,1,0,1,0,1,0,1,0,0,0,1,0,1,1,0,0,1,0,1,1,1,1,0,1,0,0,1,0,1,0,1,1,1,0,1,0,0,1,0,0,1,0,1,1,1,1
"birds_dec_1_SB_SampleID_223",629777.010004063,6947088.4000065,1984,793.868741989136,3.4750000933806,160,0.2475,0,0,0,0,0,0,0,0,1,0,1,0,0,0,1,0,0,1,0,1,0,1,0,1,0,0,1,0,0,1,1,1,1,0,1,0,0,1,0,0,1,0,0,0,1,1,0,0,1,1,0,1,0,1,0,0,0,1,0,0,0,1,1,1,1,0,0,1,0,0,1,1,1,0,0,0,0,0,0,1,0,1,0,1,0,0,0,0,1,0,0,1,0,1,1,0,1
"birds_dec_1_SB_SampleID_224",629777.010003805,6947088.40000585,1985,830.032110214234,0.391666665673242,194,-0.183333333333333,0,0,0,0,0,0,0,0,1,0,1,0,0,0,1,0,0,0,0,1,0,1,0,1,0,0,1,0,0,1,1,1,1,0,1,1,0,0,0,0,0,0,0,0,1,1,1,0,1,0,1,1,0,1,0,1,0,1,0,0,0,0,1,1,1,0,0,1,0,1,1,1,1,0,0,1,0,0,0,1,0,0,0,1,0,1,0,1,1,0,0,1,0,1,1,0,0
"birds_dec_1_SB_SampleID_225",629777.010005782,6947088.40000166,1986,698.506820678711,2.05833332737286,283,0.503333333333333,0,0,0,0,0,1,0,0,1,0,1,0,0,0,0,0,0,1,1,1,0,1,0,1,0,0,1,0,0,1,1,1,0,0,1,0,0,1,0,0,0,0,0,0,0,1,0,0,1,1,1,1,0,1,0,1,0,1,0,0,0,1,1,1,1,0,0,1,0,1,1,1,1,0,0,0,0,0,0,1,0,0,1,1,0,0,0,0,0,0,0,1,0,1,1,1,0
"birds_dec_1_SB_SampleID_226",629777.01000401,6947088.400007,1987,997.001236915588,0.224999969204262,177,-0.1225,0,0,0,0,0,0,0,0,1,0,1,0,0,0,0,1,0,1,0,0,0,1,0,0,0,0,1,0,0,1,1,1,1,0,1,1,0,0,0,0,0,0,1,0,1,1,1,0,0,0,0,1,0,1,0,0,0,1,0,0,0,1,0,1,1,0,0,1,0,1,1,1,1,1,0,0,0,0,0,1,0,0,0,1,0,1,0,0,1,0,0,1,0,1,1,0,0
"birds_dec_1_SB_SampleID_227",529817.180007897,6967079.96000161,1983,927.430255413056,3.40833338101705,170,0.31,0,0,0,0,0,0,0,0,0,0,1,0,0,0,0,0,0,0,0,0,0,1,0,1,0,0,1,0,0,0,0,0,0,0,0,0,1,0,0,0,0,0,1,0,0,0,0,0,0,1,1,1,0,0,1,0,0,0,0,0,0,0,0,1,0,0,0,0,0,0,0,0,0,0,1,0,0,0,0,0,0,0,0,1,1,0,0,0,0,0,0,0,0,0,0,0,0
"birds_dec_1_SB_SampleID_228",649768.880004412,6967080.42000415,1983,879.434997558594,2.54166668653489,176,0.31,0,0,0,0,0,0,0,1,0,0,1,1,0,0,1,0,0,1,1,0,0,1,0,1,0,0,1,0,0,1,0,1,1,0,1,0,1,1,0,0,1,0,1,0,1,1,1,0,0,1,0,1,0,0,0,1,0,1,0,0,0,1,1,1,0,0,0,1,0,1,1,1,1,0,0,1,1,1,1,1,0,0,0,1,0,1,1,1,1,0,1,1,1,1,1,1,0
"birds_dec_1_SB_SampleID_229",649768.880001341,6967080.4200017,1984,808.230743408204,3.03333338101706,163,0.2475,0,0,0,0,0,0,0,1,0,0,1,0,1,0,1,0,0,1,1,0,0,1,0,1,0,0,1,0,0,0,0,1,1,0,1,1,1,1,0,0,1,1,0,0,1,1,0,0,0,1,0,1,0,0,0,0,0,1,0,0,0,1,1,1,0,0,0,1,0,1,1,1,1,0,1,1,0,0,0,1,0,0,0,1,1,1,1,1,1,0,1,1,0,1,1,1,0
"birds_dec_1_SB_SampleID_230",649768.880001698,6967080.42000489,1985,817.730937004089,-0.0749999781449657,194,-0.183333333333333,0,0,0,0,0,0,0,0,0,0,1,1,0,0,0,0,0,1,0,1,0,1,1,1,0,0,1,0,0,1,0,1,1,0,1,1,1,0,0,0,0,0,0,0,1,1,0,0,1,1,0,1,0,0,0,0,0,1,0,0,0,1,1,1,0,0,0,1,0,1,1,1,1,0,1,1,1,1,0,1,0,0,0,1,1,1,1,1,1,0,0,1,0,1,0,1,0
"birds_dec_1_SB_SampleID_231",649768.880007194,6967080.42000776,1986,749.316168785095,1.54999995231628,120,0.503333333333333,1,0,0,0,0,0,0,0,0,0,1,1,0,0,1,0,0,0,1,1,0,1,0,1,0,0,1,0,0,1,0,1,1,0,1,1,1,1,0,0,1,1,0,0,1,1,0,0,1,1,0,1,0,0,0,1,0,1,0,0,0,1,1,1,0,0,0,1,0,1,1,1,1,0,1,1,0,0,0,1,0,0,0,1,0,1,1,1,1,0,1,1,0,1,0,1,0
"birds_dec_1_SB_SampleID_232",649768.88000877,6967080.42000808,1987,960.30459022522,-0.191666809842003,182,-0.1225,0,0,0,0,0,1,0,1,0,0,1,1,0,0,0,0,0,1,0,1,0,1,0,1,0,0,1,0,1,1,0,1,1,0,1,0,1,0,1,0,1,0,0,0,1,1,0,0,1,1,0,1,0,0,0,0,0,1,0,0,0,1,1,1,0,0,0,1,0,1,1,0,1,0,1,0,0,0,0,1,0,0,0,1,1,1,1,1,1,0,0,1,0,1,1,1,0
"birds_dec_1_SB_SampleID_233",699748.730001808,6967080.61000598,1987,925.387371063232,-0.225000039984792,182,-0.1225,0,0,0,0,0,0,0,0,0,1,1,0,0,0,0,0,0,1,0,0,0,0,0,1,0,0,1,0,1,1,0,1,0,0,1,0,0,0,1,0,0,0,0,0,1,0,0,0,0,1,1,1,0,0,1,0,0,1,0,0,0,1,0,1,0,0,1,1,0,1,0,0,1,0,0,0,0,0,0,1,0,0,0,1,0,0,1,1,0,0,0,1,0,1,0,0,0
"birds_dec_1_SB_SampleID_234",569801.05000883,6977076.09000553,1978,620.663790583611,0.79166659961143,182,0.3175,0,0,0,0,0,1,0,0,0,0,1,0,0,0,1,0,0,1,0,1,0,1,1,1,0,1,0,0,0,1,0,1,1,0,1,1,0,1,0,0,1,0,0,0,1,1,0,0,1,1,1,1,0,1,0,0,0,1,0,0,0,0,1,1,1,0,0,1,0,1,1,1,1,0,1,1,1,1,0,1,0,1,0,1,0,1,0,0,1,0,1,1,1,1,1,0,0
"birds_dec_1_SB_SampleID_235",579797.020003803,6977076.13000284,1978,623.190892100334,0.691666598121329,182,0.3175,0,0,0,0,0,1,0,0,1,0,1,0,1,0,1,0,0,1,0,1,0,1,1,0,0,0,1,0,0,1,0,1,0,0,1,0,1,0,0,0,1,0,0,0,0,1,0,0,1,1,1,1,0,0,0,1,0,1,0,0,0,0,1,1,1,0,0,1,0,1,1,1,1,0,1,1,1,0,1,1,0,1,0,1,0,1,0,0,1,0,1,1,1,1,1,0,0
"birds_dec_1_SB_SampleID_236",579797.020004453,6977076.13000296,1979,689.734773635864,2.44999998807907,192,0.135,1,0,0,0,0,1,0,0,1,0,1,0,1,0,0,0,0,1,0,1,0,1,1,1,0,0,1,0,0,1,0,1,1,0,1,1,1,1,0,0,0,1,0,0,0,1,0,0,0,1,0,1,0,1,1,0,0,1,0,0,0,0,1,1,1,0,0,1,0,1,1,1,1,0,1,1,0,1,1,1,0,1,0,1,0,0,0,0,0,0,1,1,1,1,1,0,0
"birds_dec_1_SB_SampleID_237",579797.020002162,6977076.13000621,1980,836.368550300598,1.78333324193954,189,-0.4125,0,0,0,0,0,0,0,0,1,0,1,0,0,0,1,0,0,1,0,1,0,1,1,0,0,1,0,0,0,1,0,1,1,0,1,1,1,1,0,0,1,1,0,0,0,0,0,0,0,1,1,1,0,1,0,0,0,1,0,0,0,0,1,1,1,0,0,1,0,1,1,1,1,0,1,1,1,0,1,1,0,0,0,1,0,1,0,0,1,0,0,1,1,1,1,0,0
"birds_dec_1_SB_SampleID_238",579797.020009092,6977076.13000567,1981,974.195373535156,2.20833334513009,198,-0.2125,0,0,0,1,0,1,0,0,1,0,1,0,0,0,1,0,0,1,0,1,0,1,1,1,0,1,1,0,0,1,0,1,1,0,1,1,0,1,0,0,1,1,0,0,1,0,0,0,1,0,0,1,0,1,1,0,0,1,0,0,1,1,1,1,1,0,0,1,0,1,1,1,1,0,1,0,1,1,0,1,0,1,0,1,0,1,0,0,0,0,1,1,1,1,1,0,0
"birds_dec_1_SB_SampleID_239",579797.020008701,6977076.13000825,1982,776.096552848816,2.43333322803179,180,0.43,1,0,0,0,0,1,0,0,1,0,1,0,0,0,1,0,0,1,0,1,0,1,1,1,0,0,1,0,0,1,1,1,1,0,1,1,1,0,0,0,1,1,1,0,1,1,0,0,1,1,0,1,0,1,0,0,0,1,0,0,0,1,1,1,1,0,0,1,0,1,1,1,1,0,0,1,1,0,1,1,0,0,1,1,0,1,0,0,1,0,0,1,1,1,1,0,0
"birds_dec_1_SB_SampleID_240",579797.02000801,6977076.13000162,1983,937.088242530823,2.85833326975504,175,0.31,0,0,0,0,0,1,0,0,1,0,1,0,0,0,0,0,0,1,0,1,0,1,1,1,0,1,1,0,0,1,0,1,1,0,1,0,1,1,1,0,1,0,0,0,0,1,0,1,1,1,0,1,0,1,0,0,0,1,1,0,0,0,1,1,1,0,0,1,0,1,1,1,1,0,0,1,1,0,0,1,0,0,0,1,0,1,0,0,1,0,0,1,1,1,1,0,0
"birds_dec_1_SB_SampleID_241",579797.020005797,6977076.13000731,1984,784.488971710205,3.2833333313465,165,0.2475,0,0,0,1,0,0,0,0,1,0,1,0,0,0,1,0,0,1,0,1,0,1,1,1,0,1,1,0,0,1,0,1,1,0,1,1,0,1,0,0,1,0,0,0,0,1,0,1,0,0,1,1,0,1,1,0,0,1,1,0,0,1,1,1,1,0,0,0,0,1,1,1,1,0,0,1,0,0,0,1,0,0,1,1,0,1,0,0,1,0,1,1,1,1,1,0,0
"birds_dec_1_SB_SampleID_242",579797.020008028,6977076.13000756,1985,855.306963920593,0.208333348234493,191,-0.183333333333333,0,0,0,0,0,0,0,0,1,0,1,0,0,0,0,1,0,1,1,1,0,1,1,0,0,1,1,0,0,1,0,1,1,0,1,1,1,1,1,0,1,0,0,0,1,1,0,0,1,0,0,1,0,1,0,0,0,1,0,0,0,0,1,1,1,0,0,1,0,1,1,1,1,0,0,1,1,0,0,1,1,0,1,1,0,1,0,0,1,0,0,1,1,1,1,0,0
"birds_dec_1_SB_SampleID_243",579797.020005623,6977076.13000832,1986,801.289068698884,1.92500005662441,288,0.503333333333333,0,0,0,0,0,1,0,0,1,0,1,0,0,0,1,0,0,1,0,1,0,1,1,1,0,1,1,0,0,1,0,1,1,0,1,0,0,1,0,0,1,0,0,0,0,1,0,0,1,1,0,1,0,1,0,0,0,1,0,0,0,1,1,1,1,0,0,1,0,1,1,1,1,0,1,1,0,0,0,1,0,0,1,1,0,1,0,1,1,0,0,1,1,1,1,0,0
"birds_dec_1_SB_SampleID_244",579797.020007082,6977076.13000277,1987,968.569627761842,0.175000024338573,182,-0.1225,0,0,0,1,0,0,0,0,1,0,1,0,0,0,0,1,0,1,0,1,0,1,1,1,0,1,1,0,0,1,0,1,1,0,1,1,0,1,0,0,1,0,0,0,1,1,0,0,0,1,0,1,0,1,0,0,0,1,0,0,0,1,1,1,1,0,0,1,0,1,1,1,1,0,1,0,0,1,0,1,0,0,1,1,0,1,0,0,1,0,0,1,1,1,1,0,1
"birds_dec_1_SB_SampleID_245",519821.130000131,6987071.88000546,1984,745.223739624023,3.62499999006589,159,0.2475,0,0,0,0,0,1,0,0,1,0,1,0,0,0,1,0,0,1,0,1,0,0,1,1,0,0,0,0,0,1,1,1,1,0,1,0,0,1,0,0,0,0,1,0,1,1,0,0,0,0,0,1,0,1,0,0,0,1,0,0,0,1,1,1,1,0,0,1,0,1,1,1,1,0,0,0,0,0,0,1,0,0,1,1,0,0,0,0,1,0,1,1,1,1,1,0,1
"birds_dec_1_SB_SampleID_246",519821.130005452,6987071.88000204,1985,721.591781616211,0.566666548450786,175,-0.183333333333333,0,1,0,0,0,0,0,0,1,0,1,0,0,0,0,0,0,1,0,1,0,1,1,1,0,1,1,0,0,1,1,1,1,0,1,1,0,1,0,0,1,0,0,0,1,1,0,0,1,1,0,1,0,1,0,0,0,1,1,0,0,1,1,1,1,0,0,1,0,1,1,1,1,1,1,0,1,0,1,1,0,0,0,1,0,0,0,0,1,0,0,1,0,1,1,1,1
"birds_dec_1_SB_SampleID_247",519821.130000353,6987071.88000016,1986,706.461313247681,2.31666676700116,115,0.503333333333333,0,0,0,0,0,1,0,0,1,0,1,0,0,0,1,0,0,1,0,1,0,1,1,1,0,1,1,0,0,1,1,1,1,0,1,1,0,0,0,0,1,0,0,0,1,1,0,1,0,1,1,1,0,1,0,0,0,1,1,0,0,1,1,1,1,0,0,1,0,1,1,1,0,0,0,0,0,1,0,1,1,1,1,1,0,1,0,1,0,0,1,1,1,1,1,0,1
"birds_dec_1_SB_SampleID_248",519821.130007946,6987071.88000771,1987,784.663289070129,0.608333374063179,169,-0.1225,0,0,0,0,0,0,0,0,1,0,1,0,0,0,1,0,0,0,0,1,0,1,0,1,0,0,1,0,0,1,1,1,0,0,1,0,0,1,0,0,0,0,0,0,1,1,0,0,1,1,0,1,0,1,0,0,0,1,1,0,0,0,0,1,1,0,0,1,0,1,1,1,1,0,1,0,0,0,0,1,0,0,1,1,0,1,1,0,1,0,1,1,0,1,1,0,1
"birds_dec_1_SB_SampleID_249",529817.110000923,6987071.92000164,1986,745.469724655151,2.1499999910593,116,0.503333333333333,0,0,0,0,0,0,0,1,0,0,1,0,0,0,0,0,0,1,0,0,0,1,1,1,0,0,0,0,0,1,0,1,1,0,1,0,0,0,0,0,0,0,0,0,0,0,0,0,1,1,0,1,0,1,0,0,0,1,0,0,0,0,0,1,0,0,0,1,0,1,1,1,1,0,0,0,0,0,0,1,0,0,1,1,0,1,0,0,1,0,0,1,0,1,1,0,1
"birds_dec_1_SB_SampleID_250",529817.110004141,6987071.9200064,1987,823.578860282897,0.500000064571703,170,-0.1225,0,0,0,0,0,1,0,0,0,0,1,0,0,0,0,1,0,1,0,1,0,0,0,1,0,0,1,0,0,1,0,1,1,0,1,0,1,0,0,0,0,0,0,0,0,0,0,0,0,1,0,1,0,1,0,0,0,1,0,0,0,0,0,1,1,0,0,0,0,1,1,0,1,1,1,0,0,0,0,1,0,0,0,1,1,1,0,0,1,0,1,1,1,1,1,0,0
"birds_dec_1_SB_SampleID_251",539813.080004186,6987071.95000032,1987,820.711612701416,0.574999993046121,171,-0.1225,0,0,0,0,0,1,0,0,0,0,1,0,0,0,0,0,0,1,0,1,0,0,0,1,0,1,1,0,0,1,1,0,1,0,1,1,0,0,0,0,1,1,0,0,0,0,0,0,1,1,1,1,0,1,0,0,0,0,1,0,0,1,0,1,1,0,0,1,0,1,1,0,1,1,1,0,1,0,0,1,0,0,0,1,0,0,0,0,0,0,0,1,0,1,1,0,0
"birds_dec_1_SB_SampleID_252",569801.010006861,6987072.0700032,1979,670.344431877136,2.48333334426084,192,0.135,1,0,0,0,0,1,0,0,1,0,1,0,0,0,0,0,0,1,0,1,0,1,1,1,0,1,1,0,0,1,0,1,1,0,1,1,1,1,0,0,1,1,1,0,0,1,0,0,1,1,0,1,0,1,1,0,0,1,1,0,0,0,1,1,1,0,0,1,0,1,1,1,1,0,1,1,0,1,0,1,0,1,1,1,0,1,0,0,1,0,0,1,1,1,1,0,0
"birds_dec_1_SB_SampleID_253",569801.010009672,6987072.07000856,1980,813.61262512207,1.76666651169459,189,-0.4125,0,0,0,0,0,1,0,0,1,0,1,1,0,0,0,0,0,1,1,1,0,0,1,1,0,1,1,0,0,1,0,1,1,0,1,0,0,1,0,0,1,0,0,0,0,0,0,0,0,1,0,1,0,0,0,0,0,1,0,0,0,0,0,1,1,0,0,1,0,1,1,1,0,0,1,1,1,1,0,1,0,1,0,1,1,1,0,0,1,0,1,1,1,1,1,0,0
"birds_dec_1_SB_SampleID_254",569801.010009139,6987072.07000875,1981,938.465740203857,2.19166661488514,197,-0.2125,1,0,0,0,0,1,0,0,0,0,1,0,0,0,0,0,0,1,0,1,0,1,1,0,0,0,0,0,0,1,0,1,1,0,1,0,0,0,0,0,1,0,0,0,0,0,0,1,1,1,0,1,0,0,0,1,0,1,0,0,0,0,0,1,1,0,0,1,0,1,0,1,0,0,1,0,0,0,0,1,0,0,0,1,0,1,0,0,0,0,0,1,1,1,1,0,0
"birds_dec_1_SB_SampleID_255",569801.010000159,6987072.07000937,1982,747.795216560364,2.46666676799457,178,0.43,0,0,0,0,0,1,0,0,0,0,1,0,0,0,0,0,0,1,0,0,0,1,1,1,0,1,0,0,0,1,0,1,0,0,1,0,0,0,0,0,1,0,0,0,0,1,0,0,0,0,0,1,0,0,1,0,0,1,0,0,0,1,1,1,1,0,0,1,0,1,1,1,1,0,1,1,0,0,0,1,0,0,0,1,0,1,0,0,1,0,0,1,1,1,1,0,0
"birds_dec_1_SB_SampleID_256",569801.010008569,6987072.07000978,1983,931.029020309448,2.87499992052714,175,0.31,0,0,0,1,0,1,0,0,0,0,1,0,0,0,1,0,0,1,0,1,0,1,1,0,0,0,1,0,0,1,0,1,1,0,1,0,1,0,0,0,1,0,1,0,0,1,0,0,1,1,0,1,0,0,0,0,0,1,0,0,0,1,1,1,1,0,0,1,0,1,1,1,1,0,1,1,0,0,0,1,0,0,0,1,0,0,0,0,0,0,1,1,1,1,1,0,0
"birds_dec_1_SB_SampleID_257",569801.010000318,6987072.07000791,1984,782.47721862793,3.34999998410542,164,0.2475,0,0,0,1,0,1,0,0,0,0,1,0,0,0,0,0,0,1,0,1,0,1,1,0,0,1,1,0,0,1,0,1,1,0,1,0,0,0,0,0,1,0,1,0,0,1,0,0,1,1,0,1,0,0,0,0,0,1,0,0,0,1,1,1,1,0,0,1,0,1,1,1,0,0,1,0,0,1,0,1,0,0,1,1,1,1,0,0,1,0,0,1,1,1,1,0,0
"birds_dec_1_SB_SampleID_258",569801.010001029,6987072.07000233,1985,838.110849380493,0.233333284656203,191,-0.183333333333333,0,0,1,0,0,0,0,0,1,0,1,0,1,0,1,0,0,1,0,1,0,1,1,1,0,1,0,0,0,1,0,1,1,1,1,0,0,0,0,0,1,1,0,0,0,1,0,0,1,1,0,1,0,0,0,0,0,1,0,0,0,1,1,1,1,0,0,1,0,1,1,1,1,0,0,1,0,0,0,1,0,0,1,1,0,1,0,0,0,0,0,1,1,1,1,0,0
"birds_dec_1_SB_SampleID_259",569801.010002203,6987072.07000587,1986,826.181596279144,1.96666664381822,283,0.503333333333333,0,0,1,0,0,1,0,0,0,0,1,0,0,0,1,0,0,1,0,0,0,1,1,1,0,1,1,0,0,1,0,1,1,0,1,0,0,0,0,0,1,0,0,0,0,1,1,0,1,0,0,1,0,0,0,0,0,1,1,0,0,1,1,1,1,0,0,1,0,1,1,1,1,0,1,1,0,0,0,1,0,0,1,1,1,1,0,0,1,0,1,1,0,1,1,0,0
"birds_dec_1_SB_SampleID_260",499829.140005768,6997067.7800081,1979,726.203186035156,2.41666666169962,172,0.135,1,0,0,0,0,1,0,0,1,0,1,1,0,0,1,0,0,1,0,1,0,1,0,1,0,1,1,0,0,1,0,1,1,0,1,1,0,0,0,0,1,0,1,0,1,1,0,0,0,1,1,1,0,0,0,0,0,1,1,0,0,1,1,1,1,0,0,1,0,1,1,1,1,0,0,1,1,1,0,1,0,1,0,1,0,1,0,0,1,0,0,1,1,1,1,0,0
"birds_dec_1_SB_SampleID_261",529817.070004748,6997067.89000442,1984,777.814443588257,3.3666666050752,158,0.2475,0,0,0,0,0,1,0,0,1,0,1,0,0,0,0,0,0,1,0,1,0,0,0,1,0,0,0,0,0,1,0,1,0,0,1,1,0,0,0,0,1,0,0,0,0,1,0,0,1,0,1,1,0,1,0,0,0,1,0,0,0,0,1,1,1,0,0,1,0,1,1,1,0,0,1,0,1,0,0,1,0,1,0,1,1,1,0,0,1,0,0,1,0,1,1,0,1
"birds_dec_1_SB_SampleID_262",529817.070001264,6997067.89000643,1985,737.74271774292,0.316666692495348,181,-0.183333333333333,0,0,0,0,0,0,0,0,1,0,1,0,0,0,0,0,0,1,0,1,0,0,0,1,0,1,0,0,0,1,1,1,0,0,1,0,1,0,0,0,1,0,0,0,0,1,0,0,1,0,1,1,0,1,0,0,0,1,0,0,0,1,1,1,1,0,0,1,0,1,1,1,0,0,0,0,0,0,0,1,0,0,0,1,0,1,0,0,1,0,0,1,0,1,0,0,1
"birds_dec_1_SB_SampleID_263",529817.070003556,6997067.8900091,1986,780.159859657288,2.00833319624265,118,0.503333333333333,0,0,0,0,0,0,0,0,1,0,1,0,0,0,0,0,0,1,0,1,0,1,1,1,0,0,1,0,0,1,1,1,0,0,1,0,0,1,0,0,1,0,0,0,0,1,0,0,1,1,1,1,0,1,0,0,0,1,0,0,0,1,1,1,1,0,0,1,0,1,1,1,0,0,1,0,1,1,0,1,0,0,0,1,1,0,0,0,0,0,0,1,0,1,1,0,1
"birds_dec_1_SB_SampleID_264",529817.070003707,6997067.89000944,1987,812.907216072082,0.350000033775973,172,-0.1225,0,1,0,0,0,0,0,0,1,0,1,0,0,0,0,0,0,1,0,1,0,0,1,1,0,0,1,0,0,1,1,1,1,0,1,0,0,1,0,0,1,0,0,0,0,1,0,0,1,1,1,1,0,1,0,0,0,1,0,0,0,0,1,1,1,0,0,1,0,1,1,0,1,0,1,0,0,0,0,1,0,0,1,1,0,1,0,1,0,0,0,1,1,1,1,0,1
"birds_dec_1_SB_SampleID_265",539813.04000128,6997067.93000318,1987,824.891595840454,0.31666660308839,173,-0.1225,0,0,0,0,0,0,0,0,1,0,1,0,0,0,0,0,0,0,0,1,0,0,0,1,0,1,0,0,0,1,1,1,1,0,1,0,1,0,0,0,1,1,0,0,0,0,0,0,0,0,1,0,0,1,0,0,0,1,1,0,0,1,0,1,1,0,0,1,0,1,1,0,1,1,1,0,1,0,0,1,0,0,0,1,0,0,0,0,0,0,0,1,0,1,1,0,1
"birds_dec_1_SB_SampleID_266",239933.560003819,7007062.77000955,1987,554.585331916809,1.50833329558372,158,-0.1225,0,0,1,0,0,1,0,1,1,1,1,1,0,0,1,1,0,1,0,1,1,0,1,1,0,0,1,0,1,1,1,1,1,0,1,0,0,1,0,0,1,0,0,0,1,0,0,1,1,1,0,1,0,1,0,0,0,1,1,0,0,0,1,1,1,0,0,1,0,1,1,0,1,0,1,0,1,0,1,1,0,0,1,1,0,1,0,0,1,0,0,1,1,1,1,0,1
"birds_dec_1_SB_SampleID_267",649768.730002336,7007064.31000371,1978,588.437106132507,0.425000041723251,177,0.3175,0,0,0,1,0,0,0,0,1,0,1,0,0,0,0,0,0,1,0,1,0,1,1,1,0,1,1,0,0,1,0,1,1,0,1,0,0,0,1,0,1,1,0,0,1,1,0,0,1,1,0,1,0,1,1,0,0,1,1,0,0,1,1,1,1,0,0,1,0,1,1,1,1,0,1,1,0,1,1,1,0,1,0,1,0,1,0,0,0,0,0,1,1,1,1,0,0
"birds_dec_1_SB_SampleID_268",649768.730007137,7007064.31000881,1979,663.489615440368,2.20000003774961,197,0.135,1,0,0,1,0,0,0,0,1,0,1,0,0,0,0,0,0,1,0,1,0,1,1,1,0,1,1,0,0,1,1,1,1,0,1,1,1,1,0,0,1,1,0,0,1,1,0,1,0,1,0,1,0,1,1,0,0,1,1,0,0,1,1,1,1,0,0,1,0,1,1,1,1,0,1,1,0,0,1,1,0,1,0,1,0,1,0,0,0,0,1,1,0,1,1,0,0
"birds_dec_1_SB_SampleID_269",649768.730007908,7007064.31000301,1983,870.424060821533,2.6250001390775,175,0.31,0,0,0,1,0,1,0,0,1,0,1,0,0,0,0,0,0,1,1,1,0,1,1,1,0,0,1,0,0,1,0,1,1,0,1,0,0,1,1,0,1,0,1,0,0,1,0,0,0,1,0,0,0,1,0,0,0,1,1,0,0,1,1,1,1,0,0,1,0,1,1,1,1,0,1,0,0,0,1,1,0,0,1,1,0,1,0,1,0,0,1,1,1,1,1,0,0
"birds_dec_1_SB_SampleID_270",649768.730008831,7007064.31000833,1984,739.910814285279,3.21666661898294,162,0.2475,0,0,0,0,0,1,0,0,1,0,1,0,0,0,0,0,0,1,0,1,0,1,1,1,0,0,1,0,0,1,0,1,1,0,1,0,0,0,0,0,1,1,1,0,1,1,0,0,1,1,0,1,0,1,0,0,0,1,1,0,0,1,1,1,1,0,0,1,0,1,0,1,1,0,1,0,0,0,1,1,0,0,0,1,1,1,0,0,1,0,1,1,0,1,1,0,0
"birds_dec_1_SB_SampleID_271",649768.730008501,7007064.31000096,1985,789.741184234619,-0.0499999374151083,185,-0.183333333333333,0,0,0,0,0,0,0,0,0,0,1,0,1,0,0,0,0,1,0,1,0,1,1,1,0,0,1,0,0,1,0,1,1,0,1,0,1,1,1,0,1,1,1,0,0,1,0,0,0,1,0,0,0,1,0,1,0,1,1,0,0,1,1,1,1,0,0,1,0,1,1,1,1,0,1,0,0,0,0,1,0,0,0,1,0,1,0,0,1,0,0,1,0,1,1,0,0
"birds_dec_1_SB_SampleID_272",519820.910000698,7047047.74000384,1987,741.025623321533,0.0666667073965101,173,-0.1225,0,0,0,0,0,1,0,0,1,1,1,0,0,0,0,0,0,1,0,1,0,0,1,1,0,0,1,0,0,1,1,1,1,0,1,0,0,0,0,0,1,0,0,0,0,0,0,0,0,1,1,1,0,1,1,0,0,1,0,0,0,0,1,1,1,0,0,1,0,1,1,1,0,0,1,0,1,0,0,1,0,1,0,1,0,0,0,0,0,0,0,1,0,1,1,0,1
